period,draw_date,n1,n2,n3,n4,n5,n6,special,source_id
03/001,2003-01-02,5,6,16,23,26,27,46,2003001N
03/002,2003-01-07,9,10,12,26,38,43,15,2003002N
03/003,2003-01-09,8,17,21,22,23,49,24,2003003N
03/004,2003-01-14,7,11,13,28,32,33,20,2003004N
03/005,2003-01-16,2,34,36,39,40,42,29,2003005N
03/006,2003-01-21,16,20,21,43,44,49,6,2003006N
03/007,2003-01-23,6,14,23,27,36,38,49,2003007N
03/008,2003-01-28,5,10,25,30,41,46,48,2003008N
03/009,2003-01-30,4,5,6,7,8,28,23,2003009N
03/010,2003-02-04,7,12,20,27,28,43,46,2003010N
03/011,2003-02-06,4,11,18,26,31,46,16,2003011N
03/012,2003-02-11,11,22,23,28,38,40,29,2003012N
03/013,2003-02-13,4,8,12,24,39,40,18,2003013N
03/014,2003-02-18,10,16,19,20,40,49,24,2003014N
03/015,2003-02-20,1,13,16,24,41,48,35,2003015N
03/016,2003-02-25,13,19,23,28,42,45,15,2003016N
03/017,2003-02-27,4,9,12,21,25,34,36,2003017N
03/018,2003-03-04,9,32,33,38,42,44,43,2003018N
03/019,2003-03-06,15,20,35,40,45,48,30,2003019N
03/020,2003-03-11,10,20,22,31,35,39,17,2003020N
03/021,2003-03-13,2,3,20,21,43,49,32,2003021N
03/022,2003-03-18,8,10,22,23,24,35,33,2003022N
03/023,2003-03-20,13,14,21,23,39,42,36,2003023N
03/024,2003-03-25,13,23,28,30,34,42,20,2003024N
03/025,2003-03-27,9,21,22,26,37,48,35,2003025N
03/026,2003-04-01,12,17,30,40,43,48,18,2003026N
03/027,2003-04-03,21,29,32,38,41,43,7,2003027N
03/028,2003-04-08,6,11,13,24,40,47,42,2003028N
03/029,2003-04-10,7,11,13,23,31,33,28,2003029N
03/030,2003-04-15,9,15,27,28,37,39,33,2003030N
03/031,2003-04-17,12,18,26,34,38,45,43,2003031N
03/032,2003-04-22,7,14,26,27,31,36,43,2003032N
03/033,2003-04-24,11,14,17,20,42,47,27,2003033N
03/034,2003-04-29,19,30,37,41,47,49,3,2003034N
03/035,2003-05-02,3,8,10,19,31,35,36,2003035N
03/036,2003-05-06,7,19,30,34,37,44,48,2003036N
03/037,2003-05-09,11,20,23,29,32,33,35,2003037N
03/038,2003-05-13,9,17,20,29,34,35,18,2003038N
03/039,2003-05-15,8,29,31,32,36,38,12,2003039N
03/040,2003-05-20,6,28,39,40,43,45,42,2003040N
03/041,2003-05-22,8,14,17,23,28,43,26,2003041N
03/042,2003-05-27,1,27,28,29,31,49,6,2003042N
03/043,2003-05-29,13,16,19,31,39,47,29,2003043N
03/044,2003-06-03,2,12,21,37,47,49,11,2003044N
03/045,2003-06-05,9,27,30,33,44,48,37,2003045N
03/046,2003-06-10,10,19,26,30,32,44,29,2003046N
03/047,2003-06-12,3,14,27,31,38,44,26,2003047N
03/048,2003-06-17,3,11,18,22,24,37,49,2003048N
03/049,2003-06-19,3,4,10,24,26,47,12,2003049N
03/050,2003-06-24,2,10,21,22,37,44,47,2003050N
03/051,2003-06-26,7,9,26,29,37,40,11,2003051N
03/052,2003-06-30,14,16,18,32,44,47,2,2003052N
03/053,2003-07-03,5,6,12,20,39,47,38,2003053N
03/054,2003-07-05,1,12,13,16,36,46,49,2003054N
03/055,2003-07-08,1,6,15,21,23,33,30,2003055N
03/056,2003-07-10,24,28,29,30,42,49,47,2003056N
03/057,2003-07-12,14,17,28,31,37,43,39,2003057N
03/058,2003-07-15,1,4,5,7,9,27,21,2003058N
03/059,2003-07-17,12,16,21,24,30,39,7,2003059N
03/060,2003-07-19,5,7,10,23,31,34,38,2003060N
03/061,2003-07-22,2,6,9,14,17,29,22,2003061N
03/062,2003-07-24,18,24,26,29,30,46,39,2003062N
03/063,2003-07-26,12,14,25,30,34,35,23,2003063N
03/064,2003-07-29,2,5,6,11,20,34,32,2003064N
03/065,2003-07-31,5,15,17,18,24,47,7,2003065N
03/066,2003-08-02,16,29,31,33,36,38,4,2003066N
03/067,2003-08-05,2,22,39,41,42,45,26,2003067N
03/068,2003-08-07,2,12,17,31,37,40,1,2003068N
03/069,2003-08-09,16,17,26,28,40,42,44,2003069N
03/070,2003-08-12,6,9,18,26,33,38,29,2003070N
03/071,2003-08-14,2,11,17,18,20,27,10,2003071N
03/072,2003-08-16,2,3,6,8,25,39,38,2003072N
03/073,2003-08-19,13,16,20,30,36,47,24,2003073N
03/074,2003-08-21,9,10,18,21,36,45,6,2003074N
03/075,2003-08-23,8,14,31,33,36,42,34,2003075N
03/076,2003-08-26,7,10,21,25,37,39,9,2003076N
03/077,2003-08-28,5,6,27,28,36,41,47,2003077N
03/078,2003-08-30,15,16,17,22,25,28,12,2003078N
03/079,2003-09-04,1,4,17,26,38,44,11,2003079N
03/080,2003-09-09,7,12,21,28,31,41,3,2003080N
03/081,2003-09-12,1,5,21,28,35,41,38,2003081N
03/082,2003-09-16,2,4,13,43,48,49,24,2003082N
03/083,2003-09-18,4,5,14,18,28,31,24,2003083N
03/084,2003-09-20,2,3,9,13,31,43,10,2003084N
03/085,2003-09-23,2,13,20,22,39,49,41,2003085N
03/086,2003-09-25,2,7,9,40,41,42,28,2003086N
03/087,2003-09-30,10,18,24,27,28,38,21,2003087N
03/088,2003-10-02,4,7,10,15,19,39,22,2003088N
03/089,2003-10-04,8,23,31,33,41,47,38,2003089N
03/090,2003-10-07,17,28,33,38,42,47,34,2003090N
03/091,2003-10-09,19,23,31,40,44,47,3,2003091N
03/092,2003-10-14,9,16,30,31,32,37,24,2003092N
03/093,2003-10-16,6,27,36,38,43,49,40,2003093N
03/094,2003-10-18,14,20,26,39,40,42,12,2003094N
03/095,2003-10-21,24,25,35,41,44,47,38,2003095N
03/096,2003-10-23,7,10,15,21,30,43,8,2003096N
03/097,2003-10-28,7,21,25,42,47,49,1,2003097N
03/098,2003-10-30,10,11,17,19,39,45,15,2003098N
03/099,2003-11-01,4,8,12,15,23,33,36,2003099N
03/100,2003-11-03,6,9,18,22,31,41,24,2003100N
03/101,2003-11-06,5,6,14,27,28,49,42,2003101N
03/102,2003-11-11,1,4,19,28,37,49,29,2003102N
03/103,2003-11-14,25,28,29,37,44,48,43,2003103N
03/104,2003-11-18,11,14,22,24,34,48,43,2003104N
03/105,2003-11-20,18,25,31,34,35,37,5,2003105N
03/106,2003-11-25,11,13,30,39,41,48,45,2003106N
03/107,2003-11-27,7,10,15,38,45,49,22,2003107N
03/108,2003-11-29,2,3,4,14,44,46,5,2003108N
03/109,2003-12-02,8,12,18,23,41,48,19,2003109N
03/110,2003-12-04,2,3,8,19,25,39,49,2003110N
03/111,2003-12-09,10,15,20,31,35,48,14,2003111N
03/112,2003-12-11,1,14,19,22,31,35,34,2003112N
03/113,2003-12-13,6,13,22,29,33,42,11,2003113N
03/114,2003-12-16,11,13,33,36,37,48,46,2003114N
03/115,2003-12-18,23,24,31,33,42,44,27,2003115N
03/116,2003-12-23,5,17,19,34,42,48,44,2003116N
03/117,2003-12-30,1,22,36,38,39,47,27,2003117N
04/001,2004-01-03,3,31,33,36,39,49,1,2004001N
04/002,2004-01-06,7,14,17,22,29,43,36,2004002N
04/003,2004-01-08,14,26,33,39,40,43,23,2004003N
04/004,2004-01-13,30,34,39,43,48,49,6,2004004N
04/005,2004-01-15,8,9,13,31,40,48,43,2004005N
04/006,2004-01-17,3,5,19,26,32,49,1,2004006N
04/007,2004-01-20,5,6,9,28,31,32,19,2004007N
04/008,2004-01-27,10,13,18,29,40,41,4,2004008N
04/009,2004-01-29,21,22,24,27,31,42,11,2004009N
04/010,2004-01-31,1,29,30,32,41,46,8,2004010N
04/011,2004-02-03,4,10,43,45,46,48,13,2004011N
04/012,2004-02-05,12,22,29,35,43,48,38,2004012N
04/013,2004-02-10,20,22,32,37,39,44,11,2004013N
04/014,2004-02-12,9,17,21,22,31,32,4,2004014N
04/015,2004-02-14,4,13,15,28,45,49,7,2004015N
04/016,2004-02-17,7,15,20,28,38,41,37,2004016N
04/017,2004-02-19,3,6,9,14,26,40,19,2004017N
04/018,2004-02-21,7,22,24,25,40,41,1,2004018N
04/019,2004-02-24,2,3,4,8,16,18,6,2004019N
04/020,2004-02-26,1,9,14,39,45,48,3,2004020N
04/021,2004-03-02,8,20,33,36,46,49,18,2004021N
04/022,2004-03-04,1,19,20,34,42,43,15,2004022N
04/023,2004-03-06,9,10,26,31,35,41,42,2004023N
04/024,2004-03-09,10,21,26,30,31,42,48,2004024N
04/025,2004-03-11,14,23,33,35,36,43,37,2004025N
04/026,2004-03-16,7,10,18,23,37,39,17,2004026N
04/027,2004-03-18,2,3,4,25,36,47,8,2004027N
04/028,2004-03-20,6,21,28,36,44,49,32,2004028N
04/029,2004-03-23,4,5,17,20,28,39,3,2004029N
04/030,2004-03-25,7,10,13,21,22,23,35,2004030N
04/031,2004-03-30,9,11,21,27,37,45,30,2004031N
04/032,2004-04-02,11,12,13,22,26,31,10,2004032N
04/033,2004-04-06,3,7,13,25,31,33,45,2004033N
04/034,2004-04-08,1,7,13,32,37,48,26,2004034N
04/035,2004-04-10,9,12,17,42,47,49,34,2004035N
04/036,2004-04-13,1,23,24,30,47,49,42,2004036N
04/037,2004-04-15,23,31,34,43,45,47,48,2004037N
04/038,2004-04-20,6,9,12,19,22,25,17,2004038N
04/039,2004-04-22,8,32,36,39,44,46,33,2004039N
04/040,2004-04-24,24,30,39,43,44,48,23,2004040N
04/041,2004-04-27,7,11,15,29,46,49,21,2004041N
04/042,2004-04-29,4,19,26,30,31,34,37,2004042N
04/043,2004-05-04,16,21,29,37,46,47,35,2004043N
04/044,2004-05-06,8,28,33,36,38,47,2,2004044N
04/045,2004-05-11,7,11,13,22,24,37,36,2004045N
04/046,2004-05-13,9,13,21,37,40,48,12,2004046N
04/047,2004-05-15,7,8,15,27,34,49,22,2004047N
04/048,2004-05-18,10,21,23,30,43,49,3,2004048N
04/049,2004-05-20,4,18,31,40,45,47,29,2004049N
04/050,2004-05-25,14,23,27,37,40,45,39,2004050N
04/051,2004-05-27,2,16,19,24,48,49,12,2004051N
04/052,2004-05-29,3,10,20,27,40,46,9,2004052N
04/053,2004-06-01,9,27,32,38,39,43,31,2004053N
04/054,2004-06-03,13,33,37,40,41,47,48,2004054N
04/055,2004-06-05,6,8,12,29,32,40,45,2004055N
04/056,2004-06-08,7,18,28,29,37,49,12,2004056N
04/057,2004-06-11,11,16,26,42,43,48,32,2004057N
04/058,2004-06-15,3,7,13,20,36,48,47,2004058N
04/059,2004-06-17,5,9,18,21,28,32,7,2004059N
04/060,2004-06-19,28,34,38,41,46,48,36,2004060N
04/061,2004-06-24,3,5,6,11,13,40,45,2004061N
04/062,2004-06-26,7,21,23,29,33,44,9,2004062N
04/063,2004-06-29,3,7,9,14,25,44,45,2004063N
04/064,2004-07-01,11,25,32,33,37,42,31,2004064N
04/065,2004-07-03,2,16,18,35,48,49,43,2004065N
04/066,2004-07-06,9,22,37,40,42,48,26,2004066N
04/067,2004-07-08,3,6,8,13,28,36,38,2004067N
04/068,2004-07-10,1,6,7,12,36,42,34,2004068N
04/069,2004-07-13,1,3,13,18,21,35,15,2004069N
04/070,2004-07-15,6,30,31,37,38,43,24,2004070N
04/071,2004-07-17,7,9,18,32,48,49,10,2004071N
04/072,2004-07-20,6,8,12,21,32,43,25,2004072N
04/073,2004-07-22,1,6,7,8,24,42,22,2004073N
04/074,2004-07-24,10,18,22,34,36,37,15,2004074N
04/075,2004-07-27,1,2,20,34,35,43,37,2004075N
04/076,2004-07-29,1,16,26,31,35,36,38,2004076N
04/077,2004-07-31,13,14,32,40,43,48,12,2004077N
04/078,2004-08-03,7,14,27,29,37,49,9,2004078N
04/079,2004-08-05,8,13,27,39,40,45,49,2004079N
04/080,2004-08-07,8,16,27,39,40,48,14,2004080N
04/081,2004-08-10,16,17,27,44,45,47,49,2004081N
04/082,2004-08-12,19,21,22,34,48,49,42,2004082N
04/083,2004-08-14,1,5,16,22,30,34,39,2004083N
04/084,2004-08-17,27,29,30,39,40,42,47,2004084N
04/085,2004-08-19,12,19,24,27,36,44,29,2004085N
04/086,2004-08-21,14,23,26,28,36,37,40,2004086N
04/087,2004-08-24,10,14,17,30,36,45,47,2004087N
04/088,2004-08-26,2,9,19,30,36,37,41,2004088N
04/089,2004-08-28,1,30,33,42,44,48,49,2004089N
04/090,2004-08-31,5,16,17,18,23,27,10,2004090N
04/091,2004-09-02,1,5,11,22,32,45,28,2004091N
04/092,2004-09-04,15,17,18,21,28,37,40,2004092N
04/093,2004-09-07,3,4,16,19,32,45,14,2004093N
04/094,2004-09-10,20,23,27,38,40,47,33,2004094N
04/095,2004-09-14,3,7,10,21,30,36,14,2004095N
04/096,2004-09-16,11,12,18,20,27,42,16,2004096N
04/097,2004-09-18,7,20,24,30,38,41,19,2004097N
04/098,2004-09-21,1,3,30,33,35,42,12,2004098N
04/099,2004-09-24,11,14,17,30,42,46,29,2004099N
04/100,2004-09-26,7,15,17,28,40,41,10,2004100N
04/101,2004-09-28,22,28,31,36,39,49,32,2004101N
04/102,2004-09-30,12,13,14,20,23,28,22,2004102N
04/103,2004-10-02,3,13,15,39,43,44,31,2004103N
04/104,2004-10-05,4,12,14,22,46,48,23,2004104N
04/105,2004-10-07,18,19,33,43,45,48,11,2004105N
04/106,2004-10-10,4,16,24,26,32,39,6,2004106N
04/107,2004-10-12,4,6,20,35,37,39,41,2004107N
04/108,2004-10-14,7,17,27,29,30,34,36,2004108N
04/109,2004-10-16,7,12,20,33,43,44,38,2004109N
04/110,2004-10-19,5,17,21,27,31,41,6,2004110N
04/111,2004-10-21,12,27,30,31,34,48,17,2004111N
04/112,2004-10-24,11,15,24,25,26,33,42,2004112N
04/113,2004-10-26,6,24,30,43,44,45,11,2004113N
04/114,2004-10-28,1,12,26,27,36,49,21,2004114N
04/115,2004-10-31,14,21,23,30,33,37,10,2004115N
04/116,2004-11-04,7,18,19,25,42,45,41,2004116N
04/117,2004-11-07,2,13,17,33,38,42,5,2004117N
04/118,2004-11-09,2,5,12,21,30,31,6,2004118N
04/119,2004-11-11,7,9,12,13,16,33,37,2004119N
04/120,2004-11-13,7,9,22,38,39,49,48,2004120N
04/121,2004-11-16,7,15,23,30,34,41,10,2004121N
04/122,2004-11-18,3,11,12,13,26,28,31,2004122N
04/123,2004-11-20,6,26,30,34,40,43,3,2004123N
04/124,2004-11-23,10,15,16,21,25,38,24,2004124N
04/125,2004-11-25,17,19,21,35,40,49,42,2004125N
04/126,2004-11-27,9,21,28,30,34,44,10,2004126N
04/127,2004-11-30,8,21,29,31,38,42,23,2004127N
04/128,2004-12-02,3,9,10,27,31,36,26,2004128N
04/129,2004-12-05,6,10,13,24,31,46,25,2004129N
04/130,2004-12-07,16,25,26,42,44,48,20,2004130N
04/131,2004-12-09,4,28,36,43,46,49,40,2004131N
04/132,2004-12-11,3,9,31,36,37,45,19,2004132N
04/133,2004-12-14,3,19,22,25,31,48,12,2004133N
04/134,2004-12-17,6,11,14,26,46,47,40,2004134N
04/135,2004-12-19,1,24,25,32,34,39,10,2004135N
04/136,2004-12-21,2,20,36,45,48,49,21,2004136N
04/137,2004-12-23,1,10,12,16,43,45,13,2004137N
04/138,2004-12-25,2,15,28,30,37,41,31,2004138N
04/139,2004-12-28,5,9,35,38,43,48,6,2004139N
04/140,2004-12-30,17,20,28,34,38,47,14,2004140N
05/001,2005-01-02,11,18,32,36,39,43,34,2005001N
05/002,2005-01-04,4,5,6,8,20,38,35,2005002N
05/003,2005-01-06,3,6,10,14,40,42,15,2005003N
05/004,2005-01-09,10,30,38,42,45,49,27,2005004N
05/005,2005-01-11,5,6,11,25,35,40,44,2005005N
05/006,2005-01-13,16,24,27,30,42,46,17,2005006N
05/007,2005-01-15,9,10,14,16,25,49,23,2005007N
05/008,2005-01-18,5,13,18,20,21,26,11,2005008N
05/009,2005-01-20,9,13,21,28,33,46,6,2005009N
05/010,2005-01-22,5,7,13,19,35,46,24,2005010N
05/011,2005-01-25,15,20,31,34,37,48,4,2005011N
05/012,2005-01-27,3,6,7,15,26,35,40,2005012N
05/013,2005-01-29,2,9,18,19,28,33,35,2005013N
05/014,2005-02-01,9,18,23,33,44,49,29,2005014N
05/015,2005-02-04,2,19,20,33,37,48,10,2005015N
05/016,2005-02-07,9,21,36,38,43,49,23,2005016N
05/017,2005-02-10,2,8,20,21,40,41,24,2005017N
05/018,2005-02-12,11,13,16,19,25,32,26,2005018N
05/019,2005-02-15,5,8,27,28,33,46,2,2005019N
05/020,2005-02-17,8,13,16,42,45,47,33,2005020N
05/021,2005-02-19,2,18,28,42,45,49,17,2005021N
05/022,2005-02-22,2,16,20,32,35,41,24,2005022N
05/023,2005-02-24,6,22,25,39,41,49,13,2005023N
05/024,2005-02-26,1,16,36,41,42,44,18,2005024N
05/025,2005-03-01,3,7,12,25,33,35,30,2005025N
05/026,2005-03-03,2,5,25,31,40,43,22,2005026N
05/027,2005-03-06,2,10,16,35,37,45,26,2005027N
05/028,2005-03-08,4,8,17,39,47,48,1,2005028N
05/029,2005-03-10,3,7,8,24,42,49,37,2005029N
05/030,2005-03-12,3,6,8,11,28,31,19,2005030N
05/031,2005-03-15,2,6,27,44,45,49,23,2005031N
05/032,2005-03-18,2,22,25,30,44,48,46,2005032N
05/033,2005-03-20,1,9,21,35,36,47,33,2005033N
05/034,2005-03-22,2,9,10,13,15,24,19,2005034N
05/035,2005-03-24,2,10,13,22,24,25,5,2005035N
05/036,2005-03-27,2,5,10,14,29,37,3,2005036N
05/037,2005-03-29,6,9,13,21,46,47,12,2005037N
05/038,2005-03-31,2,12,14,38,39,43,48,2005038N
05/039,2005-04-02,11,12,17,22,31,43,45,2005039N
05/040,2005-04-05,10,15,25,29,34,37,13,2005040N
05/041,2005-04-07,1,5,24,25,35,49,14,2005041N
05/042,2005-04-10,3,5,14,40,46,49,6,2005042N
05/043,2005-04-12,9,10,22,23,28,36,49,2005043N
05/044,2005-04-14,12,17,33,43,45,47,10,2005044N
05/045,2005-04-17,11,15,19,29,42,49,5,2005045N
05/046,2005-04-19,4,9,22,30,33,35,13,2005046N
05/047,2005-04-21,2,3,13,14,17,38,31,2005047N
05/048,2005-04-23,3,9,27,31,38,45,34,2005048N
05/049,2005-04-26,12,13,30,36,39,47,8,2005049N
05/050,2005-04-28,2,8,22,36,38,40,5,2005050N
05/051,2005-04-30,13,16,21,30,36,37,2,2005051N
05/052,2005-05-03,2,8,16,25,33,37,1,2005052N
05/053,2005-05-05,9,20,21,22,30,48,6,2005053N
05/054,2005-05-08,7,9,10,21,39,49,41,2005054N
05/055,2005-05-10,4,11,14,20,36,41,15,2005055N
05/056,2005-05-12,2,14,16,23,35,38,47,2005056N
05/057,2005-05-15,7,12,18,33,44,45,32,2005057N
05/058,2005-05-17,3,14,17,32,39,42,8,2005058N
05/059,2005-05-19,16,18,23,31,34,47,38,2005059N
05/060,2005-05-22,5,6,10,16,20,21,19,2005060N
05/061,2005-05-24,1,11,18,22,23,42,10,2005061N
05/062,2005-05-26,12,33,39,43,45,49,10,2005062N
05/063,2005-05-28,17,22,23,26,28,46,2,2005063N
05/064,2005-05-31,11,16,17,19,24,43,13,2005064N
05/065,2005-06-02,4,17,20,33,39,43,26,2005065N
05/066,2005-06-04,4,20,32,39,40,42,33,2005066N
05/067,2005-06-07,10,11,18,26,41,48,27,2005067N
05/068,2005-06-09,3,13,27,29,36,37,24,2005068N
05/069,2005-06-11,11,18,22,29,40,48,44,2005069N
05/070,2005-06-14,2,5,7,18,22,48,11,2005070N
05/071,2005-06-16,5,7,15,35,36,44,4,2005071N
05/072,2005-06-19,6,15,18,25,26,47,27,2005072N
05/073,2005-06-21,11,22,29,31,32,42,3,2005073N
05/074,2005-06-23,2,21,29,38,44,48,10,2005074N
05/075,2005-06-25,15,25,33,38,40,49,21,2005075N
05/076,2005-06-28,1,23,25,30,32,46,42,2005076N
05/077,2005-06-30,4,16,22,27,32,36,17,2005077N
05/078,2005-07-02,2,4,23,32,43,45,42,2005078N
05/079,2005-07-05,6,9,13,21,41,43,45,2005079N
05/080,2005-07-07,4,22,24,30,31,34,17,2005080N
05/081,2005-07-09,6,10,16,21,23,39,5,2005081N
05/082,2005-07-12,6,7,18,22,30,34,2,2005082N
05/083,2005-07-14,10,17,18,34,48,49,29,2005083N
05/084,2005-07-16,5,6,17,35,39,49,44,2005084N
05/085,2005-07-19,5,14,26,30,31,42,4,2005085N
05/086,2005-07-21,8,13,15,28,29,48,3,2005086N
05/087,2005-07-23,7,8,15,22,35,49,17,2005087N
05/088,2005-07-26,6,12,14,25,27,30,8,2005088N
05/089,2005-07-29,25,35,39,42,43,49,5,2005089N
05/090,2005-07-31,5,13,14,33,45,46,25,2005090N
05/091,2005-08-02,21,25,33,36,42,48,13,2005091N
05/092,2005-08-04,1,7,19,27,38,47,3,2005092N
05/093,2005-08-06,5,21,33,34,44,45,40,2005093N
05/094,2005-08-09,9,13,22,35,38,39,4,2005094N
05/095,2005-08-11,9,11,23,29,33,38,6,2005095N
05/096,2005-08-13,9,13,32,38,48,49,41,2005096N
05/097,2005-08-16,1,11,21,27,37,48,18,2005097N
05/098,2005-08-18,2,19,24,39,41,49,21,2005098N
05/099,2005-08-20,3,8,13,17,22,29,18,2005099N
05/100,2005-08-23,1,3,14,26,36,47,42,2005100N
05/101,2005-08-25,5,13,20,25,29,39,35,2005101N
05/102,2005-08-27,1,3,20,23,33,37,14,2005102N
05/103,2005-08-30,4,9,17,26,40,46,18,2005103N
05/104,2005-09-01,4,14,19,21,24,48,10,2005104N
05/105,2005-09-03,7,11,18,34,35,48,42,2005105N
05/106,2005-09-06,9,15,20,23,39,41,44,2005106N
05/107,2005-09-08,8,10,13,14,31,48,47,2005107N
05/108,2005-09-10,1,4,19,33,34,40,25,2005108N
05/109,2005-09-13,16,26,29,39,41,46,34,2005109N
05/110,2005-09-16,22,24,28,33,34,42,48,2005110N
05/111,2005-09-18,3,5,8,14,27,35,9,2005111N
05/112,2005-09-20,4,5,21,26,37,47,7,2005112N
05/113,2005-09-22,2,4,12,13,19,42,39,2005113N
05/114,2005-09-25,1,6,14,19,26,30,17,2005114N
05/115,2005-09-27,1,17,20,28,35,43,18,2005115N
05/116,2005-09-30,11,14,20,24,25,35,33,2005116N
05/117,2005-10-04,2,9,16,25,36,38,14,2005117N
05/118,2005-10-06,23,26,27,29,30,45,18,2005118N
05/119,2005-10-08,9,11,15,25,44,48,27,2005119N
05/120,2005-10-11,8,9,16,24,29,48,5,2005120N
05/121,2005-10-13,24,34,35,38,41,47,45,2005121N
05/122,2005-10-15,3,14,17,41,46,47,20,2005122N
05/123,2005-10-18,14,15,18,20,38,42,35,2005123N
05/124,2005-10-20,6,10,22,30,43,44,29,2005124N
05/125,2005-10-23,9,25,30,31,35,37,1,2005125N
05/126,2005-10-25,3,12,26,30,39,41,25,2005126N
05/127,2005-10-27,2,5,13,19,40,49,7,2005127N
05/128,2005-10-29,8,10,11,24,31,37,38,2005128N
05/129,2005-10-31,2,18,30,34,37,41,28,2005129N
05/130,2005-11-03,1,3,10,31,34,35,27,2005130N
05/131,2005-11-06,3,11,13,20,38,49,19,2005131N
05/132,2005-11-08,3,10,13,35,48,49,33,2005132N
05/133,2005-11-10,7,8,12,37,41,48,40,2005133N
05/134,2005-11-12,1,13,21,22,24,40,27,2005134N
05/135,2005-11-15,23,24,26,30,47,49,43,2005135N
05/136,2005-11-17,4,9,10,14,15,49,5,2005136N
05/137,2005-11-19,2,3,15,30,32,46,23,2005137N
05/138,2005-11-22,12,23,25,31,44,45,3,2005138N
05/139,2005-11-24,1,4,5,8,13,43,22,2005139N
05/140,2005-11-26,3,16,25,37,38,45,18,2005140N
05/141,2005-11-29,13,18,24,26,44,45,27,2005141N
05/142,2005-12-01,10,32,33,38,41,47,6,2005142N
05/143,2005-12-04,9,10,27,32,37,45,4,2005143N
05/144,2005-12-06,1,2,3,7,14,15,11,2005144N
05/145,2005-12-08,3,9,16,31,36,42,20,2005145N
05/146,2005-12-10,2,9,22,32,35,41,20,2005146N
05/147,2005-12-13,1,6,14,22,33,47,9,2005147N
05/148,2005-12-15,12,14,19,27,34,43,24,2005148N
05/149,2005-12-18,1,4,15,22,40,44,2,2005149N
05/150,2005-12-20,9,16,19,20,30,43,44,2005150N
05/151,2005-12-22,8,18,19,23,24,42,32,2005151N
05/152,2005-12-24,6,10,19,20,22,36,3,2005152N
05/153,2005-12-27,4,9,17,18,31,43,19,2005153N
05/154,2005-12-29,9,11,21,22,24,41,33,2005154N
05/155,2005-12-31,2,7,11,31,40,43,36,2005155N
06/001,2006-01-03,17,23,24,25,26,38,47,2006001N
06/002,2006-01-05,5,10,22,38,44,46,13,2006002N
06/003,2006-01-08,1,10,26,28,38,42,43,2006003N
06/004,2006-01-10,5,21,25,36,38,39,4,2006004N
06/005,2006-01-12,15,24,25,27,36,37,35,2006005N
06/006,2006-01-14,1,12,19,29,32,34,46,2006006N
06/007,2006-01-17,11,13,25,29,38,47,12,2006007N
06/008,2006-01-19,24,26,28,31,44,47,17,2006008N
06/009,2006-01-21,1,7,20,34,40,45,22,2006009N
06/010,2006-01-24,6,14,28,31,33,35,26,2006010N
06/011,2006-01-26,18,22,23,27,28,43,35,2006011N
06/012,2006-01-28,16,22,27,30,39,41,40,2006012N
06/013,2006-01-30,9,21,22,33,35,48,43,2006013N
06/014,2006-02-02,3,4,5,20,23,37,38,2006014N
06/015,2006-02-04,19,34,39,40,41,45,23,2006015N
06/016,2006-02-07,5,12,15,24,40,41,44,2006016N
06/017,2006-02-09,3,6,13,29,39,49,9,2006017N
06/018,2006-02-12,12,15,26,30,41,45,4,2006018N
06/019,2006-02-14,7,22,32,34,42,43,6,2006019N
06/020,2006-02-16,3,12,16,22,29,34,30,2006020N
06/021,2006-02-18,10,12,14,28,42,46,37,2006021N
06/022,2006-02-21,7,15,24,31,36,49,40,2006022N
06/023,2006-02-23,18,31,35,39,40,43,10,2006023N
06/024,2006-02-25,13,18,22,31,34,37,19,2006024N
06/025,2006-02-28,10,14,23,25,27,40,37,2006025N
06/026,2006-03-02,1,5,14,22,29,43,20,2006026N
06/027,2006-03-05,1,7,14,15,22,45,24,2006027N
06/028,2006-03-07,2,11,30,42,48,49,36,2006028N
06/029,2006-03-09,9,19,20,30,39,40,10,2006029N
06/030,2006-03-11,1,13,14,19,21,30,40,2006030N
06/031,2006-03-14,7,12,13,25,39,48,9,2006031N
06/032,2006-03-16,4,27,33,37,42,49,36,2006032N
06/033,2006-03-18,1,6,13,30,33,43,9,2006033N
06/034,2006-03-21,4,8,16,22,23,43,18,2006034N
06/035,2006-03-23,3,7,18,20,26,32,10,2006035N
06/036,2006-03-25,26,32,36,42,43,45,44,2006036N
06/037,2006-03-28,1,3,10,15,21,28,37,2006037N
06/038,2006-03-30,2,12,17,19,30,33,23,2006038N
06/039,2006-04-02,8,12,25,29,39,45,44,2006039N
06/040,2006-04-04,7,11,14,35,38,43,26,2006040N
06/041,2006-04-07,10,11,16,29,30,35,28,2006041N
06/042,2006-04-09,18,28,34,44,45,47,8,2006042N
06/043,2006-04-11,5,21,26,30,36,41,17,2006043N
06/044,2006-04-13,13,28,32,39,44,49,48,2006044N
06/045,2006-04-16,9,11,20,22,29,38,37,2006045N
06/046,2006-04-18,11,14,27,28,38,44,12,2006046N
06/047,2006-04-20,2,9,12,16,37,40,19,2006047N
06/048,2006-04-22,6,8,11,28,42,46,31,2006048N
06/049,2006-04-25,2,24,26,29,32,33,6,2006049N
06/050,2006-04-27,1,7,8,30,34,37,41,2006050N
06/051,2006-04-29,6,10,19,24,28,47,22,2006051N
06/052,2006-05-02,3,13,18,27,33,45,29,2006052N
06/053,2006-05-04,2,3,32,46,47,48,35,2006053N
06/054,2006-05-06,5,17,23,28,31,32,18,2006054N
06/055,2006-05-09,18,22,24,25,26,43,23,2006055N
06/056,2006-05-11,7,12,15,27,29,49,36,2006056N
06/057,2006-05-14,1,7,14,23,45,48,43,2006057N
06/058,2006-05-16,23,26,35,36,39,43,5,2006058N
06/059,2006-05-18,11,23,31,32,33,40,49,2006059N
06/060,2006-05-20,15,20,38,41,44,46,34,2006060N
06/061,2006-05-23,1,14,28,41,45,47,29,2006061N
06/062,2006-05-25,9,27,29,38,39,40,47,2006062N
06/063,2006-05-27,1,22,34,35,36,47,7,2006063N
06/064,2006-05-30,10,16,21,30,33,48,19,2006064N
06/065,2006-06-01,12,17,24,35,44,46,10,2006065N
06/066,2006-06-03,5,9,16,29,36,47,17,2006066N
06/067,2006-06-06,2,9,29,31,42,49,5,2006067N
06/068,2006-06-08,17,34,36,41,46,48,26,2006068N
06/069,2006-06-11,3,5,7,18,40,45,15,2006069N
06/070,2006-06-13,2,6,17,33,42,45,13,2006070N
06/071,2006-06-15,4,15,16,22,24,45,2,2006071N
06/072,2006-06-18,5,6,7,18,27,35,19,2006072N
06/073,2006-06-20,4,5,17,39,40,42,3,2006073N
06/074,2006-06-22,4,5,33,36,48,49,2,2006074N
06/075,2006-06-24,18,21,32,33,36,37,6,2006075N
06/076,2006-06-27,10,12,21,26,27,49,14,2006076N
06/077,2006-06-29,2,3,13,17,19,36,47,2006077N
06/078,2006-07-01,4,13,30,42,47,48,40,2006078N
06/079,2006-07-04,1,4,5,13,14,19,18,2006079N
06/080,2006-07-06,1,7,9,16,21,49,12,2006080N
06/081,2006-07-08,2,6,10,13,30,33,40,2006081N
06/082,2006-07-11,1,30,34,42,45,46,8,2006082N
06/083,2006-07-13,1,8,9,10,34,36,17,2006083N
06/084,2006-07-15,9,20,23,34,35,45,15,2006084N
06/085,2006-07-18,10,13,22,27,32,39,43,2006085N
06/086,2006-07-20,6,13,15,26,30,33,16,2006086N
06/087,2006-07-22,2,6,16,20,23,24,19,2006087N
06/088,2006-07-25,10,16,23,34,38,41,5,2006088N
06/089,2006-07-27,1,19,21,31,43,47,18,2006089N
06/090,2006-07-29,2,23,29,34,35,37,41,2006090N
06/091,2006-08-01,7,10,20,30,34,46,19,2006091N
06/092,2006-08-03,9,10,16,19,32,45,18,2006092N
06/093,2006-08-05,1,8,11,14,16,45,41,2006093N
06/094,2006-08-08,10,20,24,28,32,49,9,2006094N
06/095,2006-08-10,12,15,18,23,35,38,33,2006095N
06/096,2006-08-12,2,13,18,26,28,43,41,2006096N
06/097,2006-08-15,8,18,21,23,30,47,10,2006097N
06/098,2006-08-17,10,17,19,27,37,38,26,2006098N
06/099,2006-08-19,3,25,27,28,43,45,42,2006099N
06/100,2006-08-22,8,18,22,34,48,49,33,2006100N
06/101,2006-08-24,3,11,14,21,40,45,8,2006101N
06/102,2006-08-26,27,29,31,36,39,43,23,2006102N
06/103,2006-08-29,14,34,37,40,48,49,30,2006103N
06/104,2006-08-31,4,26,30,35,45,46,20,2006104N
06/105,2006-09-02,3,16,17,34,46,48,41,2006105N
06/106,2006-09-05,4,8,14,22,41,48,39,2006106N
06/107,2006-09-07,5,8,15,25,33,48,11,2006107N
06/108,2006-09-09,8,12,14,17,23,25,10,2006108N
06/109,2006-09-12,2,32,40,41,43,45,30,2006109N
06/110,2006-09-14,12,26,27,28,32,46,47,2006110N
06/111,2006-09-17,5,11,14,20,22,41,33,2006111N
06/112,2006-09-19,3,11,22,25,27,33,21,2006112N
06/113,2006-09-21,1,22,33,40,43,48,35,2006113N
06/114,2006-09-23,3,13,20,34,37,40,11,2006114N
06/115,2006-09-26,7,9,15,18,32,43,8,2006115N
06/116,2006-09-28,5,15,22,30,42,49,37,2006116N
06/117,2006-09-30,1,2,4,11,12,23,6,2006117N
06/118,2006-10-03,1,5,9,19,35,45,30,2006118N
06/119,2006-10-05,5,9,16,32,35,42,4,2006119N
06/120,2006-10-08,1,4,17,22,27,28,15,2006120N
06/121,2006-10-10,6,8,22,39,40,47,17,2006121N
06/122,2006-10-12,5,9,10,22,26,38,39,2006122N
06/123,2006-10-14,3,16,20,36,41,49,45,2006123N
06/124,2006-10-17,5,22,29,33,36,40,32,2006124N
06/125,2006-10-19,9,11,15,29,35,44,18,2006125N
06/126,2006-10-22,3,18,24,26,42,43,16,2006126N
06/127,2006-10-24,12,28,29,30,44,48,34,2006127N
06/128,2006-10-26,5,8,13,17,26,41,22,2006128N
06/129,2006-10-28,7,28,33,35,42,44,41,2006129N
06/130,2006-10-31,1,6,13,28,35,44,30,2006130N
06/131,2006-11-02,5,7,28,35,36,39,31,2006131N
06/132,2006-11-05,11,22,38,41,42,45,20,2006132N
06/133,2006-11-09,2,21,22,34,36,38,45,2006133N
06/134,2006-11-11,10,13,18,21,31,48,17,2006134N
06/135,2006-11-14,8,14,20,34,36,49,46,2006135N
06/136,2006-11-16,3,10,12,32,35,44,41,2006136N
06/137,2006-11-18,10,11,14,34,40,49,43,2006137N
06/138,2006-11-21,3,7,16,26,31,35,18,2006138N
06/139,2006-11-23,6,10,19,32,41,49,5,2006139N
06/140,2006-11-25,7,18,30,35,36,49,29,2006140N
06/141,2006-11-28,6,10,21,23,35,36,8,2006141N
06/142,2006-11-30,5,8,9,27,31,35,15,2006142N
06/143,2006-12-03,10,22,25,32,34,44,30,2006143N
06/144,2006-12-05,20,21,38,41,45,46,14,2006144N
06/145,2006-12-07,5,8,10,27,34,40,47,2006145N
06/146,2006-12-09,21,22,24,28,43,48,44,2006146N
06/147,2006-12-12,6,15,26,30,39,41,14,2006147N
06/148,2006-12-14,2,14,15,29,37,47,45,2006148N
06/149,2006-12-17,9,13,17,21,22,33,41,2006149N
06/150,2006-12-19,5,11,17,32,33,48,4,2006150N
06/151,2006-12-21,5,28,35,46,48,49,11,2006151N
06/152,2006-12-24,16,29,31,34,39,42,41,2006152N
06/153,2006-12-28,3,11,14,20,27,44,43,2006153N
06/154,2006-12-30,5,6,7,21,30,40,42,2006154N
07/001,2007-01-02,6,12,14,30,32,38,41,2007001N
07/002,2007-01-04,7,8,33,40,42,49,13,2007002N
07/003,2007-01-06,3,17,33,38,43,49,14,2007003N
07/004,2007-01-09,11,14,16,19,34,43,48,2007004N
07/005,2007-01-11,1,2,10,27,40,41,43,2007005N
07/006,2007-01-13,6,7,25,28,38,45,16,2007006N
07/007,2007-01-16,4,14,23,25,38,42,10,2007007N
07/008,2007-01-18,7,10,33,39,48,49,42,2007008N
07/009,2007-01-21,9,18,26,28,36,44,19,2007009N
07/010,2007-01-23,6,19,25,31,32,35,15,2007010N
07/011,2007-01-25,5,6,23,24,38,48,30,2007011N
07/012,2007-01-27,11,25,26,36,39,41,16,2007012N
07/013,2007-01-30,9,11,12,14,18,24,38,2007013N
07/014,2007-02-01,8,13,32,33,39,47,17,2007014N
07/015,2007-02-03,6,11,12,19,27,39,28,2007015N
07/016,2007-02-06,11,12,19,22,42,47,36,2007016N
07/017,2007-02-08,9,24,26,27,37,44,3,2007017N
07/018,2007-02-11,11,22,25,32,41,45,1,2007018N
07/019,2007-02-13,3,13,14,21,22,32,7,2007019N
07/020,2007-02-15,7,15,17,38,45,48,46,2007020N
07/021,2007-02-17,9,16,17,28,33,42,29,2007021N
07/022,2007-02-19,4,17,18,35,37,47,32,2007022N
07/023,2007-02-22,2,8,11,18,32,39,46,2007023N
07/024,2007-02-24,7,9,22,24,32,36,8,2007024N
07/025,2007-02-27,9,10,16,30,38,41,2,2007025N
07/026,2007-03-01,16,18,25,29,33,43,41,2007026N
07/027,2007-03-03,4,10,30,35,43,46,14,2007027N
07/028,2007-03-06,5,8,22,27,32,41,45,2007028N
07/029,2007-03-08,6,12,16,25,33,49,48,2007029N
07/030,2007-03-11,2,7,16,30,37,39,20,2007030N
07/031,2007-03-13,1,4,12,35,39,46,14,2007031N
07/032,2007-03-15,1,14,39,40,45,49,42,2007032N
07/033,2007-03-17,21,23,26,36,45,49,2,2007033N
07/034,2007-03-20,1,11,23,37,42,43,24,2007034N
07/035,2007-03-22,6,9,12,15,43,47,49,2007035N
07/036,2007-03-24,2,5,6,12,22,40,24,2007036N
07/037,2007-03-27,12,21,24,32,36,46,13,2007037N
07/038,2007-03-29,2,22,23,40,44,45,32,2007038N
07/039,2007-04-01,16,17,21,28,38,45,10,2007039N
07/040,2007-04-03,9,22,30,41,42,48,49,2007040N
07/041,2007-04-05,13,33,35,39,40,48,27,2007041N
07/042,2007-04-07,5,7,8,23,36,41,24,2007042N
07/043,2007-04-10,6,9,13,31,40,45,47,2007043N
07/044,2007-04-12,4,8,24,27,35,45,15,2007044N
07/045,2007-04-15,11,14,19,35,44,49,10,2007045N
07/046,2007-04-17,2,20,40,43,45,49,38,2007046N
07/047,2007-04-19,7,9,15,29,32,48,38,2007047N
07/048,2007-04-21,19,27,41,42,44,49,20,2007048N
07/049,2007-04-24,4,6,7,14,19,37,9,2007049N
07/050,2007-04-26,17,22,24,35,37,40,11,2007050N
07/051,2007-04-30,10,11,18,27,38,44,37,2007051N
07/052,2007-05-03,3,17,32,44,46,47,33,2007052N
07/053,2007-05-05,7,9,11,20,45,49,42,2007053N
07/054,2007-05-08,11,20,23,30,46,48,22,2007054N
07/055,2007-05-10,4,6,12,14,41,46,15,2007055N
07/056,2007-05-13,14,16,25,28,36,38,40,2007056N
07/057,2007-05-15,12,30,33,36,42,43,15,2007057N
07/058,2007-05-17,4,5,14,27,37,39,35,2007058N
07/059,2007-05-19,21,24,31,36,38,46,43,2007059N
07/060,2007-05-22,20,21,23,28,38,40,13,2007060N
07/061,2007-05-26,23,24,26,29,36,41,12,2007061N
07/062,2007-05-29,2,8,12,25,29,46,7,2007062N
07/063,2007-05-31,1,4,7,20,25,38,17,2007063N
07/064,2007-06-02,16,20,26,27,42,46,32,2007064N
07/065,2007-06-05,5,9,11,21,22,37,32,2007065N
07/066,2007-06-07,1,4,15,34,44,47,7,2007066N
07/067,2007-06-10,1,6,9,36,37,48,13,2007067N
07/068,2007-06-12,7,30,31,41,45,47,4,2007068N
07/069,2007-06-14,3,19,21,29,33,41,46,2007069N
07/070,2007-06-16,3,15,18,19,28,37,30,2007070N
07/071,2007-06-19,4,8,11,12,20,32,47,2007071N
07/072,2007-06-21,1,5,11,26,43,45,22,2007072N
07/073,2007-06-23,10,24,27,28,31,38,23,2007073N
07/074,2007-06-26,2,17,24,32,35,47,34,2007074N
07/075,2007-06-28,4,15,38,40,41,46,33,2007075N
07/076,2007-06-30,1,4,10,18,37,44,20,2007076N
07/077,2007-07-03,16,22,35,36,45,48,32,2007077N
07/078,2007-07-05,14,23,25,26,35,38,21,2007078N
07/079,2007-07-07,4,8,10,15,35,45,16,2007079N
07/080,2007-07-10,12,13,17,24,31,43,49,2007080N
07/081,2007-07-12,6,16,17,18,22,49,33,2007081N
07/082,2007-07-14,10,19,24,30,45,49,34,2007082N
07/083,2007-07-17,5,10,12,13,16,42,41,2007083N
07/084,2007-07-19,1,26,27,36,42,45,12,2007084N
07/085,2007-07-21,5,9,18,40,43,45,17,2007085N
07/086,2007-07-24,16,26,30,36,41,49,13,2007086N
07/087,2007-07-26,13,22,28,32,37,46,17,2007087N
07/088,2007-07-28,18,21,29,30,31,38,34,2007088N
07/089,2007-07-31,3,4,21,43,47,48,7,2007089N
07/090,2007-08-02,8,22,29,35,40,41,6,2007090N
07/091,2007-08-07,1,14,26,32,45,48,46,2007091N
07/092,2007-08-09,3,4,5,12,17,44,37,2007092N
07/093,2007-08-11,6,9,35,38,43,44,41,2007093N
07/094,2007-08-14,7,9,12,27,29,40,5,2007094N
07/095,2007-08-16,14,16,18,26,30,35,10,2007095N
07/096,2007-08-18,14,18,22,31,35,40,46,2007096N
07/097,2007-08-21,10,13,22,33,36,48,31,2007097N
07/098,2007-08-24,10,19,20,28,37,43,6,2007098N
07/099,2007-08-26,6,20,23,42,44,45,13,2007099N
07/100,2007-08-28,4,9,20,27,37,43,7,2007100N
07/101,2007-08-30,3,4,13,23,34,39,37,2007101N
07/102,2007-09-01,2,6,16,38,39,44,15,2007102N
07/103,2007-09-04,6,28,38,44,45,49,34,2007103N
07/104,2007-09-06,4,12,18,35,40,44,38,2007104N
07/105,2007-09-08,1,3,14,31,34,35,16,2007105N
07/106,2007-09-11,14,23,26,35,36,44,5,2007106N
07/107,2007-09-13,8,14,15,25,32,38,11,2007107N
07/108,2007-09-16,6,7,8,17,24,27,38,2007108N
07/109,2007-09-18,10,12,24,37,41,43,17,2007109N
07/110,2007-09-20,6,11,13,28,40,41,49,2007110N
07/111,2007-09-22,5,6,24,44,48,49,45,2007111N
07/112,2007-09-25,2,8,16,24,25,34,40,2007112N
07/113,2007-09-27,6,9,17,23,34,45,2,2007113N
07/114,2007-09-29,35,41,42,44,47,49,48,2007114N
07/115,2007-10-02,10,21,30,34,37,43,17,2007115N
07/116,2007-10-04,6,14,28,29,37,38,12,2007116N
07/117,2007-10-06,7,20,25,33,38,45,26,2007117N
07/118,2007-10-09,9,10,16,23,32,49,19,2007118N
07/119,2007-10-11,12,19,23,26,33,42,27,2007119N
07/120,2007-10-13,23,24,25,27,43,45,11,2007120N
07/121,2007-10-16,6,10,11,14,31,40,49,2007121N
07/122,2007-10-18,1,2,37,39,47,48,34,2007122N
07/123,2007-10-20,4,14,18,19,30,42,34,2007123N
07/124,2007-10-23,6,13,21,29,31,37,25,2007124N
07/125,2007-10-25,4,14,31,35,42,49,1,2007125N
07/126,2007-10-27,2,27,30,35,43,46,36,2007126N
07/127,2007-10-30,12,19,31,41,42,47,13,2007127N
07/128,2007-11-01,5,9,12,18,24,43,7,2007128N
07/129,2007-11-04,4,13,25,27,40,47,45,2007129N
07/130,2007-11-08,6,14,18,28,30,37,21,2007130N
07/131,2007-11-10,1,6,8,15,41,43,2,2007131N
07/132,2007-11-13,2,6,15,30,38,42,29,2007132N
07/133,2007-11-15,12,16,18,27,41,45,29,2007133N
07/134,2007-11-18,1,4,6,20,25,32,43,2007134N
07/135,2007-11-20,6,13,14,22,30,44,26,2007135N
07/136,2007-11-22,1,12,29,39,40,48,41,2007136N
07/137,2007-11-24,5,19,25,32,40,42,4,2007137N
07/138,2007-11-27,7,25,27,33,35,45,6,2007138N
07/139,2007-11-29,10,13,19,27,43,48,8,2007139N
07/140,2007-12-02,18,25,29,30,32,35,39,2007140N
07/141,2007-12-04,18,23,26,28,30,45,15,2007141N
07/142,2007-12-06,5,26,33,38,39,46,47,2007142N
07/143,2007-12-08,9,14,35,38,41,42,40,2007143N
07/144,2007-12-11,16,18,24,35,40,41,47,2007144N
07/145,2007-12-13,5,7,15,18,23,42,10,2007145N
07/146,2007-12-16,1,17,23,25,40,44,26,2007146N
07/147,2007-12-18,1,2,6,19,24,40,44,2007147N
07/148,2007-12-22,1,9,17,28,42,46,32,2007148N
07/149,2007-12-25,1,2,21,30,44,46,33,2007149N
07/150,2007-12-27,7,17,37,38,40,48,43,2007150N
07/151,2007-12-29,6,12,16,33,41,48,8,2007151N
07/152,2007-12-31,15,16,21,23,37,45,4,2007152N
08/001,2008-01-03,5,8,36,39,42,46,14,2008001N
08/002,2008-01-05,3,11,14,32,33,42,15,2008002N
08/003,2008-01-08,2,9,14,24,40,45,3,2008003N
08/004,2008-01-10,4,20,36,42,46,47,22,2008004N
08/005,2008-01-13,8,13,18,22,26,42,43,2008005N
08/006,2008-01-15,10,11,15,18,37,45,26,2008006N
08/007,2008-01-17,8,19,24,35,36,40,23,2008007N
08/008,2008-01-19,4,7,8,20,32,34,24,2008008N
08/009,2008-01-22,9,16,17,30,33,49,41,2008009N
08/010,2008-01-24,10,23,26,38,42,46,29,2008010N
08/011,2008-01-26,13,15,19,22,33,38,39,2008011N
08/012,2008-01-29,16,22,24,33,43,44,29,2008012N
08/013,2008-01-31,24,32,41,42,48,49,10,2008013N
08/014,2008-02-03,1,34,36,37,42,46,39,2008014N
08/015,2008-02-05,3,6,36,40,43,48,8,2008015N
08/016,2008-02-08,2,16,30,31,38,48,36,2008016N
08/017,2008-02-10,7,24,26,30,32,39,47,2008017N
08/018,2008-02-12,12,23,31,37,40,45,35,2008018N
08/019,2008-02-14,4,6,15,29,33,39,18,2008019N
08/020,2008-02-16,2,5,8,22,29,41,28,2008020N
08/021,2008-02-19,5,15,29,32,38,39,31,2008021N
08/022,2008-02-21,18,22,24,27,30,48,3,2008022N
08/023,2008-02-23,2,9,14,24,33,47,48,2008023N
08/024,2008-02-26,9,20,23,30,34,39,13,2008024N
08/025,2008-02-28,6,8,13,17,35,49,45,2008025N
08/026,2008-03-02,5,7,22,30,32,35,13,2008026N
08/027,2008-03-04,2,5,13,20,21,49,36,2008027N
08/028,2008-03-06,7,12,24,25,39,44,27,2008028N
08/029,2008-03-08,16,25,31,36,38,49,29,2008029N
08/030,2008-03-11,5,13,15,23,28,40,17,2008030N
08/031,2008-03-13,12,28,31,33,36,44,7,2008031N
08/032,2008-03-15,8,10,21,22,30,47,28,2008032N
08/033,2008-03-18,13,23,28,30,37,44,49,2008033N
08/034,2008-03-20,4,12,22,26,33,45,8,2008034N
08/035,2008-03-22,13,18,32,38,48,49,40,2008035N
08/036,2008-03-25,7,14,15,22,25,35,32,2008036N
08/037,2008-03-27,3,4,16,32,45,48,23,2008037N
08/038,2008-03-29,6,9,30,32,39,48,4,2008038N
08/039,2008-04-01,15,16,27,40,44,49,31,2008039N
08/040,2008-04-03,1,6,17,28,36,41,31,2008040N
08/041,2008-04-08,11,13,21,36,39,40,43,2008041N
08/042,2008-04-13,1,9,22,23,34,38,24,2008042N
08/043,2008-04-15,8,25,31,38,43,48,23,2008043N
08/044,2008-04-17,7,10,11,27,31,48,5,2008044N
08/045,2008-04-19,7,10,16,19,42,46,20,2008045N
08/046,2008-04-22,8,14,31,36,40,46,9,2008046N
08/047,2008-04-24,8,12,13,25,31,35,21,2008047N
08/048,2008-04-26,13,15,17,19,24,32,9,2008048N
08/049,2008-04-29,20,22,24,25,40,41,35,2008049N
08/050,2008-05-03,1,3,4,5,37,39,8,2008050N
08/051,2008-05-06,7,8,13,26,28,49,17,2008051N
08/052,2008-05-08,16,24,31,35,37,49,39,2008052N
08/053,2008-05-10,5,6,27,41,47,49,40,2008053N
08/054,2008-05-13,8,19,26,34,37,40,29,2008054N
08/055,2008-05-15,7,21,22,38,45,47,40,2008055N
08/056,2008-05-17,3,18,24,45,46,48,31,2008056N
08/057,2008-05-20,1,4,6,23,25,47,49,2008057N
08/058,2008-05-22,1,19,23,29,34,41,15,2008058N
08/059,2008-05-24,1,5,12,14,19,31,45,2008059N
08/060,2008-05-27,22,23,24,28,29,43,6,2008060N
08/061,2008-05-29,1,6,27,39,44,49,36,2008061N
08/062,2008-05-31,11,26,31,34,36,42,13,2008062N
08/063,2008-06-03,5,32,33,40,41,49,30,2008063N
08/064,2008-06-07,6,11,14,23,39,45,10,2008064N
08/065,2008-06-10,2,7,11,20,29,45,48,2008065N
08/066,2008-06-12,4,6,9,15,22,37,3,2008066N
08/067,2008-06-14,3,15,19,40,41,44,13,2008067N
08/068,2008-06-17,3,5,6,13,31,32,15,2008068N
08/069,2008-06-19,2,11,18,26,39,45,24,2008069N
08/070,2008-06-21,1,5,13,29,34,44,25,2008070N
08/071,2008-06-24,8,9,22,27,29,42,38,2008071N
08/072,2008-06-27,8,33,39,40,46,48,24,2008072N
08/073,2008-06-29,1,2,7,19,28,34,5,2008073N
08/074,2008-07-02,3,21,26,29,31,48,1,2008074N
08/075,2008-07-05,2,6,7,15,20,38,14,2008075N
08/076,2008-07-08,15,18,19,21,24,26,36,2008076N
08/077,2008-07-10,5,12,17,18,41,44,32,2008077N
08/078,2008-07-12,5,21,25,27,38,40,11,2008078N
08/079,2008-07-15,9,17,19,24,38,47,3,2008079N
08/080,2008-07-17,15,18,25,27,38,47,2,2008080N
08/081,2008-07-19,1,18,24,29,35,46,2,2008081N
08/082,2008-07-22,10,29,33,40,43,45,8,2008082N
08/083,2008-07-24,5,15,29,31,38,45,48,2008083N
08/084,2008-07-26,9,10,12,13,41,48,6,2008084N
08/085,2008-07-29,7,15,25,34,35,38,6,2008085N
08/086,2008-07-31,1,8,25,33,34,41,28,2008086N
08/087,2008-08-02,4,6,8,11,33,35,25,2008087N
08/088,2008-08-05,6,11,16,38,42,49,40,2008088N
08/089,2008-08-07,3,17,23,24,30,47,26,2008089N
08/090,2008-08-09,8,15,19,21,32,42,10,2008090N
08/091,2008-08-12,10,11,15,26,28,31,43,2008091N
08/092,2008-08-14,16,20,23,27,41,46,6,2008092N
08/093,2008-08-16,14,25,32,38,43,46,35,2008093N
08/094,2008-08-19,7,19,24,26,32,39,20,2008094N
08/095,2008-08-21,1,3,20,21,35,37,46,2008095N
08/096,2008-08-23,3,9,10,20,25,34,41,2008096N
08/097,2008-08-26,2,13,19,25,30,43,44,2008097N
08/098,2008-08-28,1,21,27,31,34,38,10,2008098N
08/099,2008-08-30,2,8,10,37,44,49,22,2008099N
08/100,2008-09-02,9,13,16,22,24,31,18,2008100N
08/101,2008-09-04,7,17,22,26,31,42,12,2008101N
08/102,2008-09-06,4,10,18,22,23,38,35,2008102N
08/103,2008-09-09,3,7,15,23,29,48,5,2008103N
08/104,2008-09-11,2,8,12,20,25,49,34,2008104N
08/105,2008-09-13,3,8,9,16,34,46,42,2008105N
08/106,2008-09-16,4,9,14,25,36,40,45,2008106N
08/107,2008-09-18,2,17,34,38,46,49,33,2008107N
08/108,2008-09-20,4,5,10,27,28,49,46,2008108N
08/109,2008-09-25,1,4,15,16,29,46,30,2008109N
08/110,2008-09-27,7,17,33,36,39,44,31,2008110N
08/111,2008-09-30,11,26,27,39,40,47,34,2008111N
08/112,2008-10-02,13,17,20,29,32,42,15,2008112N
08/113,2008-10-04,4,14,16,19,22,35,9,2008113N
08/114,2008-10-07,4,10,26,34,46,49,5,2008114N
08/115,2008-10-09,1,2,12,19,27,38,41,2008115N
08/116,2008-10-11,8,11,35,37,38,46,27,2008116N
08/117,2008-10-14,11,14,19,21,41,44,31,2008117N
08/118,2008-10-16,6,21,31,40,42,44,7,2008118N
08/119,2008-10-18,3,6,7,9,32,35,24,2008119N
08/120,2008-10-21,1,8,9,32,35,37,14,2008120N
08/121,2008-10-23,5,9,19,21,27,46,37,2008121N
08/122,2008-10-25,3,13,18,20,22,30,39,2008122N
08/123,2008-10-28,3,10,11,13,26,48,9,2008123N
08/124,2008-10-30,5,13,23,33,37,40,39,2008124N
08/125,2008-11-01,11,17,19,23,32,44,25,2008125N
08/126,2008-11-03,1,8,20,25,38,43,39,2008126N
08/127,2008-11-06,5,6,28,35,42,43,4,2008127N
08/128,2008-11-09,1,4,6,15,24,48,43,2008128N
08/129,2008-11-11,17,19,20,27,32,35,11,2008129N
08/130,2008-11-13,9,10,20,33,34,43,42,2008130N
08/131,2008-11-15,2,5,8,24,32,37,35,2008131N
08/132,2008-11-18,5,11,18,28,29,32,10,2008132N
08/133,2008-11-20,4,13,31,36,40,41,49,2008133N
08/134,2008-11-22,1,3,4,17,24,28,7,2008134N
08/135,2008-11-25,3,9,18,38,46,48,13,2008135N
08/136,2008-11-27,4,6,14,21,36,46,41,2008136N
08/137,2008-11-29,5,6,27,33,36,37,48,2008137N
08/138,2008-12-02,3,13,29,30,31,43,8,2008138N
08/139,2008-12-04,8,10,28,35,37,47,12,2008139N
08/140,2008-12-07,4,9,17,26,28,30,1,2008140N
08/141,2008-12-09,7,14,21,43,44,47,35,2008141N
08/142,2008-12-11,1,10,11,41,47,48,20,2008142N
08/143,2008-12-13,1,7,27,36,40,48,13,2008143N
08/144,2008-12-16,21,29,32,36,38,44,43,2008144N
08/145,2008-12-18,2,22,27,31,40,46,13,2008145N
08/146,2008-12-21,6,13,20,26,34,40,10,2008146N
08/147,2008-12-23,22,24,26,29,33,48,46,2008147N
08/148,2008-12-27,2,17,19,21,24,34,18,2008148N
08/149,2008-12-30,4,8,18,29,40,47,9,2008149N
09/001,2009-01-03,2,10,16,21,22,30,26,2009001N
09/002,2009-01-06,9,14,23,30,42,45,19,2009002N
09/003,2009-01-08,18,19,22,33,42,46,7,2009003N
09/004,2009-01-11,3,7,16,19,44,47,31,2009004N
09/005,2009-01-13,12,15,36,40,41,49,42,2009005N
09/006,2009-01-15,6,9,10,12,24,32,30,2009006N
09/007,2009-01-17,1,15,16,28,29,47,37,2009007N
09/008,2009-01-20,5,13,22,29,34,42,37,2009008N
09/009,2009-01-23,5,17,37,38,44,47,12,2009009N
09/010,2009-01-25,4,12,19,40,44,47,49,2009010N
09/011,2009-01-27,7,13,17,21,42,45,36,2009011N
09/012,2009-01-29,6,8,9,17,25,36,4,2009012N
09/013,2009-01-31,4,9,10,14,24,29,38,2009013N
09/014,2009-02-03,8,12,26,31,44,46,42,2009014N
09/015,2009-02-05,3,23,25,36,46,47,20,2009015N
09/016,2009-02-07,9,12,42,44,45,48,35,2009016N
09/017,2009-02-10,4,6,14,21,24,48,8,2009017N
09/018,2009-02-12,10,14,22,28,32,42,36,2009018N
09/019,2009-02-14,12,17,31,37,39,46,8,2009019N
09/020,2009-02-17,8,12,15,26,39,44,6,2009020N
09/021,2009-02-19,6,9,16,26,29,36,8,2009021N
09/022,2009-02-21,7,8,14,15,20,21,44,2009022N
09/023,2009-02-24,1,9,32,37,38,47,25,2009023N
09/024,2009-02-26,14,15,19,23,24,25,2,2009024N
09/025,2009-02-28,5,15,22,24,34,46,26,2009025N
09/026,2009-03-03,22,25,30,37,38,49,15,2009026N
09/027,2009-03-05,2,7,17,20,33,47,45,2009027N
09/028,2009-03-08,3,4,11,28,37,40,36,2009028N
09/029,2009-03-10,21,27,32,33,39,48,9,2009029N
09/030,2009-03-12,2,12,15,16,30,32,5,2009030N
09/031,2009-03-14,10,16,19,33,42,43,12,2009031N
09/032,2009-03-17,11,12,14,17,21,37,10,2009032N
09/033,2009-03-19,6,14,18,21,32,46,43,2009033N
09/034,2009-03-21,13,23,27,32,34,43,22,2009034N
09/035,2009-03-24,4,12,15,16,38,46,21,2009035N
09/036,2009-03-26,5,14,34,36,38,42,19,2009036N
09/037,2009-03-29,24,32,36,40,42,43,47,2009037N
09/038,2009-03-31,1,7,15,23,29,35,14,2009038N
09/039,2009-04-02,7,13,20,33,39,45,30,2009039N
09/040,2009-04-04,2,6,10,17,18,46,34,2009040N
09/041,2009-04-07,4,21,22,29,41,45,14,2009041N
09/042,2009-04-09,7,9,22,29,44,49,1,2009042N
09/043,2009-04-11,3,16,25,38,45,47,35,2009043N
09/044,2009-04-14,2,7,22,27,41,42,5,2009044N
09/045,2009-04-16,1,11,12,19,28,30,49,2009045N
09/046,2009-04-18,10,14,22,29,33,48,5,2009046N
09/047,2009-04-21,4,18,31,41,42,43,24,2009047N
09/048,2009-04-23,15,20,34,42,45,46,23,2009048N
09/049,2009-04-25,4,17,34,38,46,49,7,2009049N
09/050,2009-04-28,3,7,20,34,36,41,39,2009050N
09/051,2009-04-30,8,11,21,30,38,49,35,2009051N
09/052,2009-05-02,1,6,18,29,39,48,10,2009052N
09/053,2009-05-05,5,29,30,31,41,45,47,2009053N
09/054,2009-05-07,2,3,7,9,16,34,14,2009054N
09/055,2009-05-10,11,14,21,28,41,48,32,2009055N
09/056,2009-05-12,9,25,29,36,38,41,23,2009056N
09/057,2009-05-14,6,23,31,43,46,49,40,2009057N
09/058,2009-05-16,3,7,11,18,20,27,2,2009058N
09/059,2009-05-19,28,33,36,38,40,45,4,2009059N
09/060,2009-05-23,1,8,21,32,37,46,22,2009060N
09/061,2009-05-26,11,14,19,25,27,47,20,2009061N
09/062,2009-05-28,2,12,20,28,46,49,31,2009062N
09/063,2009-05-30,9,12,14,20,27,36,11,2009063N
09/064,2009-06-02,5,7,18,26,29,47,2,2009064N
09/065,2009-06-04,4,9,19,22,24,43,1,2009065N
09/066,2009-06-06,1,5,8,23,32,48,3,2009066N
09/067,2009-06-09,7,13,16,35,42,46,25,2009067N
09/068,2009-06-11,8,11,15,20,33,43,34,2009068N
09/069,2009-06-14,12,13,25,39,42,43,38,2009069N
09/070,2009-06-16,16,25,27,30,37,41,36,2009070N
09/071,2009-06-18,2,11,17,19,22,26,13,2009071N
09/072,2009-06-20,7,11,24,32,35,49,46,2009072N
09/073,2009-06-23,1,19,34,39,43,48,45,2009073N
09/074,2009-06-25,12,19,26,30,36,45,20,2009074N
09/075,2009-06-27,16,18,21,26,30,48,45,2009075N
09/076,2009-06-30,5,11,15,17,25,46,24,2009076N
09/077,2009-07-02,6,19,22,24,29,40,4,2009077N
09/078,2009-07-04,2,14,17,19,20,49,26,2009078N
09/079,2009-07-07,6,27,30,38,41,47,20,2009079N
09/080,2009-07-09,4,24,26,30,31,46,2,2009080N
09/081,2009-07-11,2,9,18,21,32,47,26,2009081N
09/082,2009-07-14,2,10,19,39,46,47,41,2009082N
09/083,2009-07-16,3,5,14,17,29,45,31,2009083N
09/084,2009-07-18,24,28,29,38,39,41,19,2009084N
09/085,2009-07-21,1,4,6,13,15,48,39,2009085N
09/086,2009-07-23,1,3,11,15,39,47,44,2009086N
09/087,2009-07-25,4,22,23,31,36,47,20,2009087N
09/088,2009-07-28,4,11,20,28,46,49,31,2009088N
09/089,2009-07-30,4,11,12,18,21,40,44,2009089N
09/090,2009-08-01,1,8,20,45,47,48,11,2009090N
09/091,2009-08-04,9,27,32,34,36,37,20,2009091N
09/092,2009-08-06,18,28,38,39,47,48,24,2009092N
09/093,2009-08-08,5,8,10,11,23,30,42,2009093N
09/094,2009-08-11,1,15,23,24,31,39,33,2009094N
09/095,2009-08-13,3,6,18,27,29,37,4,2009095N
09/096,2009-08-15,6,16,20,23,24,34,42,2009096N
09/097,2009-08-18,1,3,15,18,20,33,48,2009097N
09/098,2009-08-20,12,15,22,26,27,29,37,2009098N
09/099,2009-08-22,3,4,12,29,32,48,16,2009099N
09/100,2009-08-25,5,11,12,15,24,32,39,2009100N
09/101,2009-08-27,5,8,17,24,30,42,34,2009101N
09/102,2009-08-29,4,17,18,26,33,35,40,2009102N
09/103,2009-09-01,17,19,22,27,40,46,4,2009103N
09/104,2009-09-04,6,9,14,17,47,49,38,2009104N
09/105,2009-09-06,9,24,35,40,41,48,31,2009105N
09/106,2009-09-08,11,13,16,20,21,28,15,2009106N
09/107,2009-09-10,7,29,31,32,33,35,48,2009107N
09/108,2009-09-12,1,3,14,17,35,43,47,2009108N
09/109,2009-09-15,11,14,16,17,35,49,34,2009109N
09/110,2009-09-17,19,21,24,28,30,48,26,2009110N
09/111,2009-09-19,20,23,28,37,39,41,26,2009111N
09/112,2009-09-22,1,5,9,18,24,32,38,2009112N
09/113,2009-09-24,9,19,22,26,34,36,24,2009113N
09/114,2009-09-27,1,3,9,30,41,47,19,2009114N
09/115,2009-09-29,1,5,15,33,40,48,21,2009115N
09/116,2009-10-03,4,6,11,16,22,39,10,2009116N
09/117,2009-10-06,12,15,17,24,36,49,14,2009117N
09/118,2009-10-08,21,31,33,35,39,44,28,2009118N
09/119,2009-10-10,2,12,16,19,20,49,4,2009119N
09/120,2009-10-13,13,15,18,36,43,45,7,2009120N
09/121,2009-10-15,15,17,22,37,39,47,26,2009121N
09/122,2009-10-18,2,4,15,20,32,42,48,2009122N
09/123,2009-10-20,8,26,34,36,39,46,35,2009123N
09/124,2009-10-22,1,2,24,29,40,47,7,2009124N
09/125,2009-10-24,22,25,26,34,41,45,15,2009125N
09/126,2009-10-27,13,16,31,35,41,42,36,2009126N
09/127,2009-10-29,13,14,15,16,18,44,48,2009127N
09/128,2009-10-31,11,25,27,29,30,44,23,2009128N
09/129,2009-11-03,3,19,33,42,43,45,44,2009129N
09/130,2009-11-05,3,9,13,31,40,42,30,2009130N
09/131,2009-11-08,2,17,27,32,35,38,41,2009131N
09/132,2009-11-10,2,8,18,22,24,35,17,2009132N
09/133,2009-11-12,1,6,9,10,20,46,14,2009133N
09/134,2009-11-14,3,6,15,26,28,42,21,2009134N
09/135,2009-11-17,2,4,9,28,42,43,45,2009135N
09/136,2009-11-19,11,13,19,35,41,45,24,2009136N
09/137,2009-11-21,2,8,23,28,38,45,21,2009137N
09/138,2009-11-24,7,21,24,33,35,45,26,2009138N
09/139,2009-11-26,1,3,9,17,18,42,7,2009139N
09/140,2009-11-28,1,5,25,32,38,39,4,2009140N
09/141,2009-12-01,4,5,10,17,39,44,24,2009141N
09/142,2009-12-03,10,15,20,21,34,46,4,2009142N
09/143,2009-12-05,1,14,17,23,35,38,31,2009143N
09/144,2009-12-08,6,12,23,29,31,35,21,2009144N
09/145,2009-12-10,4,8,15,16,34,49,45,2009145N
09/146,2009-12-12,8,9,37,40,46,49,41,2009146N
09/147,2009-12-15,10,27,28,40,46,47,18,2009147N
09/148,2009-12-17,2,4,30,37,43,49,10,2009148N
09/149,2009-12-20,2,4,24,28,32,45,38,2009149N
09/150,2009-12-22,6,23,30,33,43,44,10,2009150N
09/151,2009-12-24,20,22,26,27,31,44,49,2009151N
09/152,2009-12-26,6,17,21,27,36,42,23,2009152N
09/153,2009-12-29,9,27,33,38,39,40,14,2009153N
09/154,2009-12-31,26,28,31,33,40,41,19,2009154N
10/001,2010-01-02,11,13,16,18,21,22,6,2010001N
10/002,2010-01-05,5,14,16,22,26,28,27,2010002N
10/003,2010-01-07,5,14,16,25,45,48,42,2010003N
10/004,2010-01-09,4,8,16,39,40,45,10,2010004N
10/005,2010-01-12,9,23,25,29,30,48,1,2010005N
10/006,2010-01-14,21,26,27,35,38,48,41,2010006N
10/007,2010-01-17,5,18,19,28,35,45,27,2010007N
10/008,2010-01-19,2,3,9,24,33,41,40,2010008N
10/009,2010-01-21,6,7,17,24,41,48,16,2010009N
10/010,2010-01-23,18,19,26,34,39,46,2,2010010N
10/011,2010-01-26,8,9,17,31,37,38,2,2010011N
10/012,2010-01-28,3,9,15,32,43,46,28,2010012N
10/013,2010-01-30,2,4,6,30,32,34,40,2010013N
10/014,2010-02-02,1,10,13,14,38,39,41,2010014N
10/015,2010-02-04,9,20,25,36,42,47,13,2010015N
10/016,2010-02-06,1,5,13,16,24,41,14,2010016N
10/017,2010-02-09,4,8,10,13,14,49,7,2010017N
10/018,2010-02-11,21,24,27,32,35,36,16,2010018N
10/019,2010-02-13,5,21,26,27,28,29,44,2010019N
10/020,2010-02-15,1,7,17,20,29,49,19,2010020N
10/021,2010-02-18,4,5,7,11,28,32,3,2010021N
10/022,2010-02-20,3,4,11,15,32,45,1,2010022N
10/023,2010-02-23,8,19,43,44,48,49,46,2010023N
10/024,2010-02-25,11,20,31,37,44,47,46,2010024N
10/025,2010-02-27,16,17,18,22,25,36,47,2010025N
10/026,2010-03-02,1,6,10,21,28,35,46,2010026N
10/027,2010-03-04,10,11,24,33,34,38,16,2010027N
10/028,2010-03-07,3,12,26,28,31,46,16,2010028N
10/029,2010-03-09,9,13,14,17,28,45,20,2010029N
10/030,2010-03-11,10,14,35,40,43,48,21,2010030N
10/031,2010-03-13,1,4,14,18,22,39,48,2010031N
10/032,2010-03-16,4,16,28,37,38,47,30,2010032N
10/033,2010-03-18,4,19,30,37,39,41,31,2010033N
10/034,2010-03-20,8,12,29,33,39,45,36,2010034N
10/035,2010-03-23,7,11,22,27,32,46,17,2010035N
10/036,2010-03-25,14,16,29,44,45,47,42,2010036N
10/037,2010-03-27,1,3,8,22,36,44,29,2010037N
10/038,2010-03-30,2,22,29,31,40,48,20,2010038N
10/039,2010-04-01,20,21,23,31,42,43,41,2010039N
10/040,2010-04-03,11,23,35,37,40,43,30,2010040N
10/041,2010-04-06,11,20,25,35,42,45,8,2010041N
10/042,2010-04-08,3,5,25,30,33,37,35,2010042N
10/043,2010-04-11,2,7,20,36,38,41,40,2010043N
10/044,2010-04-13,31,32,33,37,42,46,17,2010044N
10/045,2010-04-15,19,21,30,35,36,37,33,2010045N
10/046,2010-04-17,1,2,24,38,42,49,19,2010046N
10/047,2010-04-20,6,17,25,27,35,40,32,2010047N
10/048,2010-04-22,1,16,23,29,39,46,17,2010048N
10/049,2010-04-24,5,12,16,23,29,39,11,2010049N
10/050,2010-04-27,3,13,18,21,22,33,8,2010050N
10/051,2010-04-29,5,7,24,26,41,49,3,2010051N
10/052,2010-05-02,7,16,26,28,41,44,24,2010052N
10/053,2010-05-04,19,24,34,40,41,46,15,2010053N
10/054,2010-05-06,2,31,37,38,39,40,44,2010054N
10/055,2010-05-09,1,5,8,21,27,34,20,2010055N
10/056,2010-05-11,15,26,29,34,35,40,9,2010056N
10/057,2010-05-13,16,22,31,37,39,49,32,2010057N
10/058,2010-05-15,1,29,32,39,44,47,17,2010058N
10/059,2010-05-18,4,7,12,20,39,48,14,2010059N
10/060,2010-05-20,4,10,11,15,22,37,49,2010060N
10/061,2010-05-22,12,17,18,26,29,33,41,2010061N
10/062,2010-05-25,14,18,30,40,43,46,27,2010062N
10/063,2010-05-27,9,22,28,32,33,49,18,2010063N
10/064,2010-05-29,4,16,25,26,33,42,30,2010064N
10/065,2010-06-01,7,11,13,24,28,46,26,2010065N
10/066,2010-06-03,5,16,19,26,42,44,6,2010066N
10/067,2010-06-05,9,15,30,37,38,40,1,2010067N
10/068,2010-06-08,7,8,12,21,23,47,10,2010068N
10/069,2010-06-10,8,26,32,35,36,49,24,2010069N
10/070,2010-06-13,2,11,19,20,21,40,43,2010070N
10/071,2010-06-15,5,10,18,21,35,49,11,2010071N
10/072,2010-06-17,5,11,15,42,45,48,14,2010072N
10/073,2010-06-19,2,8,12,13,27,35,37,2010073N
10/074,2010-06-22,2,4,9,20,35,40,44,2010074N
10/075,2010-06-24,5,23,26,31,34,49,24,2010075N
10/076,2010-06-26,7,13,15,20,21,41,2,2010076N
10/077,2010-06-29,8,11,21,38,41,48,49,2010077N
10/078,2010-07-03,2,13,14,21,45,49,19,2010078N
10/079,2010-07-06,14,17,21,29,42,46,49,2010079N
10/080,2010-07-08,4,16,40,43,46,47,27,2010080N
10/081,2010-07-10,2,22,25,27,35,42,13,2010081N
10/082,2010-07-13,2,3,5,25,43,48,24,2010082N
10/083,2010-07-15,2,10,16,18,41,44,31,2010083N
10/084,2010-07-17,7,12,30,34,40,48,33,2010084N
10/085,2010-07-20,5,13,26,29,40,47,42,2010085N
10/086,2010-07-24,6,15,22,25,33,42,24,2010086N
10/087,2010-07-27,4,17,23,28,43,46,22,2010087N
10/088,2010-07-29,12,13,38,41,44,49,22,2010088N
10/089,2010-07-31,12,28,29,33,35,37,22,2010089N
10/090,2010-08-03,9,17,26,31,35,36,42,2010090N
10/091,2010-08-05,8,30,42,46,48,49,7,2010091N
10/092,2010-08-07,3,18,34,41,45,46,37,2010092N
10/093,2010-08-10,5,8,12,20,30,39,23,2010093N
10/094,2010-08-12,6,17,29,33,42,48,34,2010094N
10/095,2010-08-14,6,12,17,34,38,46,43,2010095N
10/096,2010-08-17,2,5,8,22,25,35,16,2010096N
10/097,2010-08-19,8,12,30,43,46,48,35,2010097N
10/098,2010-08-21,18,21,34,37,40,49,28,2010098N
10/099,2010-08-24,6,9,11,16,25,37,45,2010099N
10/100,2010-08-26,1,7,9,10,36,44,37,2010100N
10/101,2010-08-28,1,3,6,7,36,49,42,2010101N
10/102,2010-08-30,6,16,39,40,46,49,41,2010102N
10/103,2010-09-02,3,7,11,20,23,48,38,2010103N
10/104,2010-09-04,17,19,25,34,43,45,47,2010104N
10/105,2010-09-07,2,3,16,42,43,45,27,2010105N
10/106,2010-09-09,2,4,19,34,37,41,5,2010106N
10/107,2010-09-11,10,20,24,35,36,39,12,2010107N
10/108,2010-09-14,3,4,7,22,30,39,6,2010108N
10/109,2010-09-16,5,8,31,46,47,49,34,2010109N
10/110,2010-09-19,12,17,19,26,33,40,25,2010110N
10/111,2010-09-21,10,13,23,35,36,48,47,2010111N
10/112,2010-09-25,16,23,30,37,39,43,5,2010112N
10/113,2010-09-28,7,30,31,42,45,49,46,2010113N
10/114,2010-09-30,9,18,21,22,26,29,27,2010114N
10/115,2010-10-02,7,16,17,21,27,36,6,2010115N
10/116,2010-10-05,5,6,8,16,29,31,12,2010116N
10/117,2010-10-07,14,15,21,22,32,40,2,2010117N
10/118,2010-10-09,22,37,41,42,44,45,27,2010118N
10/119,2010-10-12,9,13,21,24,38,46,27,2010119N
10/120,2010-10-14,4,7,10,26,42,47,13,2010120N
10/121,2010-10-16,1,29,30,44,45,49,41,2010121N
10/122,2010-10-19,2,20,29,38,39,43,37,2010122N
10/123,2010-10-21,4,9,23,35,46,49,18,2010123N
10/124,2010-10-23,1,28,33,41,42,45,8,2010124N
10/125,2010-10-26,3,8,14,20,33,41,32,2010125N
10/126,2010-10-28,8,9,17,31,36,47,46,2010126N
10/127,2010-10-30,7,8,12,24,30,49,27,2010127N
10/128,2010-11-02,5,17,24,25,36,45,15,2010128N
10/129,2010-11-04,5,9,25,27,33,44,17,2010129N
10/130,2010-11-09,4,15,41,43,45,49,18,2010130N
10/131,2010-11-11,5,6,15,28,29,43,48,2010131N
10/132,2010-11-13,7,18,21,28,47,48,35,2010132N
10/133,2010-11-16,3,12,20,39,46,49,19,2010133N
10/134,2010-11-18,6,20,30,33,39,47,23,2010134N
10/135,2010-11-20,3,6,9,29,30,33,14,2010135N
10/136,2010-11-23,1,10,11,24,30,49,35,2010136N
10/137,2010-11-25,17,22,28,31,39,45,8,2010137N
10/138,2010-11-27,13,17,25,26,43,44,42,2010138N
10/139,2010-11-30,3,14,16,19,45,48,9,2010139N
10/140,2010-12-02,6,11,17,31,40,41,34,2010140N
10/141,2010-12-05,9,10,20,42,46,47,27,2010141N
10/142,2010-12-07,12,13,18,20,28,48,14,2010142N
10/143,2010-12-09,4,10,20,25,33,36,37,2010143N
10/144,2010-12-11,15,18,22,24,27,30,10,2010144N
10/145,2010-12-14,3,7,28,29,38,48,40,2010145N
10/146,2010-12-16,12,13,18,19,27,29,10,2010146N
10/147,2010-12-18,15,19,34,39,44,45,23,2010147N
10/148,2010-12-20,4,5,12,16,18,41,7,2010148N
10/149,2010-12-22,3,4,15,24,35,41,36,2010149N
10/150,2010-12-25,1,2,4,13,43,48,11,2010150N
10/151,2010-12-28,8,23,28,31,36,37,12,2010151N
10/152,2010-12-30,4,13,18,20,36,39,12,2010152N
11/001,2011-01-02,1,13,20,24,37,39,3,2011001N
11/002,2011-01-04,4,9,16,20,38,39,40,2011002N
11/003,2011-01-06,4,7,14,15,19,26,43,2011003N
11/004,2011-01-08,10,12,18,21,27,33,4,2011004N
11/005,2011-01-11,1,2,29,37,42,48,38,2011005N
11/006,2011-01-13,17,19,25,36,40,44,10,2011006N
11/007,2011-01-15,13,18,29,31,32,46,2,2011007N
11/008,2011-01-18,9,15,21,31,33,41,37,2011008N
11/009,2011-01-20,5,21,28,30,37,42,48,2011009N
11/010,2011-01-22,1,15,30,39,45,49,37,2011010N
11/011,2011-01-25,9,14,16,17,21,26,20,2011011N
11/012,2011-01-27,1,6,14,25,29,35,48,2011012N
11/013,2011-01-29,5,8,9,10,29,49,46,2011013N
11/014,2011-02-01,1,8,22,32,46,48,9,2011014N
11/015,2011-02-03,6,8,10,28,36,37,21,2011015N
11/016,2011-02-06,1,2,16,27,31,47,19,2011016N
11/017,2011-02-08,11,21,27,28,32,34,17,2011017N
11/018,2011-02-10,2,3,9,18,20,36,12,2011018N
11/019,2011-02-13,10,13,20,24,37,47,16,2011019N
11/020,2011-02-15,16,17,18,27,38,41,30,2011020N
11/021,2011-02-17,9,24,25,30,35,37,45,2011021N
11/022,2011-02-19,13,16,18,23,34,42,40,2011022N
11/023,2011-02-22,3,8,21,22,28,48,5,2011023N
11/024,2011-02-24,7,26,27,29,30,41,44,2011024N
11/025,2011-02-26,1,24,28,33,37,47,49,2011025N
11/026,2011-03-01,4,25,30,41,43,45,29,2011026N
11/027,2011-03-03,8,9,13,17,33,49,30,2011027N
11/028,2011-03-05,2,7,16,25,29,34,10,2011028N
11/029,2011-03-08,4,15,23,33,37,47,22,2011029N
11/030,2011-03-10,2,6,21,45,46,49,28,2011030N
11/031,2011-03-13,6,14,26,27,30,43,21,2011031N
11/032,2011-03-15,4,11,15,16,35,42,9,2011032N
11/033,2011-03-17,4,5,23,31,39,48,20,2011033N
11/034,2011-03-19,8,12,24,31,33,41,20,2011034N
11/035,2011-03-22,18,24,26,34,38,45,15,2011035N
11/036,2011-03-24,10,16,17,38,42,43,13,2011036N
11/037,2011-03-26,2,12,20,25,31,47,29,2011037N
11/038,2011-03-29,1,2,9,20,24,49,43,2011038N
11/039,2011-03-31,6,23,24,38,39,40,32,2011039N
11/040,2011-04-02,3,12,15,31,36,49,11,2011040N
11/041,2011-04-05,8,10,26,29,41,44,9,2011041N
11/042,2011-04-07,1,5,21,26,31,43,22,2011042N
11/043,2011-04-10,6,10,24,34,37,47,12,2011043N
11/044,2011-04-12,2,4,9,12,21,31,10,2011044N
11/045,2011-04-14,12,14,23,32,37,39,28,2011045N
11/046,2011-04-16,1,16,17,26,31,36,45,2011046N
11/047,2011-04-19,1,8,18,20,22,46,28,2011047N
11/048,2011-04-21,1,6,9,10,22,26,35,2011048N
11/049,2011-04-23,2,4,26,30,31,43,38,2011049N
11/050,2011-04-26,11,15,25,29,30,49,47,2011050N
11/051,2011-04-28,1,6,15,30,33,49,3,2011051N
11/052,2011-04-30,9,10,23,29,30,34,36,2011052N
11/053,2011-05-03,2,3,13,23,34,38,5,2011053N
11/054,2011-05-05,5,6,15,20,32,48,22,2011054N
11/055,2011-05-08,10,14,26,29,39,41,6,2011055N
11/056,2011-05-12,4,9,25,28,39,45,30,2011056N
11/057,2011-05-14,4,10,15,22,33,35,48,2011057N
11/058,2011-05-17,12,14,27,35,46,49,31,2011058N
11/059,2011-05-20,13,15,18,30,32,48,8,2011059N
11/060,2011-05-22,15,17,22,36,45,47,35,2011060N
11/061,2011-05-24,11,20,31,33,39,48,4,2011061N
11/062,2011-05-26,5,6,22,37,44,48,23,2011062N
11/063,2011-05-28,7,13,34,38,43,44,10,2011063N
11/064,2011-05-31,1,4,10,24,30,39,8,2011064N
11/065,2011-06-02,2,7,18,23,39,47,17,2011065N
11/066,2011-06-04,7,8,33,36,46,49,18,2011066N
11/067,2011-06-07,22,24,33,36,42,49,38,2011067N
11/068,2011-06-09,3,5,6,15,39,42,35,2011068N
11/069,2011-06-12,1,4,13,17,35,44,22,2011069N
11/070,2011-06-14,12,13,19,22,39,48,46,2011070N
11/071,2011-06-16,4,12,26,44,47,48,2,2011071N
11/072,2011-06-18,14,16,38,44,48,49,39,2011072N
11/073,2011-06-21,9,10,16,21,32,47,38,2011073N
11/074,2011-06-23,2,15,27,32,43,49,42,2011074N
11/075,2011-06-25,4,23,24,30,34,45,19,2011075N
11/076,2011-06-28,4,15,17,43,45,47,38,2011076N
11/077,2011-06-30,10,20,40,46,48,49,13,2011077N
11/078,2011-07-02,5,13,31,33,34,35,27,2011078N
11/079,2011-07-05,9,16,22,28,30,32,37,2011079N
11/080,2011-07-07,10,14,29,35,40,46,30,2011080N
11/081,2011-07-09,1,10,11,13,42,48,15,2011081N
11/082,2011-07-12,16,18,28,33,41,45,29,2011082N
11/083,2011-07-14,11,13,33,37,45,48,36,2011083N
11/084,2011-07-16,11,17,20,31,48,49,35,2011084N
11/085,2011-07-19,3,10,31,40,41,43,20,2011085N
11/086,2011-07-21,6,18,26,28,30,49,22,2011086N
11/087,2011-07-24,7,8,27,29,37,48,21,2011087N
11/088,2011-07-26,15,25,26,34,35,41,10,2011088N
11/089,2011-07-28,11,21,30,36,42,47,34,2011089N
11/090,2011-07-30,6,29,44,45,46,47,30,2011090N
11/091,2011-08-02,11,14,21,24,25,47,36,2011091N
11/092,2011-08-04,2,11,25,32,34,39,31,2011092N
11/093,2011-08-06,9,30,31,34,42,45,24,2011093N
11/094,2011-08-09,5,6,11,25,45,48,34,2011094N
11/095,2011-08-11,4,6,7,25,35,37,48,2011095N
11/096,2011-08-13,11,18,23,31,37,49,10,2011096N
11/097,2011-08-16,5,8,9,10,22,38,7,2011097N
11/098,2011-08-18,5,14,17,43,45,49,12,2011098N
11/099,2011-08-20,13,15,17,23,26,47,1,2011099N
11/100,2011-08-23,11,24,25,36,41,45,40,2011100N
11/101,2011-08-25,6,10,17,20,25,28,2,2011101N
11/102,2011-08-27,9,10,19,27,29,45,30,2011102N
11/103,2011-08-30,9,15,24,46,48,49,6,2011103N
11/104,2011-09-02,2,29,33,34,44,49,42,2011104N
11/105,2011-09-04,4,18,21,22,39,46,29,2011105N
11/106,2011-09-06,1,4,7,21,23,44,17,2011106N
11/107,2011-09-08,14,18,22,30,39,44,32,2011107N
11/108,2011-09-10,15,19,36,44,45,49,16,2011108N
11/109,2011-09-13,11,13,16,19,28,46,22,2011109N
11/110,2011-09-15,5,7,13,29,41,49,25,2011110N
11/111,2011-09-17,6,12,14,25,35,43,42,2011111N
11/112,2011-09-20,10,27,33,40,47,48,13,2011112N
11/113,2011-09-22,8,10,19,27,39,44,6,2011113N
11/114,2011-09-24,6,16,18,28,34,40,38,2011114N
11/115,2011-09-27,4,22,23,37,40,49,13,2011115N
11/116,2011-10-02,9,14,22,37,41,45,5,2011116N
11/117,2011-10-04,1,4,9,15,37,39,47,2011117N
11/118,2011-10-08,4,8,24,26,37,41,33,2011118N
11/119,2011-10-11,2,6,22,25,33,39,46,2011119N
11/120,2011-10-13,2,8,28,30,33,40,23,2011120N
11/121,2011-10-15,11,24,28,37,41,43,13,2011121N
11/122,2011-10-18,4,9,23,37,47,48,14,2011122N
11/123,2011-10-20,2,16,23,32,34,35,40,2011123N
11/124,2011-10-22,1,11,18,20,26,30,47,2011124N
11/125,2011-10-25,17,22,26,27,29,35,44,2011125N
11/126,2011-10-27,1,9,22,43,46,48,49,2011126N
11/127,2011-10-29,5,12,15,17,18,39,47,2011127N
11/128,2011-11-01,8,15,19,21,24,44,10,2011128N
11/129,2011-11-03,1,3,21,34,41,44,43,2011129N
11/130,2011-11-06,1,3,7,11,16,34,49,2011130N
11/131,2011-11-08,2,23,30,34,40,42,48,2011131N
11/132,2011-11-10,4,7,9,20,37,49,33,2011132N
11/133,2011-11-12,10,17,29,33,42,48,35,2011133N
11/134,2011-11-15,7,11,14,25,26,30,29,2011134N
11/135,2011-11-17,3,6,23,24,42,44,35,2011135N
11/136,2011-11-19,10,12,13,14,22,47,21,2011136N
11/137,2011-11-22,7,21,24,31,43,47,5,2011137N
11/138,2011-11-24,3,5,19,35,38,41,32,2011138N
11/139,2011-11-26,4,22,33,39,42,47,14,2011139N
11/140,2011-11-29,3,6,13,37,40,42,29,2011140N
11/141,2011-12-01,1,3,8,22,28,33,5,2011141N
11/142,2011-12-03,2,3,9,18,23,37,31,2011142N
11/143,2011-12-06,1,2,5,6,11,43,25,2011143N
11/144,2011-12-08,5,20,22,28,36,48,1,2011144N
11/145,2011-12-10,3,14,21,25,27,42,34,2011145N
11/146,2011-12-13,3,25,32,36,38,40,31,2011146N
11/147,2011-12-15,9,21,29,34,43,47,32,2011147N
11/148,2011-12-18,1,2,23,35,38,46,5,2011148N
11/149,2011-12-20,26,29,31,37,43,49,2,2011149N
11/150,2011-12-22,5,16,18,28,37,49,24,2011150N
11/151,2011-12-24,1,4,17,24,27,43,41,2011151N
11/152,2011-12-26,8,30,31,37,38,48,5,2011152N
11/153,2011-12-29,7,10,21,23,29,39,1,2011153N
11/154,2011-12-31,2,3,27,40,44,49,38,2011154N
12/001,2012-01-03,5,12,31,34,37,45,10,2012001N
12/002,2012-01-05,9,11,33,43,46,48,2,2012002N
12/003,2012-01-07,3,7,10,31,32,35,30,2012003N
12/004,2012-01-10,3,20,26,31,32,35,12,2012004N
12/005,2012-01-12,15,27,32,36,44,48,47,2012005N
12/006,2012-01-14,10,13,20,24,29,36,14,2012006N
12/007,2012-01-17,16,23,24,35,36,44,1,2012007N
12/008,2012-01-19,1,2,14,18,25,39,31,2012008N
12/009,2012-01-22,10,14,18,20,34,47,41,2012009N
12/010,2012-01-26,3,10,11,17,29,34,15,2012010N
12/011,2012-01-31,22,27,28,29,42,46,49,2012011N
12/012,2012-02-02,14,20,21,38,45,46,47,2012012N
12/013,2012-02-04,6,12,16,20,27,38,7,2012013N
12/014,2012-02-07,11,16,30,34,41,45,47,2012014N
12/015,2012-02-09,3,12,20,33,34,41,43,2012015N
12/016,2012-02-12,7,9,33,34,39,41,48,2012016N
12/017,2012-02-14,10,14,21,37,39,49,25,2012017N
12/018,2012-02-16,4,12,18,25,42,44,8,2012018N
12/019,2012-02-18,5,12,16,17,41,46,15,2012019N
12/020,2012-02-21,1,11,12,15,35,49,17,2012020N
12/021,2012-02-23,1,5,15,22,43,47,37,2012021N
12/022,2012-02-25,12,14,24,26,27,49,22,2012022N
12/023,2012-02-28,8,9,24,28,37,49,47,2012023N
12/024,2012-03-01,25,30,31,34,40,47,13,2012024N
12/025,2012-03-03,1,3,4,8,21,28,5,2012025N
12/026,2012-03-06,3,7,28,31,33,36,32,2012026N
12/027,2012-03-08,3,5,9,17,35,36,43,2012027N
12/028,2012-03-11,10,23,33,39,42,48,34,2012028N
12/029,2012-03-13,7,8,26,43,47,48,12,2012029N
12/030,2012-03-15,4,28,31,34,48,49,6,2012030N
12/031,2012-03-17,4,6,13,18,23,45,15,2012031N
12/032,2012-03-20,11,13,18,29,44,46,37,2012032N
12/033,2012-03-22,2,35,38,47,48,49,41,2012033N
12/034,2012-03-24,3,23,32,35,43,49,34,2012034N
12/035,2012-03-27,2,7,17,25,30,43,38,2012035N
12/036,2012-03-29,10,16,21,28,29,31,8,2012036N
12/037,2012-03-31,11,19,30,33,37,44,18,2012037N
12/038,2012-04-03,20,21,28,44,46,47,42,2012038N
12/039,2012-04-05,13,15,17,18,41,45,14,2012039N
12/040,2012-04-07,3,14,22,24,34,49,44,2012040N
12/041,2012-04-10,4,11,16,26,42,47,6,2012041N
12/042,2012-04-12,2,11,16,17,25,28,41,2012042N
12/043,2012-04-14,3,15,19,20,32,40,25,2012043N
12/044,2012-04-17,6,7,17,19,35,46,4,2012044N
12/045,2012-04-19,5,12,13,20,37,41,23,2012045N
12/046,2012-04-22,1,3,11,21,41,42,2,2012046N
12/047,2012-04-24,1,17,28,29,31,34,45,2012047N
12/048,2012-04-26,7,10,11,17,22,30,14,2012048N
12/049,2012-04-28,11,17,19,20,29,32,38,2012049N
12/050,2012-05-01,5,17,19,26,32,33,22,2012050N
12/051,2012-05-03,2,20,28,46,47,49,3,2012051N
12/052,2012-05-05,4,11,17,29,39,49,8,2012052N
12/053,2012-05-08,4,9,10,17,33,34,35,2012053N
12/054,2012-05-10,13,17,23,32,34,46,41,2012054N
12/055,2012-05-13,16,21,30,34,39,45,4,2012055N
12/056,2012-05-15,5,14,16,22,23,33,32,2012056N
12/057,2012-05-17,1,10,15,21,27,37,40,2012057N
12/058,2012-05-20,3,17,23,26,41,47,33,2012058N
12/059,2012-05-22,1,8,22,26,32,37,41,2012059N
12/060,2012-05-24,2,5,8,29,40,47,34,2012060N
12/061,2012-05-26,9,10,20,22,38,49,7,2012061N
12/062,2012-05-29,8,18,20,22,31,37,46,2012062N
12/063,2012-05-31,4,9,24,31,39,47,38,2012063N
12/064,2012-06-02,9,14,19,20,43,47,37,2012064N
12/065,2012-06-05,10,21,26,34,35,43,37,2012065N
12/066,2012-06-07,4,17,20,29,39,48,9,2012066N
12/067,2012-06-10,8,15,18,37,39,44,6,2012067N
12/068,2012-06-12,7,14,16,25,30,36,32,2012068N
12/069,2012-06-16,2,4,6,7,13,29,9,2012069N
12/070,2012-06-19,10,13,26,40,42,48,24,2012070N
12/071,2012-06-21,2,5,8,13,17,35,28,2012071N
12/072,2012-06-23,9,14,17,34,40,48,39,2012072N
12/073,2012-06-26,6,19,26,28,37,49,47,2012073N
12/074,2012-06-28,3,6,14,19,27,36,24,2012074N
12/075,2012-06-30,10,13,28,32,37,41,1,2012075N
12/076,2012-07-03,6,10,12,14,31,38,20,2012076N
12/077,2012-07-05,2,3,11,24,26,27,44,2012077N
12/078,2012-07-07,1,4,5,22,44,46,37,2012078N
12/079,2012-07-10,4,7,13,28,36,49,3,2012079N
12/080,2012-07-12,2,13,33,39,40,44,43,2012080N
12/081,2012-07-14,2,6,16,24,41,46,27,2012081N
12/082,2012-07-17,8,11,17,24,30,49,3,2012082N
12/083,2012-07-19,9,20,30,34,35,46,29,2012083N
12/084,2012-07-21,7,19,23,30,34,45,13,2012084N
12/085,2012-07-24,10,11,15,22,23,45,31,2012085N
12/086,2012-07-26,9,11,13,22,24,44,32,2012086N
12/087,2012-07-28,18,25,38,40,44,45,5,2012087N
12/088,2012-07-31,2,10,16,23,35,47,1,2012088N
12/089,2012-08-02,9,11,12,22,28,49,7,2012089N
12/090,2012-08-04,8,15,20,41,42,49,12,2012090N
12/091,2012-08-07,2,9,13,40,44,46,10,2012091N
12/092,2012-08-09,10,13,20,22,42,46,48,2012092N
12/093,2012-08-11,5,11,12,31,41,42,16,2012093N
12/094,2012-08-14,2,13,16,34,37,47,28,2012094N
12/095,2012-08-16,5,6,13,19,23,34,8,2012095N
12/096,2012-08-18,7,10,22,32,34,48,45,2012096N
12/097,2012-08-21,1,7,12,17,36,38,48,2012097N
12/098,2012-08-23,13,15,25,28,45,47,5,2012098N
12/099,2012-08-25,3,7,21,22,38,47,27,2012099N
12/100,2012-08-28,7,17,24,29,47,49,45,2012100N
12/101,2012-08-30,7,11,15,21,26,34,38,2012101N
12/102,2012-09-01,9,12,15,19,21,47,38,2012102N
12/103,2012-09-04,20,24,34,36,43,45,3,2012103N
12/104,2012-09-06,6,13,33,38,41,43,29,2012104N
12/105,2012-09-09,4,7,12,15,27,34,37,2012105N
12/106,2012-09-11,4,11,25,27,39,41,43,2012106N
12/107,2012-09-13,16,20,22,31,42,48,43,2012107N
12/108,2012-09-15,6,7,18,21,27,48,42,2012108N
12/109,2012-09-18,15,26,27,38,42,43,39,2012109N
12/110,2012-09-22,2,13,33,35,38,49,40,2012110N
12/111,2012-09-25,1,4,17,20,28,32,47,2012111N
12/112,2012-09-27,1,3,10,15,17,40,28,2012112N
12/113,2012-09-29,2,8,16,17,20,26,32,2012113N
12/114,2012-10-02,12,24,25,33,37,44,13,2012114N
12/115,2012-10-07,1,10,12,13,29,47,9,2012115N
12/116,2012-10-09,15,17,21,22,27,36,16,2012116N
12/117,2012-10-11,1,3,11,18,40,46,35,2012117N
12/118,2012-10-13,5,6,11,26,33,41,4,2012118N
12/119,2012-10-16,9,17,27,35,39,44,40,2012119N
12/120,2012-10-18,4,6,10,14,16,29,26,2012120N
12/121,2012-10-20,4,19,31,34,37,44,6,2012121N
12/122,2012-10-23,11,28,29,41,45,47,21,2012122N
12/123,2012-10-25,8,17,23,40,41,43,28,2012123N
12/124,2012-10-27,26,28,30,34,36,39,1,2012124N
12/125,2012-10-30,1,20,28,30,34,40,19,2012125N
12/126,2012-11-01,15,18,24,28,34,42,2,2012126N
12/127,2012-11-03,1,12,33,36,46,48,41,2012127N
12/128,2012-11-06,1,6,8,28,37,39,42,2012128N
12/129,2012-11-08,15,26,31,37,44,47,43,2012129N
12/130,2012-11-11,9,26,28,35,45,47,25,2012130N
12/131,2012-11-13,3,5,25,26,29,30,31,2012131N
12/132,2012-11-15,18,20,36,41,46,48,21,2012132N
12/133,2012-11-17,7,12,24,39,43,48,30,2012133N
12/134,2012-11-20,2,11,20,37,45,47,13,2012134N
12/135,2012-11-22,9,22,26,30,44,49,31,2012135N
12/136,2012-11-24,2,3,4,15,23,40,13,2012136N
12/137,2012-11-27,8,20,21,24,34,47,10,2012137N
12/138,2012-11-29,13,17,26,28,32,34,6,2012138N
12/139,2012-12-01,10,16,17,27,36,38,47,2012139N
12/140,2012-12-04,7,10,11,18,37,47,4,2012140N
12/141,2012-12-06,1,6,38,41,43,45,48,2012141N
12/142,2012-12-08,15,22,30,33,34,47,38,2012142N
12/143,2012-12-11,2,15,28,41,42,49,24,2012143N
12/144,2012-12-13,6,9,29,31,42,47,14,2012144N
12/145,2012-12-15,18,21,28,33,41,47,48,2012145N
12/146,2012-12-18,8,14,21,41,45,48,34,2012146N
12/147,2012-12-20,4,12,25,34,36,40,49,2012147N
12/148,2012-12-23,9,27,28,32,34,43,2,2012148N
12/149,2012-12-25,12,18,23,24,46,49,14,2012149N
12/150,2012-12-27,4,7,29,39,44,47,23,2012150N
12/151,2012-12-29,1,6,9,11,33,39,40,2012151N
12/152,2012-12-31,5,6,25,30,32,48,45,2012152N
13/001,2013-01-03,17,25,32,33,46,48,39,2013001N
13/002,2013-01-08,14,19,20,21,29,49,7,2013002N
13/003,2013-01-10,2,9,24,34,41,45,48,2013003N
13/004,2013-01-13,3,6,19,21,31,49,7,2013004N
13/005,2013-01-15,3,4,7,24,27,31,13,2013005N
13/006,2013-01-17,2,8,14,25,43,44,11,2013006N
13/007,2013-01-19,3,12,19,21,31,48,26,2013007N
13/008,2013-01-22,2,4,20,22,30,37,1,2013008N
13/009,2013-01-24,1,2,3,9,20,49,24,2013009N
13/010,2013-01-26,2,29,41,42,45,48,5,2013010N
13/011,2013-01-29,8,20,26,36,44,47,28,2013011N
13/012,2013-01-31,16,22,27,35,38,46,32,2013012N
13/013,2013-02-03,2,17,23,39,47,48,22,2013013N
13/014,2013-02-05,5,19,31,32,34,45,13,2013014N
13/015,2013-02-07,3,8,12,18,22,33,37,2013015N
13/016,2013-02-09,4,8,10,35,46,47,32,2013016N
13/017,2013-02-14,11,16,24,27,36,48,47,2013017N
13/018,2013-02-16,3,12,30,35,37,38,18,2013018N
13/019,2013-02-19,5,18,19,32,40,44,34,2013019N
13/020,2013-02-21,11,14,21,22,32,49,7,2013020N
13/021,2013-02-23,12,19,23,30,35,36,15,2013021N
13/022,2013-02-26,1,4,15,16,18,36,21,2013022N
13/023,2013-02-28,10,11,23,26,28,30,17,2013023N
13/024,2013-03-03,7,8,26,31,35,39,37,2013024N
13/025,2013-03-05,4,6,8,35,36,43,5,2013025N
13/026,2013-03-07,8,9,24,35,39,41,2,2013026N
13/027,2013-03-09,9,18,24,34,40,43,28,2013027N
13/028,2013-03-12,13,15,17,30,38,45,4,2013028N
13/029,2013-03-14,3,4,15,16,17,46,12,2013029N
13/030,2013-03-16,6,9,31,41,45,47,18,2013030N
13/031,2013-03-19,3,12,15,28,29,34,8,2013031N
13/032,2013-03-21,1,4,13,22,39,42,34,2013032N
13/033,2013-03-23,6,9,17,25,33,42,27,2013033N
13/034,2013-03-26,10,15,26,35,40,44,11,2013034N
13/035,2013-03-28,12,17,31,38,44,45,43,2013035N
13/036,2013-03-30,4,6,19,25,34,43,17,2013036N
13/037,2013-04-02,2,4,9,31,33,46,5,2013037N
13/038,2013-04-04,2,7,11,15,17,27,4,2013038N
13/039,2013-04-06,10,12,16,29,41,48,25,2013039N
13/040,2013-04-09,2,3,25,28,35,43,39,2013040N
13/041,2013-04-11,11,18,20,24,29,49,2,2013041N
13/042,2013-04-13,8,16,29,40,46,47,18,2013042N
13/043,2013-04-16,11,15,21,27,38,43,48,2013043N
13/044,2013-04-18,4,5,14,17,22,39,9,2013044N
13/045,2013-04-21,9,10,15,33,40,49,48,2013045N
13/046,2013-04-23,7,20,23,29,35,41,6,2013046N
13/047,2013-04-25,14,15,17,22,38,48,19,2013047N
13/048,2013-04-27,4,7,16,23,26,28,9,2013048N
13/049,2013-04-30,4,18,24,30,31,49,36,2013049N
13/050,2013-05-02,1,5,28,31,44,46,14,2013050N
13/051,2013-05-04,1,10,29,40,44,49,33,2013051N
13/052,2013-05-07,5,9,14,24,29,37,36,2013052N
13/053,2013-05-09,12,14,15,16,22,34,13,2013053N
13/054,2013-05-12,1,6,11,16,20,25,22,2013054N
13/055,2013-05-14,2,11,16,19,44,47,27,2013055N
13/056,2013-05-16,7,18,27,32,42,48,17,2013056N
13/057,2013-05-19,4,14,24,30,43,48,34,2013057N
13/058,2013-05-21,11,12,16,18,23,31,36,2013058N
13/059,2013-05-23,12,24,27,45,47,49,6,2013059N
13/060,2013-05-25,3,8,10,25,26,40,38,2013060N
13/061,2013-05-28,1,4,5,6,9,25,27,2013061N
13/062,2013-05-30,15,17,22,27,36,46,23,2013062N
13/063,2013-06-01,1,23,27,36,45,49,7,2013063N
13/064,2013-06-04,9,17,26,36,40,48,2,2013064N
13/065,2013-06-06,10,16,20,28,32,48,30,2013065N
13/066,2013-06-09,15,18,22,24,42,44,28,2013066N
13/067,2013-06-11,1,14,21,35,39,40,5,2013067N
13/068,2013-06-13,3,11,26,32,35,43,1,2013068N
13/069,2013-06-15,9,14,27,29,42,45,44,2013069N
13/070,2013-06-18,9,22,23,31,45,47,39,2013070N
13/071,2013-06-20,11,14,16,29,31,46,30,2013071N
13/072,2013-06-22,23,25,34,40,42,46,39,2013072N
13/073,2013-06-25,17,20,29,35,38,40,22,2013073N
13/074,2013-06-27,16,34,37,42,47,48,17,2013074N
13/075,2013-06-29,1,3,4,26,34,37,14,2013075N
13/076,2013-07-02,7,19,28,33,43,45,13,2013076N
13/077,2013-07-06,6,9,27,29,43,47,17,2013077N
13/078,2013-07-09,1,4,15,38,40,46,49,2013078N
13/079,2013-07-11,14,26,28,38,39,45,8,2013079N
13/080,2013-07-13,7,14,18,23,32,46,42,2013080N
13/081,2013-07-16,3,18,19,20,37,47,25,2013081N
13/082,2013-07-18,14,18,28,32,36,46,44,2013082N
13/083,2013-07-21,3,17,20,26,33,47,34,2013083N
13/084,2013-07-23,6,8,17,22,28,32,20,2013084N
13/085,2013-07-25,20,23,27,32,34,49,30,2013085N
13/086,2013-07-27,1,3,7,22,28,36,21,2013086N
13/087,2013-07-30,8,12,31,33,42,44,49,2013087N
13/088,2013-08-01,6,8,10,19,20,22,42,2013088N
13/089,2013-08-03,5,6,12,23,38,39,48,2013089N
13/090,2013-08-06,4,11,15,19,32,44,42,2013090N
13/091,2013-08-08,13,15,23,25,26,29,9,2013091N
13/092,2013-08-10,3,10,20,30,41,44,31,2013092N
13/093,2013-08-13,1,6,31,41,42,49,44,2013093N
13/094,2013-08-15,10,16,22,26,31,42,23,2013094N
13/095,2013-08-17,9,14,30,31,32,49,1,2013095N
13/096,2013-08-20,13,14,15,31,46,48,36,2013096N
13/097,2013-08-22,1,16,25,33,41,49,46,2013097N
13/098,2013-08-24,3,6,10,14,15,20,33,2013098N
13/099,2013-08-27,9,14,29,30,32,36,20,2013099N
13/100,2013-08-29,24,25,28,35,38,47,16,2013100N
13/101,2013-08-31,3,6,17,18,42,43,36,2013101N
13/102,2013-09-03,21,25,26,33,35,39,17,2013102N
13/103,2013-09-05,1,7,22,28,29,49,37,2013103N
13/104,2013-09-07,7,10,17,18,28,30,6,2013104N
13/105,2013-09-10,8,12,19,39,48,49,17,2013105N
13/106,2013-09-12,1,14,26,28,31,48,36,2013106N
13/107,2013-09-14,6,21,29,39,40,47,33,2013107N
13/108,2013-09-16,17,22,31,39,45,47,49,2013108N
13/109,2013-09-19,3,15,18,26,45,49,41,2013109N
13/110,2013-09-21,22,25,35,36,39,47,31,2013110N
13/111,2013-09-24,13,25,26,29,30,39,19,2013111N
13/112,2013-09-26,3,6,7,9,11,28,34,2013112N
13/113,2013-09-28,33,39,40,43,48,49,34,2013113N
13/114,2013-09-30,1,11,29,40,43,44,4,2013114N
13/115,2013-10-03,14,17,26,32,35,41,15,2013115N
13/116,2013-10-05,4,6,9,29,31,36,20,2013116N
13/117,2013-10-08,1,3,6,7,15,27,30,2013117N
13/118,2013-10-10,8,9,11,16,17,38,20,2013118N
13/119,2013-10-13,24,28,35,37,42,48,38,2013119N
13/120,2013-10-15,4,20,27,33,41,46,12,2013120N
13/121,2013-10-17,1,11,24,35,44,45,49,2013121N
13/122,2013-10-19,1,10,31,41,44,47,18,2013122N
13/123,2013-10-22,5,9,34,36,41,49,26,2013123N
13/124,2013-10-24,9,10,22,24,43,44,30,2013124N
13/125,2013-10-26,6,15,30,38,47,48,40,2013125N
13/126,2013-10-29,1,20,22,25,34,47,17,2013126N
13/127,2013-10-31,2,9,29,43,46,47,21,2013127N
13/128,2013-11-02,8,18,19,29,31,34,36,2013128N
13/129,2013-11-05,4,22,25,37,38,42,20,2013129N
13/130,2013-11-07,4,9,14,26,30,42,21,2013130N
13/131,2013-11-10,13,31,32,35,39,42,16,2013131N
13/132,2013-11-12,18,19,21,28,47,49,46,2013132N
13/133,2013-11-14,3,8,10,25,29,34,32,2013133N
13/134,2013-11-16,1,8,17,32,39,43,48,2013134N
13/135,2013-11-19,12,27,35,44,47,49,36,2013135N
13/136,2013-11-21,3,6,8,23,25,49,4,2013136N
13/137,2013-11-23,3,18,20,21,30,41,13,2013137N
13/138,2013-11-26,9,10,12,31,34,44,18,2013138N
13/139,2013-11-28,3,6,21,33,34,43,9,2013139N
13/140,2013-11-30,2,15,19,34,42,45,14,2013140N
13/141,2013-12-03,1,17,24,29,39,40,21,2013141N
13/142,2013-12-05,1,16,17,19,26,46,29,2013142N
13/143,2013-12-07,5,18,24,26,41,44,20,2013143N
13/144,2013-12-10,1,8,17,30,36,46,16,2013144N
13/145,2013-12-12,10,19,24,28,31,34,27,2013145N
13/146,2013-12-14,6,14,15,38,46,49,29,2013146N
13/147,2013-12-17,1,8,15,19,20,33,47,2013147N
13/148,2013-12-19,4,14,31,39,43,47,27,2013148N
13/149,2013-12-22,12,13,18,41,43,49,39,2013149N
13/150,2013-12-25,4,21,25,45,47,49,6,2013150N
13/151,2013-12-28,4,9,20,32,42,43,5,2013151N
13/152,2013-12-31,7,9,12,40,42,44,14,2013152N
14/001,2014-01-02,1,36,38,43,46,49,21,2014001N
14/002,2014-01-04,6,16,31,32,44,49,43,2014002N
14/003,2014-01-07,9,16,30,31,38,41,46,2014003N
14/004,2014-01-09,4,15,16,28,39,45,25,2014004N
14/005,2014-01-12,3,16,36,39,42,44,17,2014005N
14/006,2014-01-14,9,11,27,31,33,34,21,2014006N
14/007,2014-01-16,9,15,16,17,18,37,33,2014007N
14/008,2014-01-18,3,17,18,26,28,44,38,2014008N
14/009,2014-01-21,8,20,23,34,37,49,44,2014009N
14/010,2014-01-23,4,5,18,21,27,31,7,2014010N
14/011,2014-01-25,5,20,37,38,43,48,6,2014011N
14/012,2014-01-28,4,20,27,30,31,37,18,2014012N
14/013,2014-01-30,2,3,4,16,26,36,45,2014013N
14/014,2014-02-04,11,13,15,39,48,49,37,2014014N
14/015,2014-02-06,26,27,32,33,37,45,39,2014015N
14/016,2014-02-09,20,21,35,37,47,48,14,2014016N
14/017,2014-02-11,7,10,24,25,27,29,19,2014017N
14/018,2014-02-13,19,23,25,40,46,49,30,2014018N
14/019,2014-02-15,2,14,30,32,36,45,11,2014019N
14/020,2014-02-18,15,21,23,25,34,45,35,2014020N
14/021,2014-02-20,3,5,24,26,31,40,45,2014021N
14/022,2014-02-22,2,23,24,29,33,35,14,2014022N
14/023,2014-02-25,8,26,39,40,41,43,5,2014023N
14/024,2014-02-27,5,9,15,24,28,35,44,2014024N
14/025,2014-03-02,11,16,19,21,38,46,34,2014025N
14/026,2014-03-04,3,13,16,19,27,33,22,2014026N
14/027,2014-03-06,6,10,20,27,39,46,38,2014027N
14/028,2014-03-08,2,3,16,17,24,32,40,2014028N
14/029,2014-03-11,4,6,15,28,30,33,27,2014029N
14/030,2014-03-13,7,10,17,19,20,22,30,2014030N
14/031,2014-03-15,2,15,21,24,29,46,27,2014031N
14/032,2014-03-18,2,17,23,35,42,48,27,2014032N
14/033,2014-03-20,1,9,18,25,37,48,14,2014033N
14/034,2014-03-22,11,20,21,26,34,49,4,2014034N
14/035,2014-03-25,22,28,35,36,44,45,6,2014035N
14/036,2014-03-27,7,23,35,42,45,49,36,2014036N
14/037,2014-03-29,2,10,12,18,24,33,11,2014037N
14/038,2014-04-01,22,33,36,43,48,49,25,2014038N
14/039,2014-04-03,4,9,25,26,27,28,3,2014039N
14/040,2014-04-05,10,19,38,39,44,45,31,2014040N
14/041,2014-04-08,11,24,31,45,46,47,6,2014041N
14/042,2014-04-10,4,18,21,31,42,49,25,2014042N
14/043,2014-04-12,6,18,20,28,43,45,13,2014043N
14/044,2014-04-15,6,14,16,28,41,45,27,2014044N
14/045,2014-04-17,12,14,17,23,24,45,42,2014045N
14/046,2014-04-19,20,21,32,35,46,47,3,2014046N
14/047,2014-04-22,1,3,12,29,36,41,14,2014047N
14/048,2014-04-24,1,17,28,32,39,40,16,2014048N
14/049,2014-04-26,9,12,22,27,36,47,46,2014049N
14/050,2014-04-29,2,8,15,26,37,45,14,2014050N
14/051,2014-05-01,1,14,28,29,37,43,30,2014051N
14/052,2014-05-03,2,6,13,16,30,36,25,2014052N
14/053,2014-05-06,10,23,33,36,39,44,30,2014053N
14/054,2014-05-08,2,10,12,30,37,39,48,2014054N
14/055,2014-05-11,11,16,26,38,45,49,5,2014055N
14/056,2014-05-13,9,20,22,32,35,41,8,2014056N
14/057,2014-05-15,9,12,16,24,34,35,7,2014057N
14/058,2014-05-18,9,12,21,27,37,45,7,2014058N
14/059,2014-05-20,10,16,33,34,44,47,6,2014059N
14/060,2014-05-22,9,17,28,31,35,37,19,2014060N
14/061,2014-05-24,2,4,14,30,39,41,49,2014061N
14/062,2014-05-27,3,10,16,30,34,44,1,2014062N
14/063,2014-05-29,4,14,19,24,26,48,35,2014063N
14/064,2014-05-31,2,10,28,32,37,47,31,2014064N
14/065,2014-06-02,3,13,19,20,36,39,15,2014065N
14/066,2014-06-04,10,11,25,33,40,46,6,2014066N
14/067,2014-06-07,4,8,13,19,44,48,27,2014067N
14/068,2014-06-10,1,30,32,35,37,44,40,2014068N
14/069,2014-06-12,3,18,21,41,44,45,15,2014069N
14/070,2014-06-17,3,4,15,16,23,45,21,2014070N
14/071,2014-06-19,3,17,24,30,31,44,7,2014071N
14/072,2014-06-21,2,17,37,40,45,49,48,2014072N
14/073,2014-06-24,18,24,25,30,31,35,36,2014073N
14/074,2014-06-26,2,20,40,42,47,48,28,2014074N
14/075,2014-06-29,15,23,26,38,46,47,21,2014075N
14/076,2014-07-03,14,17,34,37,43,48,20,2014076N
14/077,2014-07-05,10,14,32,36,37,38,47,2014077N
14/078,2014-07-08,4,16,22,27,38,39,36,2014078N
14/079,2014-07-10,1,2,9,17,22,25,8,2014079N
14/080,2014-07-12,3,11,13,23,40,49,43,2014080N
14/081,2014-07-15,2,5,9,32,41,42,44,2014081N
14/082,2014-07-17,1,20,28,30,42,43,10,2014082N
14/083,2014-07-19,1,9,30,40,41,48,49,2014083N
14/084,2014-07-22,1,3,14,16,24,41,13,2014084N
14/085,2014-07-24,4,5,21,31,36,38,14,2014085N
14/086,2014-07-26,1,4,15,17,36,42,40,2014086N
14/087,2014-07-29,11,13,15,31,37,47,19,2014087N
14/088,2014-07-31,12,22,27,35,44,48,38,2014088N
14/089,2014-08-02,3,22,23,26,42,48,28,2014089N
14/090,2014-08-05,5,7,8,18,24,29,14,2014090N
14/091,2014-08-07,5,14,31,32,36,46,11,2014091N
14/092,2014-08-09,1,9,15,31,33,41,37,2014092N
14/093,2014-08-12,7,9,27,31,36,39,32,2014093N
14/094,2014-08-14,4,8,14,23,48,49,11,2014094N
14/095,2014-08-16,23,26,27,37,42,46,15,2014095N
14/096,2014-08-19,2,5,27,32,42,46,16,2014096N
14/097,2014-08-21,10,14,26,29,30,31,18,2014097N
14/098,2014-08-23,4,12,14,24,32,38,13,2014098N
14/099,2014-08-26,25,29,32,33,37,44,47,2014099N
14/100,2014-08-28,11,17,24,27,31,38,49,2014100N
14/101,2014-08-30,15,18,24,27,39,49,6,2014101N
14/102,2014-09-02,26,28,37,43,45,47,25,2014102N
14/103,2014-09-04,11,14,34,36,43,46,1,2014103N
14/104,2014-09-09,7,25,27,36,39,42,31,2014104N
14/105,2014-09-13,3,12,40,43,48,49,32,2014105N
14/106,2014-09-16,4,15,17,22,34,43,35,2014106N
14/107,2014-09-18,6,16,20,25,27,45,29,2014107N
14/108,2014-09-20,3,16,32,38,40,48,27,2014108N
14/109,2014-09-23,12,13,20,28,41,43,23,2014109N
14/110,2014-09-25,3,19,42,44,48,49,38,2014110N
14/111,2014-09-28,6,10,12,26,28,35,24,2014111N
14/112,2014-09-30,10,16,20,39,45,46,47,2014112N
14/113,2014-10-02,4,10,24,29,33,35,7,2014113N
14/114,2014-10-04,5,14,22,24,27,45,8,2014114N
14/115,2014-10-07,12,13,26,33,42,49,48,2014115N
14/116,2014-10-09,2,12,14,23,40,46,39,2014116N
14/117,2014-10-11,26,29,34,35,37,47,8,2014117N
14/118,2014-10-14,1,5,8,17,20,37,33,2014118N
14/119,2014-10-16,4,9,34,39,48,49,18,2014119N
14/120,2014-10-18,12,19,22,36,40,47,25,2014120N
14/121,2014-10-21,6,9,17,18,29,34,42,2014121N
14/122,2014-10-23,11,14,28,29,37,41,19,2014122N
14/123,2014-10-25,1,13,39,40,41,43,18,2014123N
14/124,2014-10-28,16,26,30,37,43,47,31,2014124N
14/125,2014-10-30,3,19,29,36,47,49,33,2014125N
14/126,2014-11-01,9,10,11,20,26,44,31,2014126N
14/127,2014-11-04,16,23,29,30,37,38,33,2014127N
14/128,2014-11-06,4,10,12,14,29,48,3,2014128N
14/129,2014-11-08,7,8,15,32,34,39,43,2014129N
14/130,2014-11-11,3,5,9,19,48,49,26,2014130N
14/131,2014-11-13,21,36,41,42,46,49,6,2014131N
14/132,2014-11-16,7,15,32,33,34,43,10,2014132N
14/133,2014-11-18,2,6,17,24,37,49,46,2014133N
14/134,2014-11-20,8,16,19,33,35,46,12,2014134N
14/135,2014-11-22,2,12,17,27,32,33,44,2014135N
14/136,2014-11-25,6,35,41,42,44,47,19,2014136N
14/137,2014-11-27,2,20,22,30,40,45,44,2014137N
14/138,2014-11-29,7,26,29,32,33,37,31,2014138N
14/139,2014-12-02,1,4,13,27,47,49,33,2014139N
14/140,2014-12-04,1,8,20,27,33,36,35,2014140N
14/141,2014-12-06,17,18,21,25,40,48,16,2014141N
14/142,2014-12-09,3,4,13,29,31,41,46,2014142N
14/143,2014-12-11,1,7,13,32,35,39,31,2014143N
14/144,2014-12-13,12,14,17,20,40,48,19,2014144N
14/145,2014-12-16,1,7,14,31,34,42,16,2014145N
14/146,2014-12-18,6,8,10,21,25,29,33,2014146N
14/147,2014-12-21,2,25,30,36,37,43,22,2014147N
14/148,2014-12-23,1,4,12,14,35,47,33,2014148N
14/149,2014-12-25,12,19,24,43,46,47,30,2014149N
14/150,2014-12-27,14,15,28,31,32,48,40,2014150N
14/151,2014-12-29,1,25,30,33,39,40,7,2014151N
14/152,2014-12-31,10,19,25,32,33,37,27,2014152N
15/001,2015-01-03,8,15,31,35,42,44,39,2015001N
15/002,2015-01-06,3,14,16,18,38,49,29,2015002N
15/003,2015-01-08,8,18,19,28,37,44,13,2015003N
15/004,2015-01-11,10,21,24,33,40,47,5,2015004N
15/005,2015-01-13,16,21,27,37,40,43,14,2015005N
15/006,2015-01-15,1,2,14,37,43,49,24,2015006N
15/007,2015-01-17,14,15,16,25,27,30,11,2015007N
15/008,2015-01-20,5,7,9,13,15,29,47,2015008N
15/009,2015-01-22,8,16,21,30,42,46,32,2015009N
15/010,2015-01-24,17,18,20,26,31,32,6,2015010N
15/011,2015-01-27,4,5,10,13,28,35,12,2015011N
15/012,2015-01-29,6,15,25,29,32,46,9,2015012N
15/013,2015-01-31,5,7,14,17,46,47,27,2015013N
15/014,2015-02-03,11,34,36,43,47,49,21,2015014N
15/015,2015-02-05,13,16,17,18,22,45,10,2015015N
15/016,2015-02-08,5,7,17,18,27,48,30,2015016N
15/017,2015-02-10,2,17,23,30,34,41,14,2015017N
15/018,2015-02-12,7,9,10,14,22,31,35,2015018N
15/019,2015-02-14,2,10,12,21,25,35,26,2015019N
15/020,2015-02-17,14,22,28,33,44,46,25,2015020N
15/021,2015-02-22,15,20,28,29,42,46,35,2015021N
15/022,2015-02-24,17,18,28,32,33,48,37,2015022N
15/023,2015-02-26,10,12,20,22,25,33,27,2015023N
15/024,2015-02-28,6,9,23,25,41,43,38,2015024N
15/025,2015-03-03,13,17,25,27,46,49,19,2015025N
15/026,2015-03-05,2,6,10,20,38,40,46,2015026N
15/027,2015-03-07,6,8,12,16,32,49,37,2015027N
15/028,2015-03-10,1,18,22,27,45,48,25,2015028N
15/029,2015-03-12,14,17,23,24,25,37,34,2015029N
15/030,2015-03-14,4,21,25,29,32,37,27,2015030N
15/031,2015-03-17,1,5,11,23,34,47,14,2015031N
15/032,2015-03-19,12,15,17,30,31,43,46,2015032N
15/033,2015-03-22,7,26,30,33,34,38,5,2015033N
15/034,2015-03-24,2,5,13,37,42,44,27,2015034N
15/035,2015-03-26,2,6,9,16,39,49,29,2015035N
15/036,2015-03-28,6,11,16,29,30,37,34,2015036N
15/037,2015-03-31,2,5,10,27,36,46,7,2015037N
15/038,2015-04-02,4,12,20,37,42,47,35,2015038N
15/039,2015-04-04,9,12,26,29,44,45,19,2015039N
15/040,2015-04-06,21,24,26,42,43,46,4,2015040N
15/041,2015-04-09,10,11,31,34,37,38,14,2015041N
15/042,2015-04-11,6,17,18,19,20,42,25,2015042N
15/043,2015-04-14,30,31,35,40,42,48,6,2015043N
15/044,2015-04-16,1,3,5,20,35,39,28,2015044N
15/045,2015-04-18,12,17,29,31,41,47,38,2015045N
15/046,2015-04-21,3,13,20,24,43,48,49,2015046N
15/047,2015-04-23,3,4,7,8,26,36,31,2015047N
15/048,2015-04-25,12,19,21,24,36,49,23,2015048N
15/049,2015-04-28,1,8,28,31,36,45,9,2015049N
15/050,2015-04-30,6,8,30,34,36,42,12,2015050N
15/051,2015-05-02,7,10,12,16,26,49,40,2015051N
15/052,2015-05-05,11,13,41,42,43,49,29,2015052N
15/053,2015-05-07,3,7,14,21,25,29,6,2015053N
15/054,2015-05-10,2,13,15,38,39,44,8,2015054N
15/055,2015-05-12,3,7,15,25,26,47,10,2015055N
15/056,2015-05-14,5,17,22,34,38,48,2,2015056N
15/057,2015-05-17,21,32,36,37,44,46,47,2015057N
15/058,2015-05-19,21,27,28,33,37,48,13,2015058N
15/059,2015-05-21,16,18,19,36,42,47,46,2015059N
15/060,2015-05-23,5,10,13,43,44,45,7,2015060N
15/061,2015-05-26,7,10,15,37,42,45,41,2015061N
15/062,2015-05-28,2,7,20,23,44,47,30,2015062N
15/063,2015-05-30,9,16,28,36,42,45,2,2015063N
15/064,2015-06-02,11,12,15,21,38,42,25,2015064N
15/065,2015-06-04,18,24,28,31,39,49,44,2015065N
15/066,2015-06-06,9,11,14,22,27,49,44,2015066N
15/067,2015-06-09,7,12,16,17,20,25,31,2015067N
15/068,2015-06-11,10,13,35,38,42,44,27,2015068N
15/069,2015-06-13,10,12,24,25,26,33,23,2015069N
15/070,2015-06-16,13,16,24,26,40,44,42,2015070N
15/071,2015-06-18,4,11,12,24,35,46,3,2015071N
15/072,2015-06-20,12,16,31,34,42,48,37,2015072N
15/073,2015-06-23,3,10,26,33,42,46,44,2015073N
15/074,2015-06-25,1,5,26,28,40,49,15,2015074N
15/075,2015-06-28,8,9,18,33,41,43,15,2015075N
15/076,2015-06-30,12,14,21,27,38,43,15,2015076N
15/077,2015-07-02,4,11,23,32,44,48,49,2015077N
15/078,2015-07-04,9,24,32,34,43,47,35,2015078N
15/079,2015-07-07,9,19,28,29,38,40,33,2015079N
15/080,2015-07-11,2,5,17,22,27,28,37,2015080N
15/081,2015-07-14,7,8,10,13,20,38,5,2015081N
15/082,2015-07-16,16,18,22,23,35,38,25,2015082N
15/083,2015-07-18,13,20,23,24,46,47,39,2015083N
15/084,2015-07-21,4,14,15,19,41,42,10,2015084N
15/085,2015-07-23,10,33,40,43,45,49,38,2015085N
15/086,2015-07-26,4,11,15,26,28,30,13,2015086N
15/087,2015-07-28,12,25,32,33,34,35,45,2015087N
15/088,2015-07-30,4,5,11,17,24,48,46,2015088N
15/089,2015-08-01,14,20,28,31,32,47,18,2015089N
15/090,2015-08-04,5,9,13,15,21,23,12,2015090N
15/091,2015-08-06,22,23,35,40,41,42,16,2015091N
15/092,2015-08-08,10,12,19,25,42,46,37,2015092N
15/093,2015-08-11,22,26,27,28,36,47,12,2015093N
15/094,2015-08-13,1,4,8,21,22,24,46,2015094N
15/095,2015-08-15,2,6,13,25,30,33,20,2015095N
15/096,2015-08-18,7,17,34,41,43,49,1,2015096N
15/097,2015-08-20,4,5,18,23,32,44,6,2015097N
15/098,2015-08-22,2,26,31,32,36,37,12,2015098N
15/099,2015-08-25,3,15,16,39,41,42,36,2015099N
15/100,2015-08-27,9,13,29,30,39,45,48,2015100N
15/101,2015-08-29,9,22,28,32,37,39,47,2015101N
15/102,2015-09-01,5,6,8,10,31,36,17,2015102N
15/103,2015-09-03,12,16,34,36,42,45,41,2015103N
15/104,2015-09-05,15,16,20,26,36,40,46,2015104N
15/105,2015-09-08,1,4,13,22,32,41,26,2015105N
15/106,2015-09-10,1,11,13,23,35,36,34,2015106N
15/107,2015-09-12,5,13,21,25,38,40,17,2015107N
15/108,2015-09-15,3,5,17,22,25,27,46,2015108N
15/109,2015-09-17,1,4,9,17,35,41,37,2015109N
15/110,2015-09-22,2,11,12,25,36,43,10,2015110N
15/111,2015-09-24,4,10,15,16,24,28,49,2015111N
15/112,2015-09-26,6,15,16,18,37,43,2,2015112N
15/113,2015-09-30,9,10,23,28,37,46,34,2015113N
15/114,2015-10-03,8,10,16,30,39,40,6,2015114N
15/115,2015-10-06,2,7,9,22,32,46,26,2015115N
15/116,2015-10-08,8,17,28,34,39,40,14,2015116N
15/117,2015-10-11,4,21,22,35,36,46,40,2015117N
15/118,2015-10-13,1,4,22,30,33,34,26,2015118N
15/119,2015-10-15,17,18,26,30,33,34,29,2015119N
15/120,2015-10-17,2,12,19,33,34,48,24,2015120N
15/121,2015-10-19,7,11,15,38,39,46,25,2015121N
15/122,2015-10-21,1,14,16,25,40,48,17,2015122N
15/123,2015-10-24,18,27,28,34,35,45,2,2015123N
15/124,2015-10-27,20,22,31,33,39,44,10,2015124N
15/125,2015-10-29,4,5,6,22,31,46,47,2015125N
15/126,2015-10-31,4,10,28,37,42,48,8,2015126N
15/127,2015-11-03,7,12,13,25,34,38,15,2015127N
15/128,2015-11-05,5,10,11,25,27,44,7,2015128N
15/129,2015-11-07,6,16,27,34,44,48,1,2015129N
15/130,2015-11-10,4,14,28,42,43,47,3,2015130N
15/131,2015-11-12,10,20,24,28,33,45,19,2015131N
15/132,2015-11-15,13,15,24,28,41,45,20,2015132N
15/133,2015-11-17,12,13,31,33,35,47,21,2015133N
15/134,2015-11-19,13,15,25,40,41,48,19,2015134N
15/135,2015-11-22,9,20,30,33,38,39,37,2015135N
15/136,2015-11-24,17,21,22,36,41,44,38,2015136N
15/137,2015-11-26,10,17,25,26,39,44,7,2015137N
15/138,2015-11-28,15,21,24,25,28,31,48,2015138N
15/139,2015-12-01,8,9,10,22,33,40,28,2015139N
15/140,2015-12-03,4,11,14,41,42,44,10,2015140N
15/141,2015-12-05,6,16,19,34,35,46,9,2015141N
15/142,2015-12-08,9,10,25,40,48,49,32,2015142N
15/143,2015-12-10,9,24,29,32,34,47,42,2015143N
15/144,2015-12-12,16,18,27,35,42,44,33,2015144N
15/145,2015-12-15,18,22,40,41,48,49,42,2015145N
15/146,2015-12-17,18,20,24,36,44,45,39,2015146N
15/147,2015-12-20,6,11,16,20,43,45,21,2015147N
15/148,2015-12-22,11,28,36,38,44,48,26,2015148N
15/149,2015-12-24,12,18,20,28,33,47,25,2015149N
15/150,2015-12-26,1,8,33,37,42,47,7,2015150N
15/151,2015-12-29,3,5,20,30,33,38,28,2015151N
15/152,2015-12-31,2,11,12,22,24,25,3,2015152N
16/001,2016-01-02,6,8,11,32,34,41,47,2016001N
16/002,2016-01-05,2,5,7,18,30,45,11,2016002N
16/003,2016-01-07,6,9,11,29,43,47,8,2016003N
16/004,2016-01-10,4,8,15,18,30,45,38,2016004N
16/005,2016-01-12,8,13,15,35,44,45,47,2016005N
16/006,2016-01-14,1,2,10,23,32,49,26,2016006N
16/007,2016-01-16,1,2,6,37,40,43,24,2016007N
16/008,2016-01-19,8,18,20,25,30,39,13,2016008N
16/009,2016-01-21,2,12,33,40,45,47,9,2016009N
16/010,2016-01-23,7,8,12,14,23,32,5,2016010N
16/011,2016-01-26,5,9,22,26,27,40,13,2016011N
16/012,2016-01-28,8,20,30,34,42,48,36,2016012N
16/013,2016-01-30,1,5,29,32,39,44,4,2016013N
16/014,2016-02-02,18,28,30,33,34,36,2,2016014N
16/015,2016-02-04,7,13,15,35,38,45,32,2016015N
16/016,2016-02-07,11,13,15,19,21,29,41,2016016N
16/017,2016-02-11,3,4,17,30,35,47,10,2016017N
16/018,2016-02-13,8,14,24,29,36,43,31,2016018N
16/019,2016-02-16,18,21,22,34,42,43,24,2016019N
16/020,2016-02-18,13,20,38,39,41,45,46,2016020N
16/021,2016-02-20,12,20,39,44,47,49,45,2016021N
16/022,2016-02-23,9,15,24,27,44,45,47,2016022N
16/023,2016-02-25,3,6,22,24,45,47,7,2016023N
16/024,2016-02-27,6,9,11,20,27,44,42,2016024N
16/025,2016-03-01,11,16,19,21,30,33,31,2016025N
16/026,2016-03-03,1,2,5,7,16,45,33,2016026N
16/027,2016-03-05,17,26,29,32,48,49,40,2016027N
16/028,2016-03-08,3,4,16,30,34,39,14,2016028N
16/029,2016-03-10,9,14,24,30,33,48,43,2016029N
16/030,2016-03-12,3,23,33,36,41,49,2,2016030N
16/031,2016-03-15,1,6,19,26,28,41,39,2016031N
16/032,2016-03-17,3,8,15,16,17,38,35,2016032N
16/033,2016-03-19,23,25,35,39,42,43,14,2016033N
16/034,2016-03-22,5,10,18,24,27,49,39,2016034N
16/035,2016-03-24,16,18,21,25,35,46,13,2016035N
16/036,2016-03-26,17,24,38,44,46,47,27,2016036N
16/037,2016-03-29,9,12,13,22,30,31,28,2016037N
16/038,2016-04-02,4,6,29,34,36,45,47,2016038N
16/039,2016-04-05,4,10,21,30,35,43,7,2016039N
16/040,2016-04-07,8,21,25,32,34,45,31,2016040N
16/041,2016-04-09,3,6,13,38,43,44,31,2016041N
16/042,2016-04-12,21,25,28,33,46,48,10,2016042N
16/043,2016-04-14,14,21,25,27,44,46,3,2016043N
16/044,2016-04-17,16,24,28,35,45,46,38,2016044N
16/045,2016-04-19,5,8,30,34,45,48,3,2016045N
16/046,2016-04-21,3,5,14,15,39,41,21,2016046N
16/047,2016-04-23,2,10,16,35,46,47,49,2016047N
16/048,2016-04-26,1,3,25,27,28,45,12,2016048N
16/049,2016-04-30,11,20,28,29,44,49,40,2016049N
16/050,2016-05-05,6,7,12,15,27,36,29,2016050N
16/051,2016-05-10,20,26,28,32,40,45,43,2016051N
16/052,2016-05-12,4,12,19,20,27,49,21,2016052N
16/053,2016-05-15,2,11,25,28,36,46,42,2016053N
16/054,2016-05-17,1,19,23,24,32,40,35,2016054N
16/055,2016-05-19,2,8,20,24,37,39,18,2016055N
16/056,2016-05-21,6,13,23,25,44,48,11,2016056N
16/057,2016-05-24,14,18,33,34,35,46,42,2016057N
16/058,2016-05-26,9,15,36,38,46,48,22,2016058N
16/059,2016-05-28,21,23,32,33,36,42,20,2016059N
16/060,2016-05-31,21,24,36,38,39,44,49,2016060N
16/061,2016-06-02,3,4,19,24,26,34,38,2016061N
16/062,2016-06-04,8,16,21,32,38,48,11,2016062N
16/063,2016-06-06,2,5,8,12,20,49,47,2016063N
16/064,2016-06-08,4,13,34,36,42,48,19,2016064N
16/065,2016-06-11,10,14,23,29,40,42,11,2016065N
16/066,2016-06-14,13,15,30,36,44,49,37,2016066N
16/067,2016-06-16,19,22,27,29,45,48,4,2016067N
16/068,2016-06-18,4,5,8,12,34,37,24,2016068N
16/069,2016-06-21,9,10,20,21,38,39,49,2016069N
16/070,2016-06-23,6,9,21,35,48,49,29,2016070N
16/071,2016-06-25,10,15,22,38,42,43,18,2016071N
16/072,2016-06-28,7,13,23,30,32,48,36,2016072N
16/073,2016-06-30,2,5,6,7,16,29,35,2016073N
16/074,2016-07-02,2,8,16,32,33,37,5,2016074N
16/075,2016-07-05,1,6,13,17,34,44,38,2016075N
16/076,2016-07-07,13,14,21,31,38,44,22,2016076N
16/077,2016-07-09,7,19,20,28,30,31,29,2016077N
16/078,2016-07-12,12,20,31,32,35,45,18,2016078N
16/079,2016-07-14,16,21,30,36,38,47,48,2016079N
16/080,2016-07-16,1,2,7,16,24,34,36,2016080N
16/081,2016-07-19,7,21,27,33,46,47,4,2016081N
16/082,2016-07-22,10,11,22,41,44,46,35,2016082N
16/083,2016-07-24,11,18,26,31,39,44,24,2016083N
16/084,2016-07-26,3,14,17,21,28,49,12,2016084N
16/085,2016-07-28,12,20,24,35,39,47,15,2016085N
16/086,2016-07-30,9,21,29,33,35,48,28,2016086N
16/087,2016-08-02,7,11,12,19,21,39,49,2016087N
16/088,2016-08-04,10,16,34,41,45,47,7,2016088N
16/089,2016-08-06,2,17,23,32,36,40,3,2016089N
16/090,2016-08-09,5,9,13,22,34,39,40,2016090N
16/091,2016-08-11,10,11,19,23,30,38,13,2016091N
16/092,2016-08-13,3,4,11,23,44,47,24,2016092N
16/093,2016-08-16,5,12,14,20,27,46,26,2016093N
16/094,2016-08-18,3,17,20,22,45,46,30,2016094N
16/095,2016-08-20,2,3,15,28,46,48,33,2016095N
16/096,2016-08-23,14,16,24,25,43,44,3,2016096N
16/097,2016-08-25,4,20,34,35,40,47,3,2016097N
16/098,2016-08-27,3,6,13,24,37,43,30,2016098N
16/099,2016-08-30,14,20,21,31,34,42,25,2016099N
16/100,2016-09-01,8,11,13,30,34,49,2,2016100N
16/101,2016-09-04,8,25,26,28,38,43,22,2016101N
16/102,2016-09-06,11,15,33,41,43,48,27,2016102N
16/103,2016-09-08,3,4,5,26,45,48,14,2016103N
16/104,2016-09-10,7,16,32,37,38,46,22,2016104N
16/105,2016-09-13,1,13,19,21,38,49,23,2016105N
16/106,2016-09-15,24,25,34,35,44,49,30,2016106N
16/107,2016-09-17,3,18,21,25,31,42,26,2016107N
16/108,2016-09-20,4,16,19,27,41,44,25,2016108N
16/109,2016-09-22,5,30,38,43,44,47,14,2016109N
16/110,2016-09-24,1,17,20,34,43,44,42,2016110N
16/111,2016-09-27,12,16,19,23,28,32,27,2016111N
16/112,2016-09-29,14,20,28,33,41,48,40,2016112N
16/113,2016-10-02,7,8,21,22,34,46,6,2016113N
16/114,2016-10-04,2,6,10,28,38,40,30,2016114N
16/115,2016-10-06,5,11,13,19,33,48,34,2016115N
16/116,2016-10-09,12,26,28,36,45,49,9,2016116N
16/117,2016-10-11,16,19,24,28,36,42,13,2016117N
16/118,2016-10-13,2,9,16,27,32,40,46,2016118N
16/119,2016-10-15,7,12,18,27,28,40,10,2016119N
16/120,2016-10-18,8,27,28,30,38,41,12,2016120N
16/121,2016-10-20,2,4,7,15,28,45,19,2016121N
16/122,2016-10-22,3,12,13,20,33,43,35,2016122N
16/123,2016-10-25,7,8,12,17,22,29,14,2016123N
16/124,2016-10-27,8,16,17,34,35,44,41,2016124N
16/125,2016-10-29,22,26,32,38,43,47,42,2016125N
16/126,2016-11-01,1,2,21,31,33,36,8,2016126N
16/127,2016-11-03,6,14,18,22,30,38,47,2016127N
16/128,2016-11-05,9,12,31,39,42,46,48,2016128N
16/129,2016-11-08,3,5,6,11,34,42,28,2016129N
16/130,2016-11-10,3,17,38,39,46,49,37,2016130N
16/131,2016-11-13,2,16,27,29,34,41,42,2016131N
16/132,2016-11-15,10,15,17,18,27,40,26,2016132N
16/133,2016-11-17,5,18,26,28,30,45,33,2016133N
16/134,2016-11-19,2,6,23,24,37,42,32,2016134N
16/135,2016-11-22,12,13,16,18,38,40,5,2016135N
16/136,2016-11-24,3,9,24,31,38,49,41,2016136N
16/137,2016-11-26,1,2,3,4,7,10,33,2016137N
16/138,2016-11-29,4,11,18,22,24,49,25,2016138N
16/139,2016-12-01,9,15,18,21,24,37,16,2016139N
16/140,2016-12-03,8,13,23,30,47,48,7,2016140N
16/141,2016-12-06,3,7,17,29,32,49,11,2016141N
16/142,2016-12-08,9,24,26,28,37,39,29,2016142N
16/143,2016-12-10,7,22,32,33,34,39,45,2016143N
16/144,2016-12-13,7,14,26,31,38,44,37,2016144N
16/145,2016-12-15,15,19,20,32,33,34,23,2016145N
16/146,2016-12-18,3,10,21,26,28,38,29,2016146N
16/147,2016-12-20,5,28,32,34,37,48,39,2016147N
16/148,2016-12-23,4,14,16,25,32,35,47,2016148N
16/149,2016-12-25,3,4,10,26,37,43,41,2016149N
16/150,2016-12-29,2,11,13,15,17,21,26,2016150N
16/151,2016-12-31,8,9,12,15,17,28,33,2016151N
17/001,2017-01-03,4,11,22,29,37,46,18,2017001N
17/002,2017-01-05,5,14,20,21,36,49,39,2017002N
17/003,2017-01-07,7,10,14,29,45,46,19,2017003N
17/004,2017-01-10,2,7,14,26,38,39,12,2017004N
17/005,2017-01-12,18,25,27,30,40,43,6,2017005N
17/006,2017-01-15,1,6,22,37,44,48,35,2017006N
17/007,2017-01-17,26,27,28,36,42,47,33,2017007N
17/008,2017-01-19,1,2,13,23,35,43,18,2017008N
17/009,2017-01-21,8,27,28,37,38,49,33,2017009N
17/010,2017-01-24,2,5,23,27,36,43,20,2017010N
17/011,2017-01-26,13,24,28,29,31,44,10,2017011N
17/012,2017-01-28,8,15,25,30,34,40,42,2017012N
17/013,2017-02-01,13,14,18,23,29,35,45,2017013N
17/014,2017-02-04,7,14,25,28,33,40,26,2017014N
17/015,2017-02-07,6,11,22,25,32,33,24,2017015N
17/016,2017-02-09,3,12,13,19,24,45,40,2017016N
17/017,2017-02-12,7,21,26,30,38,47,15,2017017N
17/018,2017-02-14,14,16,21,28,43,46,26,2017018N
17/019,2017-02-16,5,8,23,34,41,44,7,2017019N
17/020,2017-02-18,5,8,12,17,20,37,45,2017020N
17/021,2017-02-21,1,7,13,29,32,44,20,2017021N
17/022,2017-02-23,13,15,16,32,34,46,10,2017022N
17/023,2017-02-25,4,12,19,20,25,26,8,2017023N
17/024,2017-02-28,15,20,24,34,42,44,7,2017024N
17/025,2017-03-02,6,13,31,42,43,45,34,2017025N
17/026,2017-03-04,10,18,22,23,29,32,45,2017026N
17/027,2017-03-07,2,14,18,19,40,43,42,2017027N
17/028,2017-03-09,17,19,25,35,41,44,26,2017028N
17/029,2017-03-11,1,4,20,27,32,39,15,2017029N
17/030,2017-03-14,2,32,33,35,36,44,48,2017030N
17/031,2017-03-16,1,2,11,19,40,48,4,2017031N
17/032,2017-03-18,2,13,17,23,30,46,8,2017032N
17/033,2017-03-21,8,12,20,25,37,46,2,2017033N
17/034,2017-03-23,5,14,17,33,41,47,16,2017034N
17/035,2017-03-25,9,10,23,30,38,48,16,2017035N
17/036,2017-03-28,2,9,21,35,36,40,44,2017036N
17/037,2017-03-30,18,19,21,30,38,48,7,2017037N
17/038,2017-04-01,7,17,20,34,36,44,23,2017038N
17/039,2017-04-04,3,9,19,33,40,41,26,2017039N
17/040,2017-04-06,4,21,24,39,45,46,40,2017040N
17/041,2017-04-08,2,11,14,20,27,30,19,2017041N
17/042,2017-04-11,14,17,22,29,30,31,38,2017042N
17/043,2017-04-13,4,10,25,26,38,49,34,2017043N
17/044,2017-04-15,1,4,5,29,33,44,39,2017044N
17/045,2017-04-18,4,10,11,18,29,38,28,2017045N
17/046,2017-04-22,1,9,11,23,29,34,6,2017046N
17/047,2017-04-25,1,21,22,45,46,49,14,2017047N
17/048,2017-04-27,16,17,21,42,48,49,37,2017048N
17/049,2017-04-29,5,8,14,22,31,48,33,2017049N
17/050,2017-05-02,1,20,22,27,31,41,2,2017050N
17/051,2017-05-04,4,17,21,32,36,46,27,2017051N
17/052,2017-05-06,1,3,9,13,34,35,27,2017052N
17/053,2017-05-09,6,22,23,31,36,45,12,2017053N
17/054,2017-05-11,9,16,22,38,40,46,11,2017054N
17/055,2017-05-14,1,7,12,18,27,33,20,2017055N
17/056,2017-05-16,1,5,7,9,10,15,3,2017056N
17/057,2017-05-18,7,11,20,28,41,49,32,2017057N
17/058,2017-05-20,2,3,17,34,38,48,14,2017058N
17/059,2017-05-23,7,13,17,23,29,46,49,2017059N
17/060,2017-05-25,23,26,27,39,40,48,7,2017060N
17/061,2017-05-27,5,7,18,22,33,43,27,2017061N
17/062,2017-05-30,14,18,27,32,37,38,1,2017062N
17/063,2017-06-01,4,18,23,28,36,45,33,2017063N
17/064,2017-06-03,11,15,24,25,33,40,42,2017064N
17/065,2017-06-06,8,24,26,30,47,49,35,2017065N
17/066,2017-06-08,8,11,15,23,24,29,6,2017066N
17/067,2017-06-10,1,13,18,23,30,44,42,2017067N
17/068,2017-06-13,21,23,27,34,46,49,44,2017068N
17/069,2017-06-15,1,2,5,12,18,19,44,2017069N
17/070,2017-06-17,9,34,39,42,46,49,32,2017070N
17/071,2017-06-20,15,18,20,25,35,45,34,2017071N
17/072,2017-06-22,18,20,21,27,31,49,45,2017072N
17/073,2017-06-24,3,28,30,32,37,42,11,2017073N
17/074,2017-06-27,12,24,30,40,44,48,8,2017074N
17/075,2017-06-29,11,16,26,27,29,37,19,2017075N
17/076,2017-07-02,4,9,27,33,39,42,35,2017076N
17/077,2017-07-04,2,5,15,26,27,38,18,2017077N
17/078,2017-07-06,2,6,7,8,10,30,28,2017078N
17/079,2017-07-08,3,8,11,21,36,48,37,2017079N
17/080,2017-07-11,1,11,20,22,43,45,35,2017080N
17/081,2017-07-13,4,5,25,27,29,41,18,2017081N
17/082,2017-07-15,29,34,35,42,43,48,26,2017082N
17/083,2017-07-18,6,14,32,33,40,46,10,2017083N
17/084,2017-07-20,5,9,12,25,26,34,21,2017084N
17/085,2017-07-22,4,6,27,36,47,49,3,2017085N
17/086,2017-07-25,8,9,15,33,37,47,1,2017086N
17/087,2017-07-27,3,4,31,37,42,44,40,2017087N
17/088,2017-07-30,11,15,25,30,37,43,17,2017088N
17/089,2017-08-01,10,25,26,32,36,37,46,2017089N
17/090,2017-08-03,6,18,22,24,35,40,36,2017090N
17/091,2017-08-05,14,25,32,35,39,48,31,2017091N
17/092,2017-08-08,8,10,25,28,33,37,7,2017092N
17/093,2017-08-10,18,22,25,32,33,42,29,2017093N
17/094,2017-08-12,3,4,15,25,38,45,28,2017094N
17/095,2017-08-15,3,4,7,19,20,23,27,2017095N
17/096,2017-08-17,5,21,24,29,43,44,42,2017096N
17/097,2017-08-19,2,23,32,34,43,45,22,2017097N
17/098,2017-08-22,4,23,24,33,40,43,15,2017098N
17/099,2017-08-24,4,7,10,21,28,47,17,2017099N
17/100,2017-08-26,16,34,35,36,40,46,31,2017100N
17/101,2017-08-29,12,24,26,34,44,48,4,2017101N
17/102,2017-08-31,12,17,18,25,33,37,29,2017102N
17/103,2017-09-02,1,5,11,23,24,27,15,2017103N
17/104,2017-09-05,1,2,8,30,39,43,19,2017104N
17/105,2017-09-07,10,19,27,29,41,46,17,2017105N
17/106,2017-09-09,4,7,18,23,29,39,49,2017106N
17/107,2017-09-12,21,23,30,38,44,49,37,2017107N
17/108,2017-09-14,25,26,34,41,42,49,1,2017108N
17/109,2017-09-17,3,12,16,23,36,47,33,2017109N
17/110,2017-09-19,7,11,12,30,34,36,17,2017110N
17/111,2017-09-21,1,3,4,5,32,39,10,2017111N
17/112,2017-09-23,1,13,22,25,30,36,4,2017112N
17/113,2017-09-26,2,10,19,27,31,33,16,2017113N
17/114,2017-09-28,7,18,24,26,39,45,44,2017114N
17/115,2017-09-30,2,11,19,20,33,49,6,2017115N
17/116,2017-10-02,1,8,19,22,35,46,30,2017116N
17/117,2017-10-04,10,16,22,23,26,46,25,2017117N
17/118,2017-10-07,3,6,24,38,45,48,5,2017118N
17/119,2017-10-10,6,17,22,26,32,45,24,2017119N
17/120,2017-10-12,1,6,8,11,12,16,41,2017120N
17/121,2017-10-17,2,4,19,30,35,47,25,2017121N
17/122,2017-10-19,8,12,19,24,28,49,37,2017122N
17/123,2017-10-21,8,16,18,30,43,45,27,2017123N
17/124,2017-10-24,1,8,9,16,29,42,49,2017124N
17/125,2017-10-26,4,5,20,29,35,38,36,2017125N
17/126,2017-10-28,7,16,18,22,26,44,9,2017126N
17/127,2017-10-31,21,26,29,35,45,49,41,2017127N
17/128,2017-11-02,5,18,20,32,36,40,7,2017128N
17/129,2017-11-04,23,30,32,33,43,44,28,2017129N
17/130,2017-11-07,3,18,19,35,38,40,48,2017130N
17/131,2017-11-09,3,32,36,46,48,49,29,2017131N
17/132,2017-11-12,12,16,22,28,36,37,45,2017132N
17/133,2017-11-14,1,15,20,28,33,43,18,2017133N
17/134,2017-11-16,3,8,20,34,40,46,24,2017134N
17/135,2017-11-18,19,24,26,30,36,41,43,2017135N
17/136,2017-11-21,8,27,30,35,36,43,31,2017136N
17/137,2017-11-23,3,4,30,37,39,42,32,2017137N
17/138,2017-11-25,5,13,16,28,40,41,2,2017138N
17/139,2017-11-28,6,8,9,23,36,40,19,2017139N
17/140,2017-11-30,4,10,32,35,38,47,49,2017140N
17/141,2017-12-02,7,14,19,27,28,38,46,2017141N
17/142,2017-12-05,7,9,14,18,20,44,29,2017142N
17/143,2017-12-07,1,25,34,37,39,47,18,2017143N
17/144,2017-12-09,22,24,29,35,38,48,30,2017144N
17/145,2017-12-12,4,15,29,34,38,48,30,2017145N
17/146,2017-12-14,7,10,20,25,34,35,8,2017146N
17/147,2017-12-16,1,3,6,9,24,28,36,2017147N
17/148,2017-12-19,3,9,33,38,44,49,24,2017148N
17/149,2017-12-21,14,21,22,28,30,47,3,2017149N
17/150,2017-12-24,1,16,26,34,39,47,11,2017150N
17/151,2017-12-26,2,7,16,28,30,37,12,2017151N
17/152,2017-12-28,15,17,23,40,44,46,11,2017152N
17/153,2017-12-30,1,13,22,25,36,38,37,2017153N
18/001,2018-01-02,12,18,28,35,39,42,36,2018001N
18/002,2018-01-06,1,12,21,31,36,49,23,2018002N
18/003,2018-01-11,3,29,31,43,47,49,19,2018003N
18/004,2018-01-16,2,21,27,30,36,37,4,2018004N
18/005,2018-01-20,2,5,23,24,27,34,8,2018005N
18/006,2018-01-23,3,20,27,32,37,41,44,2018006N
18/007,2018-01-25,3,14,23,36,40,47,20,2018007N
18/008,2018-01-27,8,17,26,33,43,45,40,2018008N
18/009,2018-01-30,4,7,11,12,40,49,25,2018009N
18/010,2018-02-01,20,23,26,29,47,49,39,2018010N
18/011,2018-02-03,2,4,12,25,40,49,8,2018011N
18/012,2018-02-06,3,19,26,28,35,48,32,2018012N
18/013,2018-02-08,13,16,22,28,37,41,34,2018013N
18/014,2018-02-11,1,2,9,27,33,45,38,2018014N
18/015,2018-02-13,2,9,18,27,32,42,12,2018015N
18/016,2018-02-15,1,19,21,32,43,45,34,2018016N
18/017,2018-02-20,3,5,25,42,43,44,2,2018017N
18/018,2018-02-22,4,12,19,20,30,39,5,2018018N
18/019,2018-02-24,17,20,34,38,42,45,5,2018019N
18/020,2018-02-27,13,24,28,31,41,43,16,2018020N
18/021,2018-03-01,2,14,15,17,18,29,1,2018021N
18/022,2018-03-04,6,10,11,23,28,43,21,2018022N
18/023,2018-03-06,2,11,17,19,35,37,20,2018023N
18/024,2018-03-08,1,6,30,43,44,48,7,2018024N
18/025,2018-03-10,7,18,19,26,27,39,2,2018025N
18/026,2018-03-13,5,16,20,25,34,42,2,2018026N
18/027,2018-03-15,13,16,25,35,38,49,33,2018027N
18/028,2018-03-17,4,6,23,33,40,47,30,2018028N
18/029,2018-03-20,3,22,27,29,42,45,10,2018029N
18/030,2018-03-22,10,18,21,29,33,46,36,2018030N
18/031,2018-03-24,12,19,23,28,35,45,6,2018031N
18/032,2018-03-29,5,12,24,27,30,47,43,2018032N
18/033,2018-03-31,9,13,16,18,19,34,21,2018033N
18/034,2018-04-03,21,29,31,41,46,49,36,2018034N
18/035,2018-04-05,19,24,29,39,40,42,30,2018035N
18/036,2018-04-07,4,20,23,27,31,43,3,2018036N
18/037,2018-04-10,1,15,23,34,43,48,25,2018037N
18/038,2018-04-12,1,2,9,11,37,41,18,2018038N
18/039,2018-04-14,12,14,15,36,38,40,42,2018039N
18/040,2018-04-17,3,8,16,22,28,32,24,2018040N
18/041,2018-04-19,20,21,33,40,45,49,43,2018041N
18/042,2018-04-22,10,14,28,30,42,44,35,2018042N
18/043,2018-04-24,12,20,21,28,33,41,9,2018043N
18/044,2018-04-26,8,12,20,33,35,45,42,2018044N
18/045,2018-04-28,2,15,17,18,21,44,14,2018045N
18/046,2018-05-01,1,5,10,20,21,25,43,2018046N
18/047,2018-05-03,12,24,30,31,32,34,41,2018047N
18/048,2018-05-05,3,24,40,44,45,49,8,2018048N
18/049,2018-05-08,3,14,18,28,31,40,38,2018049N
18/050,2018-05-10,12,19,25,31,36,49,11,2018050N
18/051,2018-05-13,1,6,9,19,21,23,43,2018051N
18/052,2018-05-15,5,8,9,19,32,44,39,2018052N
18/053,2018-05-17,3,16,23,30,43,46,26,2018053N
18/054,2018-05-19,14,23,29,36,37,47,25,2018054N
18/055,2018-05-22,7,12,14,22,31,33,38,2018055N
18/056,2018-05-24,4,5,7,11,12,13,18,2018056N
18/057,2018-05-26,1,12,22,40,42,44,28,2018057N
18/058,2018-05-29,3,6,11,22,45,46,1,2018058N
18/059,2018-05-31,3,5,28,33,40,49,32,2018059N
18/060,2018-06-02,4,15,30,33,38,41,16,2018060N
18/061,2018-06-05,6,10,24,34,40,45,9,2018061N
18/062,2018-06-07,5,32,34,36,38,43,25,2018062N
18/063,2018-06-09,11,23,35,41,46,49,47,2018063N
18/064,2018-06-12,30,31,34,40,41,42,33,2018064N
18/065,2018-06-14,2,10,24,28,35,39,27,2018065N
18/066,2018-06-17,1,7,20,21,35,48,22,2018066N
18/067,2018-06-19,2,7,21,31,33,42,24,2018067N
18/068,2018-06-21,16,23,24,31,33,34,18,2018068N
18/069,2018-06-23,2,9,16,18,24,46,47,2018069N
18/070,2018-06-26,7,8,12,17,33,42,26,2018070N
18/071,2018-06-28,6,13,23,29,38,45,41,2018071N
18/072,2018-06-30,5,6,16,18,30,32,27,2018072N
18/073,2018-07-03,3,21,22,41,45,49,10,2018073N
18/074,2018-07-05,1,13,20,34,38,40,29,2018074N
18/075,2018-07-07,8,17,20,26,40,46,19,2018075N
18/076,2018-07-10,6,8,29,38,41,49,2,2018076N
18/077,2018-07-12,1,5,7,8,30,33,22,2018077N
18/078,2018-07-14,7,13,22,27,33,36,45,2018078N
18/079,2018-07-17,6,10,32,36,41,48,47,2018079N
18/080,2018-07-19,12,16,23,25,40,42,20,2018080N
18/081,2018-07-21,13,14,15,37,38,44,40,2018081N
18/082,2018-07-24,2,16,17,27,32,37,12,2018082N
18/083,2018-07-26,22,32,37,44,46,49,38,2018083N
18/084,2018-07-28,5,7,11,26,30,43,17,2018084N
18/085,2018-07-31,24,27,36,43,44,46,30,2018085N
18/086,2018-08-02,3,5,11,34,35,45,28,2018086N
18/087,2018-08-04,4,15,23,34,37,48,30,2018087N
18/088,2018-08-07,4,21,25,39,46,47,12,2018088N
18/089,2018-08-09,8,10,11,20,21,34,13,2018089N
18/090,2018-08-11,1,11,25,38,47,49,37,2018090N
18/091,2018-08-14,32,37,38,42,43,49,24,2018091N
18/092,2018-08-16,9,13,16,27,29,41,37,2018092N
18/093,2018-08-18,2,14,24,37,42,47,20,2018093N
18/094,2018-08-21,3,10,18,28,40,47,4,2018094N
18/095,2018-08-23,12,14,22,30,38,44,34,2018095N
18/096,2018-08-25,3,4,19,28,31,48,27,2018096N
18/097,2018-08-28,9,18,26,30,36,46,2,2018097N
18/098,2018-08-30,4,15,21,23,44,46,13,2018098N
18/099,2018-09-01,10,13,20,26,35,45,37,2018099N
18/100,2018-09-04,4,5,33,36,44,47,13,2018100N
18/101,2018-09-06,17,26,30,33,38,49,47,2018101N
18/102,2018-09-08,7,9,12,18,41,46,33,2018102N
18/103,2018-09-11,31,36,38,45,47,49,37,2018103N
18/104,2018-09-13,14,20,22,39,41,48,35,2018104N
18/105,2018-09-15,4,6,11,33,37,48,41,2018105N
18/106,2018-09-18,9,11,18,23,32,48,26,2018106N
18/107,2018-09-20,5,6,17,26,40,41,46,2018107N
18/108,2018-09-23,2,13,21,23,32,40,30,2018108N
18/109,2018-09-25,5,14,20,22,24,48,4,2018109N
18/110,2018-09-27,14,17,30,46,48,49,36,2018110N
18/111,2018-09-29,9,31,34,35,37,38,16,2018111N
18/112,2018-10-02,13,18,23,28,33,49,19,2018112N
18/113,2018-10-04,13,19,34,35,45,46,27,2018113N
18/114,2018-10-06,2,10,35,39,44,49,8,2018114N
18/115,2018-10-09,7,9,18,27,44,45,15,2018115N
18/116,2018-10-11,7,9,19,29,39,42,41,2018116N
18/117,2018-10-14,8,14,21,24,34,43,1,2018117N
18/118,2018-10-16,7,11,19,32,45,46,37,2018118N
18/119,2018-10-20,10,13,22,25,40,42,5,2018119N
18/120,2018-10-23,6,17,20,34,36,44,15,2018120N
18/121,2018-10-25,6,13,20,25,27,29,21,2018121N
18/122,2018-10-27,1,5,15,39,45,47,43,2018122N
18/123,2018-10-30,4,7,10,22,34,42,38,2018123N
18/124,2018-11-01,9,13,15,16,20,32,12,2018124N
18/125,2018-11-03,4,19,24,38,39,44,46,2018125N
18/126,2018-11-06,1,8,22,23,46,47,12,2018126N
18/127,2018-11-08,9,16,22,24,40,47,17,2018127N
18/128,2018-11-11,6,24,26,36,44,49,8,2018128N
18/129,2018-11-13,8,22,30,34,35,37,29,2018129N
18/130,2018-11-15,2,10,29,32,40,41,44,2018130N
18/131,2018-11-17,5,9,12,14,42,43,45,2018131N
18/132,2018-11-20,4,12,14,17,29,35,38,2018132N
18/133,2018-11-22,15,16,18,22,26,48,34,2018133N
18/134,2018-11-24,3,8,13,25,30,34,32,2018134N
18/135,2018-11-27,7,8,15,27,29,38,39,2018135N
18/136,2018-11-29,14,25,31,34,36,43,35,2018136N
18/137,2018-12-01,2,20,29,32,38,39,47,2018137N
18/138,2018-12-04,8,11,14,20,22,31,19,2018138N
18/139,2018-12-06,8,20,32,40,44,46,34,2018139N
18/140,2018-12-08,20,27,29,40,45,48,43,2018140N
18/141,2018-12-11,7,8,10,20,33,42,22,2018141N
18/142,2018-12-13,1,15,21,23,24,33,39,2018142N
18/143,2018-12-15,5,10,30,33,36,37,22,2018143N
18/144,2018-12-18,1,10,11,13,30,33,45,2018144N
18/145,2018-12-20,4,7,8,12,13,26,42,2018145N
18/146,2018-12-22,7,20,33,46,48,49,4,2018146N
18/147,2018-12-25,2,14,16,32,41,47,23,2018147N
18/148,2018-12-27,1,4,17,22,23,35,37,2018148N
18/149,2018-12-30,6,7,13,33,35,46,43,2018149N
19/001,2019-01-03,8,23,25,30,32,45,24,2019001N
19/002,2019-01-05,12,13,16,19,23,45,2,2019002N
19/003,2019-01-08,4,5,12,23,30,40,10,2019003N
19/004,2019-01-10,6,7,28,31,36,43,23,2019004N
19/005,2019-01-13,10,18,35,37,48,49,27,2019005N
19/006,2019-01-15,10,16,17,33,44,48,7,2019006N
19/007,2019-01-17,16,18,28,35,36,41,37,2019007N
19/008,2019-01-19,13,24,31,34,44,47,8,2019008N
19/009,2019-01-22,3,19,25,30,33,48,44,2019009N
19/010,2019-01-24,11,18,33,41,43,46,36,2019010N
19/011,2019-01-26,14,27,29,41,45,46,21,2019011N
19/012,2019-01-29,3,10,14,24,32,45,29,2019012N
19/013,2019-01-31,18,22,26,31,33,41,27,2019013N
19/014,2019-02-03,5,6,13,19,34,35,39,2019014N
19/015,2019-02-06,2,4,11,15,19,29,1,2019015N
19/016,2019-02-09,1,19,29,34,39,49,43,2019016N
19/017,2019-02-12,9,17,26,31,32,40,27,2019017N
19/018,2019-02-14,5,8,16,20,43,46,11,2019018N
19/019,2019-02-16,3,7,8,17,19,23,12,2019019N
19/020,2019-02-19,2,5,8,13,16,33,41,2019020N
19/021,2019-02-21,16,29,36,39,42,49,34,2019021N
19/022,2019-02-23,13,14,15,21,33,49,1,2019022N
19/023,2019-02-26,9,12,13,19,21,46,15,2019023N
19/024,2019-02-28,22,24,25,30,32,43,11,2019024N
19/025,2019-03-03,21,24,26,35,44,47,8,2019025N
19/026,2019-03-05,10,16,28,32,34,49,45,2019026N
19/027,2019-03-07,8,15,17,23,39,44,40,2019027N
19/028,2019-03-09,13,32,34,35,41,46,30,2019028N
19/029,2019-03-12,6,21,27,33,38,47,46,2019029N
19/030,2019-03-14,4,10,25,28,40,43,39,2019030N
19/031,2019-03-16,5,9,12,23,31,43,29,2019031N
19/032,2019-03-19,4,18,23,38,40,46,15,2019032N
19/033,2019-03-21,7,12,22,32,37,45,47,2019033N
19/034,2019-03-23,10,11,15,39,46,49,21,2019034N
19/035,2019-03-26,2,3,10,21,31,35,11,2019035N
19/036,2019-03-28,3,5,17,23,41,44,40,2019036N
19/037,2019-03-30,15,17,18,37,39,49,31,2019037N
19/038,2019-04-02,6,10,15,21,24,28,49,2019038N
19/039,2019-04-04,29,34,38,42,44,47,36,2019039N
19/040,2019-04-06,8,21,34,37,41,45,49,2019040N
19/041,2019-04-09,3,14,17,23,32,43,36,2019041N
19/042,2019-04-11,6,18,32,38,41,45,33,2019042N
19/043,2019-04-13,3,15,22,35,40,49,39,2019043N
19/044,2019-04-16,11,20,30,32,33,43,34,2019044N
19/045,2019-04-20,28,30,32,37,39,47,23,2019045N
19/046,2019-04-25,11,13,18,21,28,34,19,2019046N
19/047,2019-04-27,2,8,14,21,32,35,4,2019047N
19/048,2019-04-30,1,29,32,43,45,49,5,2019048N
19/049,2019-05-02,1,6,19,23,45,47,49,2019049N
19/050,2019-05-04,6,13,19,20,24,35,43,2019050N
19/051,2019-05-07,6,12,35,39,42,44,22,2019051N
19/052,2019-05-09,3,4,5,24,29,32,2,2019052N
19/053,2019-05-14,10,12,14,30,37,41,5,2019053N
19/054,2019-05-16,1,4,7,23,37,38,34,2019054N
19/055,2019-05-19,1,2,9,16,30,41,35,2019055N
19/056,2019-05-21,4,7,21,24,35,41,18,2019056N
19/057,2019-05-23,11,13,14,17,33,43,27,2019057N
19/058,2019-05-25,12,14,23,30,40,48,1,2019058N
19/059,2019-05-28,22,29,37,42,45,49,47,2019059N
19/060,2019-05-30,12,15,16,31,36,46,3,2019060N
19/061,2019-06-01,3,13,19,23,35,43,26,2019061N
19/062,2019-06-04,16,21,24,28,37,40,48,2019062N
19/063,2019-06-06,6,13,21,24,32,47,38,2019063N
19/064,2019-06-09,3,8,24,27,28,49,44,2019064N
19/065,2019-06-11,8,19,20,21,25,37,13,2019065N
19/066,2019-06-13,3,6,21,31,33,38,45,2019066N
19/067,2019-06-15,7,8,17,30,42,44,24,2019067N
19/068,2019-06-18,18,23,26,29,35,48,36,2019068N
19/069,2019-06-20,9,11,15,21,25,33,46,2019069N
19/070,2019-06-22,13,29,30,33,43,47,16,2019070N
19/071,2019-06-25,23,25,29,32,40,46,13,2019071N
19/072,2019-06-27,12,20,33,42,46,47,27,2019072N
19/073,2019-06-29,9,13,22,29,31,46,45,2019073N
19/074,2019-07-02,13,14,15,42,45,48,2,2019074N
19/075,2019-07-04,1,2,12,15,24,44,14,2019075N
19/076,2019-07-06,7,8,10,11,28,42,29,2019076N
19/077,2019-07-09,3,5,20,31,39,42,25,2019077N
19/078,2019-07-11,3,6,26,27,32,49,29,2019078N
19/079,2019-07-13,12,14,32,35,38,46,16,2019079N
19/080,2019-07-16,6,16,22,28,37,45,13,2019080N
19/081,2019-07-18,2,4,8,11,17,31,19,2019081N
19/082,2019-07-20,26,27,30,33,44,47,37,2019082N
19/083,2019-07-23,14,19,25,38,39,42,46,2019083N
19/084,2019-07-25,7,10,11,16,18,35,43,2019084N
19/085,2019-07-27,4,14,19,24,39,45,8,2019085N
19/086,2019-07-30,3,16,19,22,41,44,29,2019086N
19/087,2019-08-01,13,18,20,21,43,49,30,2019087N
19/088,2019-08-03,23,24,27,28,37,43,16,2019088N
19/089,2019-08-06,5,6,15,21,22,37,36,2019089N
19/090,2019-08-08,8,9,19,25,30,44,37,2019090N
19/091,2019-08-10,15,22,42,44,48,49,6,2019091N
19/092,2019-08-13,10,14,16,29,30,43,11,2019092N
19/093,2019-08-15,2,13,23,35,38,46,17,2019093N
19/094,2019-08-17,4,9,20,26,32,44,11,2019094N
19/095,2019-08-20,12,15,16,23,32,35,2,2019095N
19/096,2019-08-22,1,4,5,6,42,43,8,2019096N
19/097,2019-08-24,1,10,21,31,47,49,13,2019097N
19/098,2019-08-27,6,18,29,33,43,46,16,2019098N
19/099,2019-08-29,8,24,26,37,38,44,18,2019099N
19/100,2019-08-31,1,6,14,24,32,44,5,2019100N
19/101,2019-09-03,2,8,17,24,27,39,10,2019101N
19/102,2019-09-05,3,4,18,29,41,44,39,2019102N
19/103,2019-09-07,7,8,12,25,43,45,13,2019103N
19/104,2019-09-10,11,12,13,28,43,49,47,2019104N
19/105,2019-09-12,5,23,24,25,31,33,7,2019105N
19/106,2019-09-14,1,4,7,12,19,28,43,2019106N
19/107,2019-09-17,12,20,22,26,30,36,2,2019107N
19/108,2019-09-19,8,17,34,39,42,44,7,2019108N
19/109,2019-09-22,3,28,39,40,42,44,37,2019109N
19/110,2019-09-24,6,17,44,45,46,49,41,2019110N
19/111,2019-09-26,2,3,11,20,27,46,4,2019111N
19/112,2019-09-29,2,3,7,10,18,48,33,2019112N
19/113,2019-10-03,1,12,13,15,19,45,44,2019113N
19/114,2019-10-08,13,23,35,36,43,47,16,2019114N
19/115,2019-10-13,10,16,27,29,37,42,44,2019115N
19/116,2019-10-17,14,18,19,21,45,47,49,2019116N
19/117,2019-10-19,1,6,19,22,42,44,25,2019117N
19/118,2019-10-22,1,6,11,31,41,47,32,2019118N
19/119,2019-10-24,7,10,16,23,27,34,24,2019119N
19/120,2019-10-26,1,17,24,30,40,49,48,2019120N
19/121,2019-10-29,2,10,13,19,20,24,17,2019121N
19/122,2019-11-02,13,15,25,30,40,46,26,2019122N
19/123,2019-11-07,7,20,30,33,34,44,46,2019123N
19/124,2019-11-10,6,17,18,23,31,46,44,2019124N
19/125,2019-11-14,2,3,13,18,31,49,14,2019125N
19/126,2019-11-16,10,23,28,39,44,47,13,2019126N
19/127,2019-11-19,1,4,12,13,24,42,48,2019127N
19/128,2019-11-21,3,4,5,10,35,38,7,2019128N
19/129,2019-11-24,1,20,28,30,35,46,15,2019129N
19/130,2019-11-26,5,9,15,25,42,45,38,2019130N
19/131,2019-11-28,22,23,29,36,41,44,2,2019131N
19/132,2019-11-30,1,10,18,24,40,49,7,2019132N
19/133,2019-12-03,1,15,23,29,45,47,6,2019133N
19/134,2019-12-05,2,6,8,16,23,31,1,2019134N
19/135,2019-12-07,14,25,26,30,32,47,4,2019135N
19/136,2019-12-10,5,6,11,12,28,35,17,2019136N
19/137,2019-12-12,6,21,32,35,39,49,15,2019137N
19/138,2019-12-14,2,4,6,8,28,29,5,2019138N
19/139,2019-12-17,3,20,23,30,34,41,47,2019139N
19/140,2019-12-19,22,24,28,31,35,39,12,2019140N
19/141,2019-12-22,11,22,24,26,41,42,2,2019141N
19/142,2019-12-24,5,11,14,23,30,32,20,2019142N
19/143,2019-12-28,1,22,25,27,31,36,47,2019143N
19/144,2019-12-31,5,10,18,20,28,33,17,2019144N
20/001,2020-01-02,15,17,29,30,34,37,40,2020001N
20/002,2020-01-07,1,24,25,27,31,37,8,2020002N
20/003,2020-01-12,5,17,35,37,42,49,39,2020003N
20/004,2020-01-16,2,20,24,30,32,46,1,2020004N
20/005,2020-01-18,18,29,32,33,36,40,38,2020005N
20/006,2020-01-21,11,14,21,28,37,44,36,2020006N
20/007,2020-01-23,2,11,13,45,46,49,42,2020007N
20/008,2020-02-01,3,5,30,31,43,48,13,2020008N
20/009,2020-09-24,11,24,26,35,42,44,20,2020009N
20/010,2020-09-29,9,21,26,27,28,48,45,2020010N
20/011,2020-10-08,21,28,33,34,40,47,49,2020011N
20/012,2020-10-15,9,26,28,33,38,46,44,2020012N
20/013,2020-10-22,1,13,19,24,29,45,26,2020013N
20/014,2020-10-29,6,11,33,38,40,43,2,2020014N
20/015,2020-11-06,11,17,35,36,38,40,6,2020015N
20/016,2020-11-10,13,15,25,28,45,49,24,2020016N
20/017,2020-11-13,6,15,17,18,28,47,32,2020017N
20/018,2020-11-17,13,19,20,21,33,49,45,2020018N
20/019,2020-11-20,22,25,30,33,34,43,24,2020019N
20/020,2020-11-24,7,12,16,22,45,47,25,2020020N
20/021,2020-11-27,5,12,13,23,27,38,39,2020021N
20/022,2020-12-01,24,27,29,31,42,47,22,2020022N
20/023,2020-12-04,11,13,19,38,39,41,47,2020023N
20/024,2020-12-08,7,32,34,35,48,49,23,2020024N
20/025,2020-12-11,1,11,23,29,41,46,44,2020025N
20/026,2020-12-15,2,11,13,20,21,33,14,2020026N
20/027,2020-12-18,8,11,12,23,34,49,28,2020027N
20/028,2020-12-22,11,20,36,37,39,48,21,2020028N
20/029,2020-12-25,14,18,24,27,28,41,45,2020029N
20/030,2020-12-29,10,11,24,39,41,42,22,2020030N
21/001,2021-01-02,3,9,14,21,45,46,34,2021001N
21/002,2021-01-05,22,24,30,36,38,46,33,2021002N
21/003,2021-01-08,5,19,29,32,33,34,43,2021003N
21/004,2021-01-12,5,19,22,26,35,40,2,2021004N
21/005,2021-01-15,4,24,39,41,42,45,6,2021005N
21/006,2021-01-19,14,21,22,38,40,45,17,2021006N
21/007,2021-01-22,15,16,18,21,24,31,22,2021007N
21/008,2021-01-26,5,9,16,21,44,49,15,2021008N
21/009,2021-01-29,2,10,30,31,35,46,3,2021009N
21/010,2021-02-02,18,21,24,26,30,35,48,2021010N
21/011,2021-02-05,10,16,22,40,44,45,49,2021011N
21/012,2021-02-09,1,2,16,20,31,38,7,2021012N
21/013,2021-02-12,6,25,31,36,41,47,10,2021013N
21/014,2021-02-16,3,13,28,30,31,45,22,2021014N
21/015,2021-02-19,4,5,13,14,25,44,16,2021015N
21/016,2021-02-23,2,14,18,28,34,44,21,2021016N
21/017,2021-02-26,14,17,35,37,39,46,2,2021017N
21/018,2021-03-02,6,15,16,21,27,28,43,2021018N
21/019,2021-03-05,1,23,32,38,43,46,5,2021019N
21/020,2021-03-12,16,17,21,24,43,47,30,2021020N
21/021,2021-03-19,3,8,9,14,23,25,35,2021021N
21/022,2021-03-23,11,14,16,19,38,41,6,2021022N
21/023,2021-03-26,6,12,24,26,30,43,20,2021023N
21/024,2021-03-30,24,26,36,37,41,43,31,2021024N
21/025,2021-04-02,1,2,33,34,42,49,39,2021025N
21/026,2021-04-06,4,7,8,20,22,41,21,2021026N
21/027,2021-04-09,7,9,12,13,14,16,23,2021027N
21/028,2021-04-13,7,10,13,14,20,35,49,2021028N
21/029,2021-04-16,5,6,17,23,29,38,24,2021029N
21/030,2021-04-20,12,32,40,42,48,49,27,2021030N
21/031,2021-04-23,15,18,20,23,31,47,12,2021031N
21/032,2021-04-27,2,13,15,19,38,41,30,2021032N
21/033,2021-04-30,7,9,29,33,36,49,41,2021033N
21/034,2021-05-04,8,9,10,19,38,45,6,2021034N
21/035,2021-05-07,5,8,22,26,40,41,46,2021035N
21/036,2021-05-11,15,22,30,31,35,45,6,2021036N
21/037,2021-05-14,5,14,28,29,31,37,11,2021037N
21/038,2021-05-18,2,9,26,34,35,36,4,2021038N
21/039,2021-05-21,8,14,31,37,44,47,38,2021039N
21/040,2021-05-25,1,7,19,22,27,49,20,2021040N
21/041,2021-05-28,5,12,30,43,44,45,21,2021041N
21/042,2021-06-01,1,6,16,28,33,36,8,2021042N
21/043,2021-06-04,2,6,16,22,34,49,45,2021043N
21/044,2021-06-08,7,13,21,24,28,30,10,2021044N
21/045,2021-06-11,2,3,15,29,41,43,7,2021045N
21/046,2021-06-15,3,11,13,22,44,45,4,2021046N
21/047,2021-06-17,1,25,31,34,42,48,20,2021047N
21/048,2021-06-19,4,15,17,32,38,43,30,2021048N
21/049,2021-06-22,1,5,7,24,26,30,8,2021049N
21/050,2021-06-24,4,11,14,21,38,48,31,2021050N
21/051,2021-06-27,2,7,11,27,37,42,28,2021051N
21/052,2021-06-29,10,16,24,39,44,47,28,2021052N
21/053,2021-07-03,7,9,24,29,37,48,17,2021053N
21/054,2021-07-06,2,6,15,16,26,34,14,2021054N
21/055,2021-07-08,7,9,13,27,39,43,42,2021055N
21/056,2021-07-10,25,28,34,37,40,49,33,2021056N
21/057,2021-07-13,9,13,21,35,38,48,20,2021057N
21/058,2021-07-15,6,19,22,23,28,49,20,2021058N
21/059,2021-07-17,1,6,16,30,32,47,12,2021059N
21/060,2021-07-20,2,7,15,19,31,49,46,2021060N
21/061,2021-07-22,2,3,4,5,8,23,27,2021061N
21/062,2021-07-24,11,12,25,27,28,34,46,2021062N
21/063,2021-07-27,8,11,19,22,29,44,14,2021063N
21/064,2021-08-01,1,4,9,21,36,42,3,2021064N
21/065,2021-08-03,10,13,15,29,31,39,47,2021065N
21/066,2021-08-05,10,17,19,25,36,39,31,2021066N
21/067,2021-08-07,13,14,26,34,35,44,12,2021067N
21/068,2021-08-10,4,12,14,17,22,32,41,2021068N
21/069,2021-08-12,20,21,30,34,36,37,29,2021069N
21/070,2021-08-14,11,12,19,38,39,41,6,2021070N
21/071,2021-08-19,4,26,28,31,32,33,8,2021071N
21/072,2021-08-21,2,5,18,21,42,48,46,2021072N
21/073,2021-08-26,5,10,17,30,43,44,40,2021073N
21/074,2021-08-28,2,14,15,16,33,45,19,2021074N
21/075,2021-08-31,1,12,23,29,45,46,48,2021075N
21/076,2021-09-02,10,28,39,45,48,49,15,2021076N
21/077,2021-09-04,5,8,29,31,32,36,12,2021077N
21/078,2021-09-07,2,7,21,23,27,36,40,2021078N
21/079,2021-09-09,7,22,24,31,33,37,39,2021079N
21/080,2021-09-11,12,26,31,37,38,44,16,2021080N
21/081,2021-09-14,7,8,32,33,39,49,23,2021081N
21/082,2021-09-16,1,6,11,20,32,35,22,2021082N
21/083,2021-09-21,14,15,25,26,32,45,2,2021083N
21/084,2021-09-23,2,4,10,17,38,41,47,2021084N
21/085,2021-09-25,15,18,32,43,45,47,12,2021085N
21/086,2021-09-28,2,23,31,38,43,45,40,2021086N
21/087,2021-09-30,2,3,11,20,24,47,48,2021087N
21/088,2021-10-02,6,12,19,31,47,48,41,2021088N
21/089,2021-10-05,19,20,26,29,32,48,38,2021089N
21/090,2021-10-07,8,11,19,21,24,47,23,2021090N
21/091,2021-10-14,2,6,9,27,43,45,35,2021091N
21/092,2021-10-16,3,14,16,23,38,46,2,2021092N
21/093,2021-10-19,7,13,15,19,24,37,2,2021093N
21/094,2021-10-21,6,9,11,13,15,47,38,2021094N
21/095,2021-10-26,9,14,23,28,34,48,36,2021095N
21/096,2021-10-28,1,5,17,26,34,48,42,2021096N
21/097,2021-10-30,3,14,37,41,42,45,4,2021097N
21/098,2021-11-02,4,5,24,33,44,49,41,2021098N
21/099,2021-11-04,3,22,30,32,40,43,5,2021099N
21/100,2021-11-06,13,15,40,41,42,49,21,2021100N
21/101,2021-11-09,3,11,15,25,30,45,33,2021101N
21/102,2021-11-11,10,13,31,37,40,46,15,2021102N
21/103,2021-11-14,1,11,15,21,24,28,8,2021103N
21/104,2021-11-16,9,13,25,27,33,36,35,2021104N
21/105,2021-11-18,2,16,23,25,29,38,18,2021105N
21/106,2021-11-20,18,19,24,38,39,42,41,2021106N
21/107,2021-11-23,2,6,11,22,34,38,7,2021107N
21/108,2021-11-25,10,28,36,39,47,48,44,2021108N
21/109,2021-11-27,2,14,30,41,42,44,22,2021109N
21/110,2021-11-30,1,17,22,26,38,44,8,2021110N
21/111,2021-12-02,3,21,26,36,38,49,9,2021111N
21/112,2021-12-04,1,21,24,29,44,46,19,2021112N
21/113,2021-12-07,4,13,19,21,35,43,27,2021113N
21/114,2021-12-09,4,7,9,13,15,43,1,2021114N
21/115,2021-12-11,7,21,34,35,42,48,41,2021115N
21/116,2021-12-14,7,24,29,36,41,43,35,2021116N
21/117,2021-12-16,5,6,19,43,47,49,39,2021117N
21/118,2021-12-19,12,20,21,26,33,42,9,2021118N
21/119,2021-12-21,11,12,16,32,43,44,41,2021119N
21/120,2021-12-23,3,9,11,17,22,44,23,2021120N
21/121,2021-12-25,8,11,20,30,35,40,27,2021121N
21/122,2021-12-28,21,25,30,33,36,49,3,2021122N
21/123,2021-12-30,20,21,22,29,34,35,7,2021123N
22/001,2022-01-04,2,8,12,14,20,47,36,2022001N
22/002,2022-01-20,1,3,10,11,30,42,39,2022002N
22/003,2022-01-27,10,18,20,29,32,33,2,2022003N
22/004,2022-02-05,15,18,21,25,39,43,33,2022004N
22/005,2022-02-10,6,13,17,28,35,44,5,2022005N
22/006,2022-02-17,6,7,22,34,35,46,8,2022006N
22/007,2022-02-24,2,9,11,12,16,24,43,2022007N
22/008,2022-03-03,12,19,21,22,40,43,46,2022008N
22/009,2022-03-08,1,5,23,42,46,49,11,2022009N
22/010,2022-03-11,11,20,23,29,38,47,12,2022010N
22/011,2022-03-15,3,10,12,28,39,48,17,2022011N
22/012,2022-03-18,12,18,22,30,40,49,15,2022012N
22/013,2022-03-22,6,28,32,33,40,45,1,2022013N
22/014,2022-03-25,15,20,26,28,29,46,12,2022014N
22/015,2022-03-29,8,18,21,35,37,38,10,2022015N
22/016,2022-04-01,4,8,21,40,46,49,34,2022016N
22/017,2022-04-05,9,11,12,22,29,42,3,2022017N
22/018,2022-04-08,10,20,36,38,43,48,30,2022018N
22/019,2022-04-12,8,11,12,20,26,30,28,2022019N
22/020,2022-04-15,21,25,30,36,37,47,42,2022020N
22/021,2022-04-19,12,23,28,34,39,46,44,2022021N
22/022,2022-04-22,8,11,15,19,34,37,25,2022022N
22/023,2022-04-26,9,23,30,32,34,40,25,2022023N
22/024,2022-04-29,1,7,16,28,31,48,18,2022024N
22/025,2022-05-03,3,8,11,15,18,40,41,2022025N
22/026,2022-05-06,2,15,41,42,44,46,40,2022026N
22/027,2022-05-10,12,14,19,39,41,48,33,2022027N
22/028,2022-05-13,1,5,10,22,30,34,42,2022028N
22/029,2022-05-17,4,7,29,35,40,46,17,2022029N
22/030,2022-05-20,27,30,36,38,45,46,34,2022030N
22/031,2022-05-24,5,7,8,17,47,49,34,2022031N
22/032,2022-05-27,1,17,25,29,42,46,8,2022032N
22/033,2022-05-31,2,13,35,39,43,48,9,2022033N
22/034,2022-06-03,1,27,32,35,38,44,24,2022034N
22/035,2022-06-07,9,16,21,35,47,48,36,2022035N
22/036,2022-06-10,11,17,24,26,37,41,34,2022036N
22/037,2022-06-14,7,16,21,30,34,38,41,2022037N
22/038,2022-06-17,9,17,24,27,33,39,48,2022038N
22/039,2022-06-21,2,15,20,30,47,48,44,2022039N
22/040,2022-06-27,1,13,19,26,29,37,15,2022040N
22/041,2022-07-03,19,21,23,26,37,39,13,2022041N
22/042,2022-07-05,9,30,31,32,37,40,25,2022042N
22/043,2022-07-08,7,10,28,30,32,36,27,2022043N
22/044,2022-07-12,4,13,22,27,43,47,23,2022044N
22/045,2022-07-15,19,20,25,29,46,47,35,2022045N
22/046,2022-07-22,5,12,21,30,34,38,3,2022046N
22/047,2022-07-26,6,14,23,31,38,48,1,2022047N
22/048,2022-07-28,8,13,16,21,23,49,44,2022048N
22/049,2022-07-30,21,25,34,37,41,46,14,2022049N
22/050,2022-08-02,4,8,9,11,42,46,47,2022050N
22/051,2022-08-04,13,24,30,35,36,39,29,2022051N
22/052,2022-08-09,1,12,25,28,36,46,13,2022052N
22/053,2022-08-11,7,12,22,26,43,49,5,2022053N
22/054,2022-08-13,6,22,25,33,38,47,10,2022054N
22/055,2022-08-16,7,20,31,35,41,47,42,2022055N
22/056,2022-08-18,2,8,19,21,24,47,4,2022056N
22/057,2022-08-20,8,17,19,28,31,35,46,2022057N
22/058,2022-08-23,4,8,9,10,30,42,22,2022058N
22/059,2022-08-25,16,19,32,33,42,46,34,2022059N
22/060,2022-08-27,12,22,34,35,39,45,7,2022060N
22/061,2022-08-30,7,8,9,17,24,25,20,2022061N
22/062,2022-09-01,23,24,30,31,45,46,26,2022062N
22/063,2022-09-03,2,8,12,19,35,45,33,2022063N
22/064,2022-09-06,14,22,35,37,42,46,24,2022064N
22/065,2022-09-08,8,14,15,20,41,44,3,2022065N
22/066,2022-09-13,2,4,20,38,40,46,11,2022066N
22/067,2022-09-15,21,23,29,30,33,49,40,2022067N
22/068,2022-09-17,5,17,22,24,34,38,13,2022068N
22/069,2022-09-20,4,7,14,18,27,31,48,2022069N
22/070,2022-09-22,8,11,31,32,33,36,46,2022070N
22/071,2022-09-24,4,6,10,27,29,46,17,2022071N
22/072,2022-09-27,2,18,29,30,32,47,46,2022072N
22/073,2022-09-29,6,8,18,36,37,44,30,2022073N
22/074,2022-10-02,1,7,11,24,27,38,17,2022074N
22/075,2022-10-04,7,8,12,13,26,43,3,2022075N
22/076,2022-10-06,4,11,21,28,31,47,5,2022076N
22/077,2022-10-08,7,11,28,31,43,48,42,2022077N
22/078,2022-10-11,1,5,10,25,36,47,23,2022078N
22/079,2022-10-13,1,10,14,38,47,48,40,2022079N
22/080,2022-10-15,18,21,25,28,38,44,45,2022080N
22/081,2022-10-18,7,25,26,39,44,45,46,2022081N
22/082,2022-10-20,20,24,27,31,32,49,36,2022082N
22/083,2022-10-22,12,15,16,42,44,45,4,2022083N
22/084,2022-10-25,27,28,30,34,35,48,11,2022084N
22/085,2022-10-29,4,5,12,15,28,29,20,2022085N
22/086,2022-11-01,2,12,14,32,41,46,20,2022086N
22/087,2022-11-03,10,13,19,21,27,49,35,2022087N
22/088,2022-11-05,7,11,22,23,28,32,29,2022088N
22/089,2022-11-08,10,20,27,32,38,46,4,2022089N
22/090,2022-11-10,11,12,14,18,29,30,31,2022090N
22/091,2022-11-13,5,12,18,19,26,33,46,2022091N
22/092,2022-11-15,17,18,32,38,44,49,19,2022092N
22/093,2022-11-17,1,9,27,32,33,35,45,2022093N
22/094,2022-11-19,6,11,27,39,46,47,15,2022094N
22/095,2022-11-22,6,10,11,13,32,46,39,2022095N
22/096,2022-11-24,3,12,14,19,25,28,11,2022096N
22/097,2022-11-26,14,25,28,29,43,44,10,2022097N
22/098,2022-11-29,12,18,22,28,31,40,7,2022098N
22/099,2022-12-01,14,18,27,32,39,42,43,2022099N
22/100,2022-12-03,2,15,31,34,38,41,21,2022100N
22/101,2022-12-06,6,11,17,30,44,46,5,2022101N
22/102,2022-12-08,17,19,35,39,44,46,21,2022102N
22/103,2022-12-10,6,12,20,25,39,49,7,2022103N
22/104,2022-12-13,12,38,39,40,45,49,10,2022104N
22/105,2022-12-15,5,7,18,26,31,45,30,2022105N
22/106,2022-12-17,6,14,15,26,35,40,8,2022106N
22/107,2022-12-20,28,36,37,38,41,45,42,2022107N
22/108,2022-12-22,16,18,19,33,41,46,37,2022108N
22/109,2022-12-25,2,7,11,14,18,39,29,2022109N
22/110,2022-12-27,5,13,18,32,39,45,44,2022110N
22/111,2022-12-29,1,2,21,33,41,45,4,2022111N
23/001,2023-01-03,7,20,25,27,35,43,1,2023001N
23/002,2023-01-05,5,9,19,34,36,49,23,2023002N
23/003,2023-01-07,10,31,33,34,43,49,40,2023003N
23/004,2023-01-10,2,21,24,29,35,47,18,2023004N
23/005,2023-01-12,6,22,26,27,40,45,13,2023005N
23/006,2023-01-14,3,5,16,26,35,38,9,2023006N
23/007,2023-01-17,10,15,29,34,38,47,18,2023007N
23/008,2023-01-19,17,25,27,29,36,49,23,2023008N
23/009,2023-01-26,2,3,23,31,32,43,40,2023009N
23/010,2023-01-28,2,12,16,38,45,46,14,2023010N
23/011,2023-02-02,2,8,23,33,34,35,43,2023011N
23/012,2023-02-04,14,18,25,29,31,42,6,2023012N
23/013,2023-02-07,4,11,13,14,30,37,20,2023013N
23/014,2023-02-09,1,9,13,27,29,40,20,2023014N
23/015,2023-02-11,13,18,22,29,34,41,23,2023015N
23/016,2023-02-14,3,13,19,32,33,39,24,2023016N
23/017,2023-02-16,8,9,13,22,38,39,11,2023017N
23/018,2023-02-18,4,12,20,28,34,49,43,2023018N
23/019,2023-02-21,8,19,29,30,33,41,4,2023019N
23/020,2023-02-23,8,16,32,42,47,48,35,2023020N
23/021,2023-02-25,14,25,27,28,44,47,4,2023021N
23/022,2023-02-28,8,13,29,33,40,42,3,2023022N
23/023,2023-03-02,14,17,19,32,39,46,36,2023023N
23/024,2023-03-04,1,9,15,26,42,44,25,2023024N
23/025,2023-03-07,4,11,12,26,37,40,7,2023025N
23/026,2023-03-09,1,4,7,14,31,37,11,2023026N
23/027,2023-03-12,11,12,13,20,35,43,44,2023027N
23/028,2023-03-14,1,2,10,12,18,37,43,2023028N
23/029,2023-03-16,18,21,28,30,34,40,14,2023029N
23/030,2023-03-18,4,7,17,34,42,48,3,2023030N
23/031,2023-03-21,8,13,18,30,33,41,20,2023031N
23/032,2023-03-23,5,14,17,20,22,32,33,2023032N
23/033,2023-03-25,11,15,18,26,31,37,10,2023033N
23/034,2023-03-28,9,10,16,41,44,46,39,2023034N
23/035,2023-03-30,1,8,12,36,42,47,40,2023035N
23/036,2023-04-01,8,9,12,19,21,40,24,2023036N
23/037,2023-04-04,15,19,20,24,36,47,4,2023037N
23/038,2023-04-08,1,13,17,18,33,36,22,2023038N
23/039,2023-04-11,12,23,29,40,42,43,20,2023039N
23/040,2023-04-13,9,14,15,32,36,48,25,2023040N
23/041,2023-04-16,10,12,18,20,23,36,6,2023041N
23/042,2023-04-18,20,23,27,28,30,46,29,2023042N
23/043,2023-04-20,1,20,24,28,38,46,40,2023043N
23/044,2023-04-22,2,6,7,9,17,19,26,2023044N
23/045,2023-04-25,20,26,38,43,46,47,35,2023045N
23/046,2023-04-27,8,12,21,43,44,49,27,2023046N
23/047,2023-04-29,7,8,17,19,27,40,2,2023047N
23/048,2023-05-02,4,10,20,32,38,49,7,2023048N
23/049,2023-05-04,2,10,28,37,47,49,7,2023049N
23/050,2023-05-06,1,5,14,15,21,25,31,2023050N
23/051,2023-05-09,7,10,22,25,32,35,27,2023051N
23/052,2023-05-11,17,18,28,30,32,33,1,2023052N
23/053,2023-05-14,1,4,9,35,37,48,43,2023053N
23/054,2023-05-16,2,18,27,31,32,46,44,2023054N
23/055,2023-05-18,5,6,12,16,41,47,7,2023055N
23/056,2023-05-20,1,19,22,26,46,47,39,2023056N
23/057,2023-05-23,4,14,15,37,41,49,38,2023057N
23/058,2023-05-25,3,14,18,26,40,43,15,2023058N
23/059,2023-05-27,11,20,21,22,27,32,12,2023059N
23/060,2023-05-30,3,9,15,30,32,41,26,2023060N
23/061,2023-06-01,14,30,32,42,45,47,4,2023061N
23/062,2023-06-03,2,16,24,25,47,48,40,2023062N
23/063,2023-06-06,6,12,34,42,45,48,2,2023063N
23/064,2023-06-08,4,22,24,28,45,46,7,2023064N
23/065,2023-06-11,14,16,18,22,30,47,11,2023065N
23/066,2023-06-13,14,16,22,26,36,42,19,2023066N
23/067,2023-06-15,5,13,17,20,33,38,14,2023067N
23/068,2023-06-17,18,22,31,35,44,48,6,2023068N
23/069,2023-06-20,8,18,31,34,35,47,39,2023069N
23/070,2023-06-22,14,15,24,30,37,39,26,2023070N
23/071,2023-06-24,1,11,14,16,26,36,39,2023071N
23/072,2023-06-27,7,10,16,18,29,45,1,2023072N
23/073,2023-06-29,6,10,18,21,22,33,4,2023073N
23/074,2023-07-02,3,6,25,29,35,42,36,2023074N
23/075,2023-07-04,5,15,20,29,32,37,18,2023075N
23/076,2023-07-08,1,11,22,26,38,39,27,2023076N
23/077,2023-07-11,7,19,22,27,40,47,13,2023077N
23/078,2023-07-13,3,8,11,23,36,38,33,2023078N
23/079,2023-07-15,4,9,12,33,37,42,3,2023079N
23/080,2023-07-18,15,16,34,36,39,40,42,2023080N
23/081,2023-07-20,4,16,18,34,35,46,47,2023081N
23/082,2023-07-25,1,2,10,13,29,47,9,2023082N
23/083,2023-07-27,13,15,17,18,20,43,39,2023083N
23/084,2023-07-29,13,23,26,40,41,43,14,2023084N
23/085,2023-08-01,2,7,25,28,31,35,11,2023085N
23/086,2023-08-03,3,14,23,30,33,44,21,2023086N
23/087,2023-08-05,2,8,24,39,41,44,40,2023087N
23/088,2023-08-08,4,7,18,28,30,40,29,2023088N
23/089,2023-08-10,2,3,4,13,18,42,12,2023089N
23/090,2023-08-12,3,12,13,17,24,36,16,2023090N
23/091,2023-08-15,4,12,17,37,38,39,41,2023091N
23/092,2023-08-17,3,9,15,18,21,37,42,2023092N
23/093,2023-08-19,8,14,18,20,23,25,44,2023093N
23/094,2023-08-22,1,5,7,12,48,49,16,2023094N
23/095,2023-08-24,6,18,29,31,44,46,8,2023095N
23/096,2023-08-26,16,26,31,35,39,46,3,2023096N
23/097,2023-08-29,3,6,7,33,36,46,4,2023097N
23/098,2023-08-31,10,15,17,21,40,44,12,2023098N
23/099,2023-09-03,15,20,25,39,45,48,28,2023099N
23/100,2023-09-05,2,5,20,24,27,32,12,2023100N
23/101,2023-09-07,20,22,24,25,29,49,36,2023101N
23/102,2023-09-09,4,6,19,32,39,42,34,2023102N
23/103,2023-09-12,4,10,12,16,30,32,14,2023103N
23/104,2023-09-14,17,27,30,31,32,38,11,2023104N
23/105,2023-09-16,10,24,34,40,41,45,35,2023105N
23/106,2023-09-19,8,9,10,27,35,38,46,2023106N
23/107,2023-09-21,1,10,22,28,33,46,37,2023107N
23/108,2023-09-23,3,27,28,35,44,46,12,2023108N
23/109,2023-09-28,9,12,30,31,45,48,46,2023109N
23/110,2023-09-30,6,8,11,26,35,47,1,2023110N
23/111,2023-10-03,8,16,32,39,40,43,29,2023111N
23/112,2023-10-05,2,11,20,29,41,49,45,2023112N
23/113,2023-10-07,4,9,12,36,43,47,26,2023113N
23/114,2023-10-10,1,12,22,23,34,39,30,2023114N
23/115,2023-10-12,2,13,23,28,30,31,3,2023115N
23/116,2023-10-14,1,29,31,42,47,48,40,2023116N
23/117,2023-10-17,8,18,24,34,41,42,31,2023117N
23/118,2023-10-19,1,13,18,32,34,49,44,2023118N
23/119,2023-10-21,6,8,12,31,32,46,4,2023119N
23/120,2023-10-24,19,20,29,45,48,49,8,2023120N
23/121,2023-10-26,11,16,27,32,33,37,24,2023121N
23/122,2023-10-31,4,33,35,36,41,49,1,2023122N
23/123,2023-11-02,3,14,32,37,43,47,26,2023123N
23/124,2023-11-04,2,13,16,28,40,44,46,2023124N
23/125,2023-11-07,7,16,26,31,47,49,44,2023125N
23/126,2023-11-09,1,4,18,25,30,49,15,2023126N
23/127,2023-11-12,19,26,32,34,37,44,11,2023127N
23/128,2023-11-14,2,15,27,36,37,48,23,2023128N
23/129,2023-11-16,3,5,8,16,26,33,24,2023129N
23/130,2023-11-18,6,25,29,30,34,35,20,2023130N
23/131,2023-11-21,9,11,15,17,19,44,7,2023131N
23/132,2023-11-23,11,16,24,27,28,32,48,2023132N
23/133,2023-11-25,2,8,12,28,34,47,7,2023133N
23/134,2023-11-28,3,14,20,30,38,42,13,2023134N
23/135,2023-11-30,7,12,32,34,36,39,5,2023135N
23/136,2023-12-02,3,17,30,36,38,45,8,2023136N
23/137,2023-12-05,9,16,23,38,39,41,19,2023137N
23/138,2023-12-07,27,28,37,38,43,45,40,2023138N
23/139,2023-12-09,2,3,4,31,46,49,34,2023139N
23/140,2023-12-12,3,10,20,24,27,42,45,2023140N
23/141,2023-12-14,3,4,11,37,44,48,36,2023141N
23/142,2023-12-19,4,9,13,33,35,46,6,2023142N
23/143,2023-12-21,1,10,12,33,46,49,32,2023143N
23/144,2023-12-24,2,8,16,19,37,49,20,2023144N
23/145,2023-12-28,11,18,27,29,34,45,28,2023145N
23/146,2023-12-30,5,8,19,25,41,48,24,2023146N
24/001,2024-01-03,2,3,19,34,37,46,32,2024001N
24/002,2024-01-06,1,4,24,31,33,34,2,2024002N
24/003,2024-01-09,3,9,16,19,33,35,39,2024003N
24/004,2024-01-11,3,6,8,26,29,38,1,2024004N
24/005,2024-01-14,3,17,18,36,38,39,21,2024005N
24/006,2024-01-16,1,6,8,27,41,47,29,2024006N
24/007,2024-01-18,2,10,17,46,47,49,3,2024007N
24/008,2024-01-20,3,25,31,40,43,48,45,2024008N
24/009,2024-01-23,2,6,7,14,30,43,15,2024009N
24/010,2024-01-25,2,5,15,32,45,49,19,2024010N
24/011,2024-01-27,1,8,13,19,34,47,12,2024011N
24/012,2024-01-30,8,20,21,29,30,49,32,2024012N
24/013,2024-02-01,4,12,15,23,24,31,43,2024013N
24/014,2024-02-03,3,7,21,32,36,47,23,2024014N
24/015,2024-02-06,15,18,19,38,41,49,22,2024015N
24/016,2024-02-08,5,7,9,20,22,25,13,2024016N
24/017,2024-02-14,10,12,13,24,25,48,15,2024017N
24/018,2024-02-17,9,23,26,27,36,41,24,2024018N
24/019,2024-02-20,10,26,27,29,30,45,37,2024019N
24/020,2024-02-22,22,25,33,34,35,39,5,2024020N
24/021,2024-02-24,2,7,24,29,30,36,6,2024021N
24/022,2024-02-27,3,11,12,22,24,26,21,2024022N
24/023,2024-02-29,5,13,16,36,39,41,38,2024023N
24/024,2024-03-02,7,23,31,35,43,46,10,2024024N
24/025,2024-03-05,11,24,34,36,39,42,38,2024025N
24/026,2024-03-07,5,22,30,31,32,39,44,2024026N
24/027,2024-03-09,4,5,8,21,32,42,45,2024027N
24/028,2024-03-12,13,16,18,24,32,43,44,2024028N
24/029,2024-03-14,6,23,24,31,34,49,1,2024029N
24/030,2024-03-17,1,8,13,23,40,44,15,2024030N
24/031,2024-03-19,7,8,29,30,36,48,28,2024031N
24/032,2024-03-21,6,19,20,34,39,42,44,2024032N
24/033,2024-03-23,11,18,24,35,42,46,3,2024033N
24/034,2024-03-26,6,11,12,18,24,42,38,2024034N
24/035,2024-03-28,2,9,15,20,39,48,43,2024035N
24/036,2024-03-30,2,6,18,22,36,39,21,2024036N
24/037,2024-04-02,16,25,31,42,43,44,7,2024037N
24/038,2024-04-04,4,8,12,22,24,26,1,2024038N
24/039,2024-04-06,15,16,17,30,34,35,25,2024039N
24/040,2024-04-09,13,20,29,30,34,48,3,2024040N
24/041,2024-04-11,2,7,9,13,33,35,49,2024041N
24/042,2024-04-13,6,10,12,14,17,41,47,2024042N
24/043,2024-04-16,12,14,17,18,23,44,27,2024043N
24/044,2024-04-18,17,25,26,30,38,48,28,2024044N
24/045,2024-04-21,7,8,10,12,17,27,25,2024045N
24/046,2024-04-23,5,6,16,27,37,47,24,2024046N
24/047,2024-04-25,3,17,25,32,36,38,46,2024047N
24/048,2024-04-27,9,18,28,40,47,48,23,2024048N
24/049,2024-04-30,11,12,28,35,37,39,30,2024049N
24/050,2024-05-02,6,18,21,39,42,46,17,2024050N
24/051,2024-05-04,1,3,7,21,28,30,45,2024051N
24/052,2024-05-07,8,19,27,30,36,42,2,2024052N
24/053,2024-05-09,5,14,15,18,23,48,13,2024053N
24/054,2024-05-12,3,9,25,30,36,41,19,2024054N
24/055,2024-05-14,14,37,38,41,45,49,5,2024055N
24/056,2024-05-16,21,32,40,43,44,49,1,2024056N
24/057,2024-05-18,8,17,19,27,33,45,37,2024057N
24/058,2024-05-21,2,3,4,15,37,40,8,2024058N
24/059,2024-05-23,5,9,18,21,36,40,13,2024059N
24/060,2024-05-25,7,26,30,37,46,49,25,2024060N
24/061,2024-05-28,33,37,38,43,44,46,32,2024061N
24/062,2024-05-30,1,24,25,27,30,32,13,2024062N
24/063,2024-06-01,6,18,28,33,36,48,11,2024063N
24/064,2024-06-04,6,11,19,21,27,43,44,2024064N
24/065,2024-06-09,6,9,12,17,19,42,13,2024065N
24/066,2024-06-13,1,5,15,19,25,39,46,2024066N
24/067,2024-06-16,3,7,13,17,21,49,4,2024067N
24/068,2024-06-18,9,16,31,33,38,48,23,2024068N
24/069,2024-06-20,14,21,26,27,42,46,45,2024069N
24/070,2024-06-22,18,25,28,34,42,49,14,2024070N
24/071,2024-06-25,21,30,34,40,48,49,16,2024071N
24/072,2024-06-27,2,17,24,30,32,40,16,2024072N
24/073,2024-06-29,7,21,29,30,36,46,42,2024073N
24/074,2024-07-02,5,8,15,21,27,37,2,2024074N
24/075,2024-07-07,1,2,17,27,34,41,22,2024075N
24/076,2024-07-09,18,25,30,35,36,40,44,2024076N
24/077,2024-07-11,8,20,29,33,34,44,12,2024077N
24/078,2024-07-13,17,21,24,27,29,48,8,2024078N
24/079,2024-07-16,11,13,17,34,40,47,21,2024079N
24/080,2024-07-18,11,12,18,28,29,30,39,2024080N
24/081,2024-07-20,17,18,31,33,39,41,14,2024081N
24/082,2024-07-23,12,13,24,25,27,34,4,2024082N
24/083,2024-07-25,3,16,18,26,43,45,9,2024083N
24/084,2024-07-30,6,7,17,20,21,25,26,2024084N
24/085,2024-08-01,2,9,16,39,43,46,20,2024085N
24/086,2024-08-03,5,6,8,22,26,44,40,2024086N
24/087,2024-08-06,3,4,7,13,27,41,38,2024087N
24/088,2024-08-08,3,6,7,8,11,29,49,2024088N
24/089,2024-08-10,8,12,21,35,44,45,2,2024089N
24/090,2024-08-13,7,9,20,21,30,35,26,2024090N
24/091,2024-08-15,3,16,33,35,39,44,8,2024091N
24/092,2024-08-17,6,13,19,21,26,28,9,2024092N
24/093,2024-08-20,1,4,16,26,39,49,7,2024093N
24/094,2024-08-22,8,9,16,21,32,33,34,2024094N
24/095,2024-08-24,9,15,19,28,31,41,42,2024095N
24/096,2024-08-27,2,15,23,33,34,39,19,2024096N
24/097,2024-08-29,6,7,18,24,28,29,1,2024097N
24/098,2024-08-31,2,21,34,36,41,47,31,2024098N
24/099,2024-09-03,2,3,7,25,46,48,13,2024099N
24/100,2024-09-07,5,24,26,32,35,40,16,2024100N
24/101,2024-09-10,1,12,16,20,21,30,27,2024101N
24/102,2024-09-12,14,18,20,25,32,43,45,2024102N
24/103,2024-09-17,5,18,21,24,27,44,10,2024103N
24/104,2024-09-19,5,18,21,24,44,47,20,2024104N
24/105,2024-09-21,2,3,14,25,27,36,45,2024105N
24/106,2024-09-24,9,17,28,31,40,49,25,2024106N
24/107,2024-09-26,2,4,29,35,38,49,14,2024107N
24/108,2024-10-02,8,15,21,32,43,47,41,2024108N
24/109,2024-10-08,10,16,24,32,37,40,19,2024109N
24/110,2024-10-10,10,33,35,40,44,48,6,2024110N
24/111,2024-10-12,4,8,9,19,20,48,21,2024111N
24/112,2024-10-15,19,36,37,43,44,49,8,2024112N
24/113,2024-10-17,11,17,22,26,33,46,35,2024113N
24/114,2024-10-22,13,21,28,30,41,49,3,2024114N
24/115,2024-10-28,5,6,13,15,36,49,23,2024115N
24/116,2024-10-31,7,13,16,22,23,31,6,2024116N
24/117,2024-11-02,14,16,25,40,41,45,27,2024117N
24/118,2024-11-05,7,11,13,24,27,31,35,2024118N
24/119,2024-11-07,11,17,33,36,40,44,2,2024119N
24/120,2024-11-10,3,20,24,27,30,42,17,2024120N
24/121,2024-11-12,5,13,22,27,45,46,7,2024121N
24/122,2024-11-14,8,14,20,28,36,39,30,2024122N
24/123,2024-11-16,1,3,7,19,31,38,23,2024123N
24/124,2024-11-19,19,32,36,38,39,47,29,2024124N
24/125,2024-11-21,1,3,6,14,32,34,12,2024125N
24/126,2024-11-23,1,2,7,14,15,25,35,2024126N
24/127,2024-11-26,8,11,12,28,29,44,34,2024127N
24/128,2024-11-28,9,15,26,32,33,44,1,2024128N
24/129,2024-11-30,10,14,23,24,33,41,38,2024129N
24/130,2024-12-03,2,13,15,17,22,28,23,2024130N
24/131,2024-12-05,5,12,27,29,38,40,22,2024131N
24/132,2024-12-07,1,15,18,33,34,39,22,2024132N
24/133,2024-12-10,3,18,24,33,43,44,4,2024133N
24/134,2024-12-12,10,14,16,21,37,49,22,2024134N
24/135,2024-12-14,1,16,18,36,37,46,38,2024135N
24/136,2024-12-17,9,11,23,26,30,48,28,2024136N
24/137,2024-12-19,1,2,3,36,37,41,10,2024137N
24/138,2024-12-21,14,20,21,22,23,30,18,2024138N
24/139,2024-12-24,8,11,18,23,25,41,45,2024139N
24/140,2024-12-28,1,3,5,18,26,35,14,2024140N
25/001,2025-01-02,9,23,42,44,45,46,22,20251N
25/002,2025-01-07,8,13,18,23,31,47,16,20252N
25/003,2025-01-09,1,19,28,33,35,41,11,20253N
25/004,2025-01-11,8,15,26,27,30,35,2,20254N
25/005,2025-01-14,3,5,11,12,18,48,6,20255N
25/006,2025-01-16,1,3,4,19,38,45,39,20256N
25/007,2025-01-18,3,4,6,12,18,32,28,20257N
25/008,2025-01-21,16,22,33,43,48,49,8,20258N
25/009,2025-01-23,3,6,24,25,34,37,45,20259N
25/010,2025-01-25,7,14,19,31,36,45,24,202510N
25/011,2025-02-02,14,18,30,36,40,42,1,202511N
25/012,2025-02-04,3,13,15,18,19,24,37,202512N
25/013,2025-02-06,1,4,18,25,38,45,23,202513N
25/014,2025-02-08,1,7,21,27,33,45,17,202514N
25/015,2025-02-11,5,15,20,26,30,40,39,202515N
25/016,2025-02-13,5,26,29,32,42,45,36,202516N
25/017,2025-02-15,1,8,21,25,29,34,4,202517N
25/018,2025-02-18,3,7,13,35,37,39,23,202518N
25/019,2025-02-20,13,20,22,27,41,44,36,202519N
25/020,2025-02-22,14,15,20,27,41,44,33,202520N
25/021,2025-02-25,1,2,6,11,40,47,32,202521N
25/022,2025-02-27,7,11,15,17,25,28,9,202522N
25/023,2025-03-01,4,15,22,25,29,42,1,202523N
25/024,2025-03-04,1,9,14,38,42,43,23,202524N
25/025,2025-03-06,4,11,19,20,30,39,45,202525N
25/026,2025-03-08,19,25,26,29,32,39,4,202526N
25/027,2025-03-11,1,4,9,14,21,37,45,202527N
25/028,2025-03-13,4,16,19,21,26,29,13,202528N
25/029,2025-03-16,29,30,36,41,48,49,14,202529N
25/030,2025-03-18,6,8,24,26,29,45,39,202530N
25/031,2025-03-20,16,20,21,24,39,43,34,202531N
25/032,2025-03-22,12,23,24,27,36,46,43,202532N
25/033,2025-03-25,8,11,17,36,43,48,25,202533N
25/034,2025-03-27,10,19,35,44,47,49,15,202534N
25/035,2025-03-29,3,5,12,13,45,47,46,202535N
25/036,2025-04-01,6,14,17,30,35,42,49,202536N
25/037,2025-04-03,2,4,7,29,32,40,44,202537N
25/038,2025-04-05,7,11,22,26,39,44,8,202538N
25/039,2025-04-08,11,17,20,27,36,48,21,202539N
25/040,2025-04-10,11,22,23,26,32,35,2,202540N
25/041,2025-04-12,19,21,34,36,47,49,14,202541N
25/042,2025-04-15,10,20,21,22,23,42,49,202542N
25/043,2025-04-19,1,11,24,37,45,49,22,202543N
25/044,2025-04-22,3,7,11,20,23,27,29,202544N
25/045,2025-04-24,12,16,21,35,44,48,32,202545N
25/046,2025-04-26,11,15,18,21,29,40,8,202546N
25/047,2025-04-29,20,21,24,30,32,38,47,202547N
25/048,2025-05-01,4,7,21,32,41,47,28,202548N
25/049,2025-05-03,18,20,30,35,47,49,44,202549N
25/050,2025-05-06,12,15,25,26,29,41,42,202550N
25/051,2025-05-08,6,11,17,22,27,43,24,202551N
25/052,2025-05-11,19,26,28,29,46,49,32,202552N
25/053,2025-05-13,13,26,27,41,45,49,46,202553N
25/054,2025-05-15,6,12,29,32,34,46,16,202554N
25/055,2025-05-17,12,22,27,29,32,34,9,202555N
25/056,2025-05-20,10,15,28,31,34,40,48,202556N
25/057,2025-05-22,4,11,26,29,34,35,18,202557N
25/058,2025-05-24,6,14,15,19,45,47,17,202558N
25/059,2025-05-29,5,6,16,21,24,35,33,202559N
25/060,2025-06-01,12,16,28,29,38,47,26,202560N
25/061,2025-06-03,1,2,13,15,41,46,27,202561N
25/062,2025-06-05,18,22,24,33,39,44,3,202562N
25/063,2025-06-07,9,15,27,30,34,39,19,202563N
25/064,2025-06-10,9,13,35,40,45,46,26,202564N
25/065,2025-06-12,6,25,32,36,39,45,13,202565N
25/066,2025-06-17,5,19,30,40,44,45,26,202566N
25/067,2025-06-19,7,12,13,18,34,35,6,202567N
25/068,2025-06-21,2,4,19,27,31,39,13,202568N
25/069,2025-06-24,3,21,28,33,45,49,29,202569N
25/070,2025-06-26,9,11,23,24,29,49,30,202570N
25/071,2025-06-29,19,29,32,34,42,46,20,202571N
25/072,2025-07-03,7,17,24,35,37,45,30,202572N
25/073,2025-07-06,5,9,22,33,46,47,36,202573N
25/074,2025-07-08,13,16,17,22,23,35,41,202574N
25/075,2025-07-10,6,13,23,25,32,39,34,202575N
25/076,2025-07-12,5,17,20,24,27,35,38,202576N
25/077,2025-07-15,9,12,23,30,31,44,5,202577N
25/078,2025-07-17,12,19,31,37,42,45,15,202578N
25/079,2025-07-19,6,25,29,40,48,49,42,202579N
25/080,2025-07-21,17,20,28,31,35,48,32,202580N
25/081,2025-07-26,19,22,25,32,33,45,36,202581N
25/082,2025-07-29,9,11,17,28,35,43,42,202582N
25/083,2025-07-31,10,21,23,27,35,47,39,202583N
25/084,2025-08-02,10,14,18,21,34,44,24,202584N
25/085,2025-08-07,3,7,25,29,37,39,8,202585N
25/086,2025-08-09,25,36,44,45,48,49,13,202586N
25/087,2025-08-12,8,16,18,28,29,32,20,202587N
25/088,2025-08-14,1,13,25,27,31,34,33,202588N
25/089,2025-08-16,4,10,15,20,32,38,26,202589N
25/090,2025-08-19,28,32,34,37,45,49,7,202590N
25/091,2025-08-21,6,8,10,23,32,45,3,202591N
25/092,2025-08-23,17,22,26,36,39,45,14,202592N
25/093,2025-08-26,2,3,16,25,38,48,6,202593N
25/094,2025-08-28,5,36,39,44,48,49,32,202594N
25/095,2025-08-30,6,18,31,33,44,49,2,202595N
25/096,2025-09-02,5,18,23,24,29,49,11,202596N
25/097,2025-09-06,6,19,22,23,34,43,11,202597N
25/098,2025-09-09,7,15,32,40,42,44,9,202598N
25/099,2025-09-11,11,21,22,25,32,44,38,202599N
25/100,2025-09-13,15,21,23,37,47,49,30,2025100N
25/101,2025-09-16,14,21,22,28,32,33,25,2025101N
25/102,2025-09-18,22,33,35,36,37,48,30,2025102N
25/103,2025-09-20,8,13,17,24,36,43,41,2025103N
25/104,2025-09-25,2,11,22,27,46,47,32,2025104N
25/105,2025-09-27,8,14,16,18,26,48,44,2025105N
25/106,2025-09-30,13,21,33,41,44,46,43,2025106N
25/107,2025-10-06,15,17,19,23,24,34,33,2025107N
25/108,2025-10-09,1,3,24,31,39,45,7,2025108N
25/109,2025-10-11,5,6,18,19,30,39,7,2025109N
25/110,2025-10-14,3,15,17,24,32,44,20,2025110N
25/111,2025-10-16,2,11,32,40,43,48,12,2025111N
25/112,2025-10-18,5,13,17,18,31,44,2,2025112N
25/113,2025-10-21,1,8,9,11,18,32,13,2025113N
25/114,2025-10-23,4,19,24,25,26,46,39,2025114N
25/115,2025-10-25,6,7,27,36,39,43,1,2025115N
25/116,2025-10-28,4,7,15,21,45,46,24,2025116N
25/117,2025-11-04,19,20,26,28,39,44,4,2025117N
25/118,2025-11-06,10,17,22,33,40,41,31,2025118N
25/119,2025-11-08,7,9,16,17,33,46,49,2025119N
25/120,2025-11-11,18,20,28,37,38,40,41,2025120N
25/121,2025-11-13,10,11,28,30,37,39,15,2025121N
25/122,2025-11-16,2,11,13,28,38,47,7,2025122N
25/123,2025-11-18,2,4,10,26,28,36,23,2025123N
25/124,2025-11-20,19,26,33,35,36,39,5,2025124N
25/125,2025-11-25,1,2,17,35,37,48,8,2025125N
25/126,2025-12-02,6,18,29,34,37,38,39,2025126N
25/127,2025-12-06,4,6,26,28,34,40,25,2025127N
25/128,2025-12-11,1,5,6,25,30,42,43,2025128N
25/129,2025-12-13,10,17,19,28,45,49,1,2025129N
25/130,2025-12-16,3,12,23,28,35,38,24,2025130N
25/131,2025-12-18,6,23,28,31,33,34,11,2025131N
25/132,2025-12-21,9,17,27,34,39,47,46,2025132N
25/133,2025-12-25,1,2,4,30,41,43,13,2025133N
25/134,2025-12-28,7,10,11,19,25,30,45,2025134N
26/001,2026-01-03,2,10,13,16,20,21,14,20261N
26/002,2026-01-06,2,8,12,19,28,36,1,20262N
26/003,2026-01-08,15,21,24,40,45,46,13,20263N
26/004,2026-01-10,3,16,20,22,24,37,42,20264N
26/005,2026-01-13,14,24,34,38,48,49,27,20265N
26/006,2026-01-15,3,6,37,38,39,44,48,20266N
26/007,2026-01-17,5,12,15,23,27,42,46,20267N
26/008,2026-01-20,1,4,6,9,44,46,27,20268N
26/009,2026-01-22,4,9,15,24,27,31,45,20269N
26/010,2026-01-24,6,16,17,22,28,48,45,202610N
26/011,2026-01-27,7,12,14,25,38,47,15,202611N
26/012,2026-01-29,6,9,12,14,35,44,11,202612N
26/013,2026-01-31,25,30,32,35,36,47,46,202613N
26/014,2026-02-03,12,23,27,37,39,42,5,202614N
26/015,2026-02-05,1,9,17,24,35,36,42,202615N
26/016,2026-02-07,12,22,28,32,37,44,20,202616N
26/017,2026-02-10,3,4,14,18,26,39,40,202617N
26/018,2026-02-12,2,3,14,25,37,46,10,202618N
26/019,2026-02-15,8,28,33,36,37,46,4,202619N
26/020,2026-02-21,2,18,34,35,37,49,33,202620N
26/021,2026-02-24,2,3,4,10,13,23,12,202621N
26/022,2026-02-26,6,13,15,19,38,42,34,202622N
26/023,2026-02-28,5,15,37,39,46,47,29,202623N
26/024,2026-03-03,6,13,20,31,32,44,45,202624N
26/025,2026-03-05,4,18,24,31,42,46,11,202625N
26/026,2026-03-07,12,15,18,22,28,37,31,202626N
26/027,2026-03-10,2,16,25,34,35,37,49,202627N
26/028,2026-03-12,7,13,14,16,26,30,34,202628N
26/029,2026-03-17,16,18,22,28,45,49,13,202629N
26/030,2026-03-19,2,6,8,33,41,45,48,202630N
26/031,2026-03-21,5,9,11,18,23,47,24,202631N
26/032,2026-03-24,6,9,22,26,44,49,7,202632N
26/033,2026-03-26,12,17,23,27,28,37,3,202633N
26/034,2026-03-28,11,21,26,27,42,45,19,202634N
26/035,2026-03-31,9,18,19,20,28,32,44,202635N
26/036,2026-04-04,20,28,32,35,40,45,43,202636N
26/037,2026-04-07,8,23,25,29,33,34,49,202637N
26/038,2026-04-09,13,16,24,43,44,45,40,202638N
26/039,2026-04-11,11,14,17,28,40,42,2,202639N
26/040,2026-04-14,8,19,22,33,44,46,18,202640N
26/041,2026-04-16,6,12,14,28,44,46,15,202641N
26/042,2026-04-18,17,20,27,32,39,46,34,202642N
26/043,2026-04-21,2,4,10,11,26,44,40,202643N
26/044,2026-04-23,12,23,37,38,45,48,8,202644N
26/045,2026-04-25,4,16,21,36,42,46,9,202645N
26/046,2026-05-02,2,3,8,28,30,48,9,202646N
26/047,2026-05-05,2,7,8,10,18,47,4,202647N
26/048,2026-05-07,6,14,20,23,28,34,49,202648N
26/049,2026-05-10,9,17,26,41,42,47,8,202649N
26/050,2026-05-12,4,16,19,22,25,47,40,202650N
26/051,2026-05-14,23,27,30,34,45,47,28,202651N
26/052,2026-05-16,11,25,28,36,41,43,22,202652N
26/053,2026-05-19,1,2,4,20,21,27,19,202653N
26/054,2026-05-21,5,7,13,15,27,31,16,202654N
26/055,2026-05-23,2,7,20,42,47,49,8,202655N
26/056,2026-05-26,10,11,18,32,34,47,33,202656N
26/057,2026-05-28,7,13,25,35,40,43,47,202657N
26/058,2026-05-30,1,12,21,39,40,41,42,202658N
26/059,2026-06-02,9,14,16,35,37,45,20,202659N
26/060,2026-06-04,4,7,15,37,43,47,44,202660N
26/061,2026-06-06,5,12,19,20,34,36,46,202661N
26/062,2026-06-09,8,11,14,26,33,40,30,202662N
26/063,2026-06-11,3,6,9,10,28,29,27,202663N
26/064,2026-06-14,10,12,17,29,32,35,1,202664N
26/065,2026-06-18,6,20,26,31,34,47,24,202665N
26/066,2026-06-20,5,7,10,15,16,41,46,202666N
26/067,2026-06-23,2,15,25,34,39,41,10,202667N
26/068,2026-06-25,12,16,19,20,28,30,29,202668N
26/069,2026-06-28,5,7,26,32,37,40,35,202669N
26/070,2026-06-30,12,14,17,18,22,40,13,202670N
26/071,2026-07-02,5,17,26,31,34,46,43,202671N
26/072,2026-07-05,3,14,19,20,31,38,44,202672N
26/073,2026-07-07,5,34,37,43,48,49,27,202673N
26/074,2026-07-09,1,7,18,21,33,38,28,202674N
26/075,2026-07-11,2,5,7,11,41,46,43,202675N
26/076,2026-07-14,10,16,19,27,31,44,17,202676N
26/077,2026-07-16,18,21,26,30,32,44,27,202677N
26/078,2026-07-21,1,6,37,41,45,47,8,202678N
26/079,2026-07-23,4,7,15,29,32,46,23,202679N
26/080,2026-07-25,5,7,12,26,31,42,11,202680N
26/081,2026-07-28,4,7,14,20,21,30,34,202681N
26/082,2026-07-30,1,2,14,17,23,35,48,202682N
26/083,2026-08-01,1,7,16,22,32,37,23,202683N
26/084,2026-08-04,4,11,13,16,31,33,38,202684N
26/085,2026-08-06,13,24,29,30,42,48,3,202685N
26/086,2026-08-08,1,3,7,31,32,49,47,202686N
26/087,2026-08-11,11,19,28,36,43,48,13,202687N
26/088,2026-08-13,21,27,35,40,47,48,23,202688N
26/089,2026-08-15,4,16,25,27,28,33,14,202689N
26/090,2026-08-18,7,8,9,14,39,41,49,202690N
26/091,2026-08-20,7,9,10,15,24,46,34,202691N
26/092,2026-08-22,7,9,12,25,34,40,29,202692N
26/093,2026-08-25,1,18,19,25,34,38,7,202693N
26/094,2026-08-27,12,17,25,31,44,45,35,202694N
26/095,2026-08-29,4,7,8,11,26,30,42,202695N
26/096,2026-09-05,9,18,26,30,33,45,28,202696N
26/097,2026-09-08,9,23,28,29,35,41,38,202697N
26/098,2026-09-10,22,23,31,32,35,45,34,202698N
26/099,2026-09-12,9,18,24,33,40,47,11,202699N
26/100,2026-09-15,2,5,6,9,29,30,19,2026100N
26/101,2026-09-17,4,17,31,41,47,48,8,2026101N
26/102,2026-09-19,5,8,11,14,19,31,21,2026102N
26/103,2026-09-22,2,34,35,43,45,46,41,2026103N
26/104,2026-09-26,4,28,31,44,47,48,19,2026104N
26/105,2026-10-03,8,23,29,31,34,43,48,2026105N
26/106,2026-10-06,9,29,31,34,36,41,28,2026106N
26/107,2026-10-08,18,19,24,31,40,44,5,2026107N
