period,draw_date,n1,n2,n3,n4,n5,n6,special,sales_amount,source,fetched_at
93/001,1993-01-05,1,8,13,24,35,43,33,0,mark6six_archive_crosscheck_hkjc,2026-07-15
93/002,1993-01-07,6,8,16,21,24,42,37,0,mark6six_archive_crosscheck_hkjc,2026-07-15
93/003,1993-01-12,5,6,19,25,27,45,39,0,mark6six_archive_crosscheck_hkjc,2026-07-15
93/004,1993-01-14,2,16,27,29,36,43,35,0,mark6six_archive_crosscheck_hkjc,2026-07-15
93/005,1993-01-19,3,7,13,18,19,31,23,0,mark6six_archive_crosscheck_hkjc,2026-07-15
93/006,1993-01-26,19,27,35,39,41,43,16,0,mark6six_archive_crosscheck_hkjc,2026-07-15
93/007,1993-01-28,10,20,24,31,34,39,29,0,mark6six_archive_crosscheck_hkjc,2026-07-15
93/008,1993-02-02,1,6,18,19,29,39,41,0,mark6six_archive_crosscheck_hkjc,2026-07-15
93/009,1993-02-04,4,22,25,30,34,39,26,0,mark6six_archive_crosscheck_hkjc,2026-07-15
93/010,1993-02-09,4,11,24,31,34,35,40,0,mark6six_archive_crosscheck_hkjc,2026-07-15
93/011,1993-02-11,18,26,27,28,40,42,20,0,mark6six_archive_crosscheck_hkjc,2026-07-15
93/012,1993-02-16,4,10,29,30,35,41,31,0,mark6six_archive_crosscheck_hkjc,2026-07-15
93/013,1993-02-18,1,2,13,18,29,32,26,0,mark6six_archive_crosscheck_hkjc,2026-07-15
93/014,1993-02-23,8,10,12,22,26,31,25,0,mark6six_archive_crosscheck_hkjc,2026-07-15
93/015,1993-02-25,23,25,32,39,44,45,17,0,mark6six_archive_crosscheck_hkjc,2026-07-15
93/016,1993-03-02,14,17,25,32,38,39,20,0,mark6six_archive_crosscheck_hkjc,2026-07-15
93/017,1993-03-04,1,4,8,10,27,30,14,0,mark6six_archive_crosscheck_hkjc,2026-07-15
93/018,1993-03-09,1,8,15,37,40,42,13,0,mark6six_archive_crosscheck_hkjc,2026-07-15
93/019,1993-03-11,4,7,9,11,31,42,14,0,mark6six_archive_crosscheck_hkjc,2026-07-15
93/020,1993-03-16,8,11,12,22,26,28,9,0,mark6six_archive_crosscheck_hkjc,2026-07-15
93/021,1993-03-18,11,16,20,36,43,45,41,0,mark6six_archive_crosscheck_hkjc,2026-07-15
93/022,1993-03-23,3,9,14,26,30,39,16,0,mark6six_archive_crosscheck_hkjc,2026-07-15
93/023,1993-03-25,11,15,19,21,23,29,39,0,mark6six_archive_crosscheck_hkjc,2026-07-15
93/024,1993-03-30,7,14,22,24,25,36,23,0,mark6six_archive_crosscheck_hkjc,2026-07-15
93/025,1993-04-01,2,7,8,10,14,42,3,0,mark6six_archive_crosscheck_hkjc,2026-07-15
93/026,1993-04-06,4,16,21,34,36,38,43,0,mark6six_archive_crosscheck_hkjc,2026-07-15
93/027,1993-04-08,21,25,29,30,31,35,23,0,mark6six_archive_crosscheck_hkjc,2026-07-15
93/028,1993-04-13,4,11,16,27,37,40,19,0,mark6six_archive_crosscheck_hkjc,2026-07-15
93/029,1993-04-15,2,7,27,34,35,38,14,0,mark6six_archive_crosscheck_hkjc,2026-07-15
93/030,1993-04-20,1,4,16,22,33,38,37,0,mark6six_archive_crosscheck_hkjc,2026-07-15
93/031,1993-04-22,5,24,27,32,39,42,8,0,mark6six_archive_crosscheck_hkjc,2026-07-15
93/032,1993-04-27,1,6,22,23,32,33,35,0,mark6six_archive_crosscheck_hkjc,2026-07-15
93/033,1993-04-29,6,19,28,32,37,42,2,0,mark6six_archive_crosscheck_hkjc,2026-07-15
93/034,1993-05-04,17,21,23,24,28,44,9,0,mark6six_archive_crosscheck_hkjc,2026-07-15
93/035,1993-05-06,3,9,30,38,40,45,23,0,mark6six_archive_crosscheck_hkjc,2026-07-15
93/036,1993-05-11,2,16,24,25,26,27,21,0,mark6six_archive_crosscheck_hkjc,2026-07-15
93/037,1993-05-13,6,14,22,23,26,42,18,0,mark6six_archive_crosscheck_hkjc,2026-07-15
93/038,1993-05-18,7,13,27,40,41,42,24,0,mark6six_archive_crosscheck_hkjc,2026-07-15
93/039,1993-05-20,21,22,23,28,35,41,16,0,mark6six_archive_crosscheck_hkjc,2026-07-15
93/040,1993-05-25,1,10,13,35,40,41,39,0,mark6six_archive_crosscheck_hkjc,2026-07-15
93/041,1993-05-27,8,18,21,42,44,45,2,0,mark6six_archive_crosscheck_hkjc,2026-07-15
93/042,1993-06-01,3,8,15,20,34,40,27,0,mark6six_archive_crosscheck_hkjc,2026-07-15
93/043,1993-06-03,1,5,7,12,15,23,19,0,mark6six_archive_crosscheck_hkjc,2026-07-15
93/044,1993-06-08,1,5,9,11,44,45,4,0,mark6six_archive_crosscheck_hkjc,2026-07-15
93/045,1993-06-10,2,7,19,21,27,45,43,0,mark6six_archive_crosscheck_hkjc,2026-07-15
93/046,1993-06-15,5,6,11,29,37,41,25,0,mark6six_archive_crosscheck_hkjc,2026-07-15
93/047,1993-06-17,12,16,25,27,32,45,6,0,mark6six_archive_crosscheck_hkjc,2026-07-15
93/048,1993-06-22,2,3,8,17,25,30,6,0,mark6six_archive_crosscheck_hkjc,2026-07-15
93/049,1993-06-29,12,13,27,32,40,43,28,0,mark6six_archive_crosscheck_hkjc,2026-07-15
93/050,1993-07-01,3,5,6,22,24,36,20,0,mark6six_archive_crosscheck_hkjc,2026-07-15
93/051,1993-07-06,12,17,20,23,39,42,33,0,mark6six_archive_crosscheck_hkjc,2026-07-15
93/052,1993-07-08,7,17,21,31,33,40,20,0,mark6six_archive_crosscheck_hkjc,2026-07-15
93/053,1993-07-13,6,11,15,17,37,39,21,0,mark6six_archive_crosscheck_hkjc,2026-07-15
93/054,1993-07-15,9,14,18,26,30,45,41,0,mark6six_archive_crosscheck_hkjc,2026-07-15
93/055,1993-07-20,1,6,14,34,40,45,36,0,mark6six_archive_crosscheck_hkjc,2026-07-15
93/056,1993-07-22,2,5,14,15,27,32,40,0,mark6six_archive_crosscheck_hkjc,2026-07-15
93/057,1993-07-27,18,22,23,29,33,44,43,0,mark6six_archive_crosscheck_hkjc,2026-07-15
93/058,1993-07-29,12,14,18,20,23,37,16,0,mark6six_archive_crosscheck_hkjc,2026-07-15
93/059,1993-08-03,4,7,11,36,39,45,32,0,mark6six_archive_crosscheck_hkjc,2026-07-15
93/060,1993-08-05,1,6,21,26,27,33,18,0,mark6six_archive_crosscheck_hkjc,2026-07-15
93/061,1993-08-10,2,9,14,16,21,38,34,0,mark6six_archive_crosscheck_hkjc,2026-07-15
93/062,1993-08-12,1,16,24,28,34,40,14,0,mark6six_archive_crosscheck_hkjc,2026-07-15
93/063,1993-08-17,9,12,15,22,24,26,8,0,mark6six_archive_crosscheck_hkjc,2026-07-15
93/064,1993-08-19,8,17,21,35,37,44,11,0,mark6six_archive_crosscheck_hkjc,2026-07-15
93/065,1993-08-24,3,6,27,32,37,43,15,0,mark6six_archive_crosscheck_hkjc,2026-07-15
93/066,1993-08-26,3,10,18,21,27,41,22,0,mark6six_archive_crosscheck_hkjc,2026-07-15
93/067,1993-08-31,9,12,30,32,40,45,10,0,mark6six_archive_crosscheck_hkjc,2026-07-15
93/068,1993-09-02,1,14,24,29,42,43,22,0,mark6six_archive_crosscheck_hkjc,2026-07-15
93/069,1993-09-07,11,13,14,15,19,23,4,0,mark6six_archive_crosscheck_hkjc,2026-07-15
93/070,1993-09-09,3,4,8,12,20,30,40,0,mark6six_archive_crosscheck_hkjc,2026-07-15
93/071,1993-09-14,5,6,20,26,33,44,38,0,mark6six_archive_crosscheck_hkjc,2026-07-15
93/072,1993-09-16,9,18,26,30,33,39,8,0,mark6six_archive_crosscheck_hkjc,2026-07-15
93/073,1993-09-21,7,14,27,31,43,45,4,0,mark6six_archive_crosscheck_hkjc,2026-07-15
93/074,1993-09-23,2,5,14,16,24,32,9,0,mark6six_archive_crosscheck_hkjc,2026-07-15
93/075,1993-09-28,5,7,13,18,19,34,11,0,mark6six_archive_crosscheck_hkjc,2026-07-15
93/076,1993-09-30,2,6,7,16,29,38,3,0,mark6six_archive_crosscheck_hkjc,2026-07-15
93/077,1993-10-05,5,7,13,14,18,19,17,0,mark6six_archive_crosscheck_hkjc,2026-07-15
93/078,1993-10-07,6,8,10,14,23,30,36,0,mark6six_archive_crosscheck_hkjc,2026-07-15
93/079,1993-10-12,9,20,25,27,40,42,10,0,mark6six_archive_crosscheck_hkjc,2026-07-15
93/080,1993-10-14,14,31,33,36,39,41,9,0,mark6six_archive_crosscheck_hkjc,2026-07-15
93/081,1993-10-19,1,6,11,20,27,34,9,0,mark6six_archive_crosscheck_hkjc,2026-07-15
93/082,1993-10-21,10,12,14,18,22,24,36,0,mark6six_archive_crosscheck_hkjc,2026-07-15
93/083,1993-10-26,8,19,25,26,43,45,34,0,mark6six_archive_crosscheck_hkjc,2026-07-15
93/084,1993-10-28,1,24,32,37,38,42,30,0,mark6six_archive_crosscheck_hkjc,2026-07-15
93/085,1993-11-02,2,4,26,30,34,43,20,0,mark6six_archive_crosscheck_hkjc,2026-07-15
93/086,1993-11-04,2,3,25,28,38,39,32,0,mark6six_archive_crosscheck_hkjc,2026-07-15
93/087,1993-11-09,6,9,20,29,34,39,18,0,mark6six_archive_crosscheck_hkjc,2026-07-15
93/088,1993-11-11,4,8,17,27,40,43,5,0,mark6six_archive_crosscheck_hkjc,2026-07-15
93/089,1993-11-16,16,17,32,36,41,43,20,0,mark6six_archive_crosscheck_hkjc,2026-07-15
93/090,1993-11-18,20,24,34,35,37,42,32,0,mark6six_archive_crosscheck_hkjc,2026-07-15
93/091,1993-11-23,16,20,25,30,40,42,45,0,mark6six_archive_crosscheck_hkjc,2026-07-15
93/092,1993-11-25,8,12,18,19,37,43,7,0,mark6six_archive_crosscheck_hkjc,2026-07-15
93/093,1993-11-30,3,7,8,13,28,41,19,0,mark6six_archive_crosscheck_hkjc,2026-07-15
93/094,1993-12-02,3,13,23,29,36,37,7,0,mark6six_archive_crosscheck_hkjc,2026-07-15
93/095,1993-12-07,22,24,29,34,35,42,26,0,mark6six_archive_crosscheck_hkjc,2026-07-15
93/096,1993-12-09,3,5,12,14,23,28,8,0,mark6six_archive_crosscheck_hkjc,2026-07-15
93/097,1993-12-14,3,8,19,27,32,38,26,0,mark6six_archive_crosscheck_hkjc,2026-07-15
93/098,1993-12-16,7,17,18,20,24,28,32,0,mark6six_archive_crosscheck_hkjc,2026-07-15
93/099,1993-12-23,2,16,17,21,24,32,20,0,mark6six_archive_crosscheck_hkjc,2026-07-15
93/100,1993-12-28,3,5,12,27,28,39,9,0,mark6six_archive_crosscheck_hkjc,2026-07-15
93/101,1993-12-30,14,16,23,26,32,33,10,0,mark6six_archive_crosscheck_hkjc,2026-07-15
94/001,1994-01-04,25,29,32,35,36,37,45,0,mark6six_archive_crosscheck_hkjc,2026-07-15
94/002,1994-01-06,11,13,20,32,36,41,45,0,mark6six_archive_crosscheck_hkjc,2026-07-15
94/003,1994-01-11,6,8,20,39,41,42,14,0,mark6six_archive_crosscheck_hkjc,2026-07-15
94/004,1994-01-13,13,15,17,32,33,35,29,0,mark6six_archive_crosscheck_hkjc,2026-07-15
94/005,1994-01-18,9,12,29,36,40,41,14,0,mark6six_archive_crosscheck_hkjc,2026-07-15
94/006,1994-01-20,3,7,20,27,28,34,11,0,mark6six_archive_crosscheck_hkjc,2026-07-15
94/007,1994-01-25,2,6,10,13,17,29,22,0,mark6six_archive_crosscheck_hkjc,2026-07-15
94/008,1994-01-27,3,5,16,33,35,43,20,0,mark6six_archive_crosscheck_hkjc,2026-07-15
94/009,1994-02-01,4,6,25,33,37,41,35,0,mark6six_archive_crosscheck_hkjc,2026-07-15
94/010,1994-02-03,12,13,15,22,34,42,32,0,mark6six_archive_crosscheck_hkjc,2026-07-15
94/011,1994-02-08,3,9,12,19,24,33,5,0,mark6six_archive_crosscheck_hkjc,2026-07-15
94/012,1994-02-15,8,10,12,15,27,32,42,0,mark6six_archive_crosscheck_hkjc,2026-07-15
94/013,1994-02-17,2,7,22,26,42,43,45,0,mark6six_archive_crosscheck_hkjc,2026-07-15
94/014,1994-02-22,10,13,14,24,31,38,17,0,mark6six_archive_crosscheck_hkjc,2026-07-15
94/015,1994-02-24,13,28,32,37,39,42,1,0,mark6six_archive_crosscheck_hkjc,2026-07-15
94/016,1994-03-01,9,17,30,31,36,41,18,0,mark6six_archive_crosscheck_hkjc,2026-07-15
94/017,1994-03-03,1,4,19,24,27,39,30,0,mark6six_archive_crosscheck_hkjc,2026-07-15
94/018,1994-03-08,8,26,30,32,39,42,12,0,mark6six_archive_crosscheck_hkjc,2026-07-15
94/019,1994-03-10,6,7,18,31,37,44,43,0,mark6six_archive_crosscheck_hkjc,2026-07-15
94/020,1994-03-15,1,5,6,30,32,34,2,0,mark6six_archive_crosscheck_hkjc,2026-07-15
94/021,1994-03-17,3,10,21,24,34,39,31,0,mark6six_archive_crosscheck_hkjc,2026-07-15
94/022,1994-03-22,7,8,11,24,27,41,19,0,mark6six_archive_crosscheck_hkjc,2026-07-15
94/023,1994-03-24,4,18,19,30,36,45,2,0,mark6six_archive_crosscheck_hkjc,2026-07-15
94/024,1994-03-29,6,17,28,32,39,43,37,0,mark6six_archive_crosscheck_hkjc,2026-07-15
94/025,1994-03-31,1,5,10,17,23,27,15,0,mark6six_archive_crosscheck_hkjc,2026-07-15
94/026,1994-04-07,24,26,27,28,30,42,14,0,mark6six_archive_crosscheck_hkjc,2026-07-15
94/027,1994-04-12,4,13,27,30,40,41,19,0,mark6six_archive_crosscheck_hkjc,2026-07-15
94/028,1994-04-14,7,12,18,20,30,31,38,0,mark6six_archive_crosscheck_hkjc,2026-07-15
94/029,1994-04-19,15,18,22,29,39,44,19,0,mark6six_archive_crosscheck_hkjc,2026-07-15
94/030,1994-04-21,1,5,12,19,24,32,23,0,mark6six_archive_crosscheck_hkjc,2026-07-15
94/031,1994-04-26,2,4,22,23,25,37,10,0,mark6six_archive_crosscheck_hkjc,2026-07-15
94/032,1994-04-28,6,13,20,27,29,40,24,0,mark6six_archive_crosscheck_hkjc,2026-07-15
94/033,1994-05-03,4,6,10,24,25,38,37,0,mark6six_archive_crosscheck_hkjc,2026-07-15
94/034,1994-05-05,3,6,14,20,26,33,28,0,mark6six_archive_crosscheck_hkjc,2026-07-15
94/035,1994-05-10,8,10,20,33,40,42,12,0,mark6six_archive_crosscheck_hkjc,2026-07-15
94/036,1994-05-12,3,18,30,31,32,33,45,0,mark6six_archive_crosscheck_hkjc,2026-07-15
94/037,1994-05-17,10,11,16,18,32,38,12,0,mark6six_archive_crosscheck_hkjc,2026-07-15
94/038,1994-05-19,1,2,18,36,38,42,15,0,mark6six_archive_crosscheck_hkjc,2026-07-15
94/039,1994-05-24,3,6,9,26,39,41,22,0,mark6six_archive_crosscheck_hkjc,2026-07-15
94/040,1994-05-26,3,14,17,33,34,40,29,0,mark6six_archive_crosscheck_hkjc,2026-07-15
94/041,1994-05-31,10,12,15,21,28,40,27,0,mark6six_archive_crosscheck_hkjc,2026-07-15
94/042,1994-06-02,9,29,32,35,37,39,8,0,mark6six_archive_crosscheck_hkjc,2026-07-15
94/043,1994-06-07,14,24,25,26,27,39,31,0,mark6six_archive_crosscheck_hkjc,2026-07-15
94/044,1994-06-09,8,13,20,21,22,43,19,0,mark6six_archive_crosscheck_hkjc,2026-07-15
94/045,1994-06-14,3,7,8,11,16,23,21,0,mark6six_archive_crosscheck_hkjc,2026-07-15
94/046,1994-06-16,4,5,13,16,37,40,7,0,mark6six_archive_crosscheck_hkjc,2026-07-15
94/047,1994-06-21,1,4,18,37,38,40,42,0,mark6six_archive_crosscheck_hkjc,2026-07-15
94/048,1994-06-23,2,12,14,16,20,43,13,0,mark6six_archive_crosscheck_hkjc,2026-07-15
94/049,1994-06-28,2,6,7,16,32,42,11,0,mark6six_archive_crosscheck_hkjc,2026-07-15
94/050,1994-06-30,8,16,20,22,37,45,40,0,mark6six_archive_crosscheck_hkjc,2026-07-15
94/051,1994-07-05,21,22,26,29,30,33,4,0,mark6six_archive_crosscheck_hkjc,2026-07-15
94/052,1994-07-07,16,20,22,23,24,25,44,0,mark6six_archive_crosscheck_hkjc,2026-07-15
94/053,1994-07-12,10,12,15,17,34,35,5,0,mark6six_archive_crosscheck_hkjc,2026-07-15
94/054,1994-07-14,3,4,12,19,21,37,45,0,mark6six_archive_crosscheck_hkjc,2026-07-15
94/055,1994-07-19,6,8,19,20,30,39,17,0,mark6six_archive_crosscheck_hkjc,2026-07-15
94/056,1994-07-21,3,4,16,18,24,32,23,0,mark6six_archive_crosscheck_hkjc,2026-07-15
94/057,1994-07-26,4,11,26,30,33,45,1,0,mark6six_archive_crosscheck_hkjc,2026-07-15
94/058,1994-07-28,3,7,21,24,39,45,18,0,mark6six_archive_crosscheck_hkjc,2026-07-15
94/059,1994-08-02,6,11,19,29,33,36,20,0,mark6six_archive_crosscheck_hkjc,2026-07-15
94/060,1994-08-04,1,2,5,14,19,30,23,0,mark6six_archive_crosscheck_hkjc,2026-07-15
94/061,1994-08-09,4,14,25,33,38,44,12,0,mark6six_archive_crosscheck_hkjc,2026-07-15
94/062,1994-08-11,1,13,17,20,28,32,44,0,mark6six_archive_crosscheck_hkjc,2026-07-15
94/063,1994-08-16,5,23,25,31,32,44,30,0,mark6six_archive_crosscheck_hkjc,2026-07-15
94/064,1994-08-18,12,19,23,24,29,44,4,0,mark6six_archive_crosscheck_hkjc,2026-07-15
94/065,1994-08-23,2,10,22,30,33,38,43,0,mark6six_archive_crosscheck_hkjc,2026-07-15
94/066,1994-08-25,7,13,19,21,37,38,24,0,mark6six_archive_crosscheck_hkjc,2026-07-15
94/067,1994-08-30,1,13,22,26,36,45,9,0,mark6six_archive_crosscheck_hkjc,2026-07-15
94/068,1994-09-01,3,10,15,20,38,40,9,0,mark6six_archive_crosscheck_hkjc,2026-07-15
94/069,1994-09-06,1,6,17,20,23,30,28,0,mark6six_archive_crosscheck_hkjc,2026-07-15
94/070,1994-09-08,1,14,16,17,26,33,12,0,mark6six_archive_crosscheck_hkjc,2026-07-15
94/071,1994-09-13,12,16,17,23,26,35,34,0,mark6six_archive_crosscheck_hkjc,2026-07-15
94/072,1994-09-15,4,7,10,19,42,44,11,0,mark6six_archive_crosscheck_hkjc,2026-07-15
94/073,1994-09-20,12,13,18,22,34,40,33,0,mark6six_archive_crosscheck_hkjc,2026-07-15
94/074,1994-09-22,2,10,18,22,26,45,4,0,mark6six_archive_crosscheck_hkjc,2026-07-15
94/075,1994-09-27,11,17,18,30,39,42,37,0,mark6six_archive_crosscheck_hkjc,2026-07-15
94/076,1994-09-29,10,21,23,27,38,40,36,0,mark6six_archive_crosscheck_hkjc,2026-07-15
94/077,1994-10-04,6,10,14,25,26,30,9,0,mark6six_archive_crosscheck_hkjc,2026-07-15
94/078,1994-10-06,4,8,11,20,28,31,16,0,mark6six_archive_crosscheck_hkjc,2026-07-15
94/079,1994-10-11,5,8,13,23,27,44,31,0,mark6six_archive_crosscheck_hkjc,2026-07-15
94/080,1994-10-14,1,11,19,27,31,33,34,0,mark6six_archive_crosscheck_hkjc,2026-07-15
94/081,1994-10-18,7,12,20,37,38,41,31,0,mark6six_archive_crosscheck_hkjc,2026-07-15
94/082,1994-10-20,4,7,17,18,29,45,13,0,mark6six_archive_crosscheck_hkjc,2026-07-15
94/083,1994-10-25,1,8,40,41,42,43,35,0,mark6six_archive_crosscheck_hkjc,2026-07-15
94/084,1994-10-27,1,8,16,23,36,37,14,0,mark6six_archive_crosscheck_hkjc,2026-07-15
94/085,1994-11-01,2,10,20,22,31,32,40,0,mark6six_archive_crosscheck_hkjc,2026-07-15
94/086,1994-11-03,3,10,15,18,31,37,21,0,mark6six_archive_crosscheck_hkjc,2026-07-15
94/087,1994-11-08,9,14,18,19,22,29,5,0,mark6six_archive_crosscheck_hkjc,2026-07-15
94/088,1994-11-10,9,20,29,39,42,44,4,0,mark6six_archive_crosscheck_hkjc,2026-07-15
94/089,1994-11-15,2,12,26,27,40,45,10,0,mark6six_archive_crosscheck_hkjc,2026-07-15
94/090,1994-11-17,3,9,10,17,27,41,14,0,mark6six_archive_crosscheck_hkjc,2026-07-15
94/091,1994-11-22,1,6,31,37,44,45,28,0,mark6six_archive_crosscheck_hkjc,2026-07-15
94/092,1994-11-24,3,9,17,22,27,38,29,0,mark6six_archive_crosscheck_hkjc,2026-07-15
94/093,1994-11-29,19,20,29,30,35,43,11,0,mark6six_archive_crosscheck_hkjc,2026-07-15
94/094,1994-12-01,5,12,21,24,31,35,42,0,mark6six_archive_crosscheck_hkjc,2026-07-15
94/095,1994-12-06,4,10,21,28,29,35,19,0,mark6six_archive_crosscheck_hkjc,2026-07-15
94/096,1994-12-08,4,14,15,16,17,33,19,0,mark6six_archive_crosscheck_hkjc,2026-07-15
94/097,1994-12-13,11,21,29,33,40,41,15,0,mark6six_archive_crosscheck_hkjc,2026-07-15
94/098,1994-12-15,10,14,15,16,23,29,3,0,mark6six_archive_crosscheck_hkjc,2026-07-15
94/099,1994-12-20,6,7,9,15,35,43,13,0,mark6six_archive_crosscheck_hkjc,2026-07-15
94/100,1994-12-23,1,3,6,10,27,30,7,0,mark6six_archive_crosscheck_hkjc,2026-07-15
94/101,1994-12-29,3,11,15,25,35,36,10,0,mark6six_archive_crosscheck_hkjc,2026-07-15
95/001,1995-01-03,10,11,22,27,38,39,43,0,mark6six_archive_crosscheck_hkjc,2026-07-15
95/002,1995-01-05,4,17,23,27,32,45,29,0,mark6six_archive_crosscheck_hkjc,2026-07-15
95/003,1995-01-10,5,6,24,26,27,43,7,0,mark6six_archive_crosscheck_hkjc,2026-07-15
95/004,1995-01-12,5,9,19,20,32,44,39,0,mark6six_archive_crosscheck_hkjc,2026-07-15
95/005,1995-01-17,5,10,11,14,22,28,20,0,mark6six_archive_crosscheck_hkjc,2026-07-15
95/006,1995-01-19,2,11,21,41,42,45,28,0,mark6six_archive_crosscheck_hkjc,2026-07-15
95/007,1995-01-24,14,16,22,29,36,41,37,0,mark6six_archive_crosscheck_hkjc,2026-07-15
95/008,1995-01-26,1,22,24,28,39,42,38,0,mark6six_archive_crosscheck_hkjc,2026-07-15
95/009,1995-02-03,8,9,16,21,24,33,35,0,mark6six_archive_crosscheck_hkjc,2026-07-15
95/010,1995-02-07,10,11,26,27,33,35,3,0,mark6six_archive_crosscheck_hkjc,2026-07-15
95/011,1995-02-09,3,4,5,9,15,22,32,0,mark6six_archive_crosscheck_hkjc,2026-07-15
95/012,1995-02-14,5,11,13,15,35,36,2,0,mark6six_archive_crosscheck_hkjc,2026-07-15
95/013,1995-02-16,2,3,9,14,22,44,5,0,mark6six_archive_crosscheck_hkjc,2026-07-15
95/014,1995-02-21,7,18,23,25,38,44,36,0,mark6six_archive_crosscheck_hkjc,2026-07-15
95/015,1995-02-23,6,8,10,34,39,41,4,0,mark6six_archive_crosscheck_hkjc,2026-07-15
95/016,1995-02-28,14,27,33,38,43,44,31,0,mark6six_archive_crosscheck_hkjc,2026-07-15
95/017,1995-03-02,9,24,28,31,35,39,32,0,mark6six_archive_crosscheck_hkjc,2026-07-15
95/018,1995-03-07,3,4,5,15,38,45,14,0,mark6six_archive_crosscheck_hkjc,2026-07-15
95/019,1995-03-09,1,4,12,19,41,44,2,0,mark6six_archive_crosscheck_hkjc,2026-07-15
95/020,1995-03-14,16,23,26,27,33,40,35,0,mark6six_archive_crosscheck_hkjc,2026-07-15
95/021,1995-03-16,9,12,20,33,36,42,43,0,mark6six_archive_crosscheck_hkjc,2026-07-15
95/022,1995-03-21,19,26,30,35,36,45,17,0,mark6six_archive_crosscheck_hkjc,2026-07-15
95/023,1995-03-23,7,10,11,22,33,41,1,0,mark6six_archive_crosscheck_hkjc,2026-07-15
95/024,1995-03-28,4,13,15,21,26,27,40,0,mark6six_archive_crosscheck_hkjc,2026-07-15
95/025,1995-03-30,18,19,22,31,39,40,35,0,mark6six_archive_crosscheck_hkjc,2026-07-15
95/026,1995-04-04,6,17,33,37,38,44,4,0,mark6six_archive_crosscheck_hkjc,2026-07-15
95/027,1995-04-06,2,21,25,28,32,43,33,0,mark6six_archive_crosscheck_hkjc,2026-07-15
95/028,1995-04-11,3,13,18,21,30,35,22,0,mark6six_archive_crosscheck_hkjc,2026-07-15
95/029,1995-04-13,2,4,22,27,28,44,12,0,mark6six_archive_crosscheck_hkjc,2026-07-15
95/030,1995-04-18,2,3,7,34,38,43,15,0,mark6six_archive_crosscheck_hkjc,2026-07-15
95/031,1995-04-20,3,5,21,26,37,40,15,0,mark6six_archive_crosscheck_hkjc,2026-07-15
95/032,1995-04-25,1,4,30,32,34,36,31,0,mark6six_archive_crosscheck_hkjc,2026-07-15
95/033,1995-04-27,1,10,20,24,30,42,25,0,mark6six_archive_crosscheck_hkjc,2026-07-15
95/034,1995-05-02,1,3,14,18,23,25,29,0,mark6six_archive_crosscheck_hkjc,2026-07-15
95/035,1995-05-04,2,3,4,7,34,43,11,0,mark6six_archive_crosscheck_hkjc,2026-07-15
95/036,1995-05-09,3,7,10,15,27,42,23,0,mark6six_archive_crosscheck_hkjc,2026-07-15
95/037,1995-05-11,8,17,32,35,39,44,27,0,mark6six_archive_crosscheck_hkjc,2026-07-15
95/038,1995-05-16,7,14,19,26,28,34,45,0,mark6six_archive_crosscheck_hkjc,2026-07-15
95/039,1995-05-18,4,9,10,15,37,44,38,0,mark6six_archive_crosscheck_hkjc,2026-07-15
95/040,1995-05-23,3,15,32,34,35,37,41,0,mark6six_archive_crosscheck_hkjc,2026-07-15
95/041,1995-05-25,11,21,27,36,42,45,7,0,mark6six_archive_crosscheck_hkjc,2026-07-15
95/042,1995-05-30,2,8,13,22,42,44,41,0,mark6six_archive_crosscheck_hkjc,2026-07-15
95/043,1995-06-01,4,8,15,22,24,29,26,0,mark6six_archive_crosscheck_hkjc,2026-07-15
95/044,1995-06-06,9,10,21,24,27,41,23,0,mark6six_archive_crosscheck_hkjc,2026-07-15
95/045,1995-06-08,8,16,18,21,23,32,33,0,mark6six_archive_crosscheck_hkjc,2026-07-15
95/046,1995-06-13,15,20,27,37,40,41,39,0,mark6six_archive_crosscheck_hkjc,2026-07-15
95/047,1995-06-15,14,20,24,36,38,44,42,0,mark6six_archive_crosscheck_hkjc,2026-07-15
95/048,1995-06-20,4,7,9,16,18,24,13,0,mark6six_archive_crosscheck_hkjc,2026-07-15
95/049,1995-06-22,14,20,33,34,36,44,10,0,mark6six_archive_crosscheck_hkjc,2026-07-15
95/050,1995-06-27,4,16,21,37,39,43,40,0,mark6six_archive_crosscheck_hkjc,2026-07-15
95/051,1995-06-29,1,2,5,12,24,45,19,0,mark6six_archive_crosscheck_hkjc,2026-07-15
95/052,1995-07-04,8,26,27,37,39,45,34,0,mark6six_archive_crosscheck_hkjc,2026-07-15
95/053,1995-07-06,2,10,15,19,43,44,11,0,mark6six_archive_crosscheck_hkjc,2026-07-15
95/054,1995-07-11,13,30,35,36,40,45,34,0,mark6six_archive_crosscheck_hkjc,2026-07-15
95/055,1995-07-13,4,7,8,21,23,24,30,0,mark6six_archive_crosscheck_hkjc,2026-07-15
95/056,1995-07-18,5,6,15,16,17,40,30,0,mark6six_archive_crosscheck_hkjc,2026-07-15
95/057,1995-07-20,9,14,19,23,41,44,18,0,mark6six_archive_crosscheck_hkjc,2026-07-15
95/058,1995-07-25,1,2,13,15,30,31,37,0,mark6six_archive_crosscheck_hkjc,2026-07-15
95/059,1995-07-27,16,19,29,30,36,37,10,0,mark6six_archive_crosscheck_hkjc,2026-07-15
95/060,1995-08-01,16,18,20,21,22,35,23,0,mark6six_archive_crosscheck_hkjc,2026-07-15
95/061,1995-08-03,5,7,8,10,20,42,38,0,mark6six_archive_crosscheck_hkjc,2026-07-15
95/062,1995-08-08,12,36,38,41,44,45,1,0,mark6six_archive_crosscheck_hkjc,2026-07-15
95/063,1995-08-10,5,6,28,31,35,42,36,0,mark6six_archive_crosscheck_hkjc,2026-07-15
95/064,1995-08-15,1,6,7,17,37,42,5,0,mark6six_archive_crosscheck_hkjc,2026-07-15
95/065,1995-08-17,6,19,22,35,37,40,45,0,mark6six_archive_crosscheck_hkjc,2026-07-15
95/066,1995-08-22,10,15,18,19,20,23,26,0,mark6six_archive_crosscheck_hkjc,2026-07-15
95/067,1995-08-24,2,15,22,23,24,36,16,0,mark6six_archive_crosscheck_hkjc,2026-07-15
95/068,1995-08-29,3,9,14,22,34,44,40,0,mark6six_archive_crosscheck_hkjc,2026-07-15
95/069,1995-09-05,2,17,22,25,36,45,39,0,mark6six_archive_crosscheck_hkjc,2026-07-15
95/070,1995-09-07,4,8,10,13,31,39,14,0,mark6six_archive_crosscheck_hkjc,2026-07-15
95/071,1995-09-12,6,14,16,19,28,31,7,0,mark6six_archive_crosscheck_hkjc,2026-07-15
95/072,1995-09-14,2,11,14,16,23,27,28,0,mark6six_archive_crosscheck_hkjc,2026-07-15
95/073,1995-09-19,8,18,34,35,37,39,4,0,mark6six_archive_crosscheck_hkjc,2026-07-15
95/074,1995-09-21,19,25,28,34,39,42,33,0,mark6six_archive_crosscheck_hkjc,2026-07-15
95/075,1995-09-26,1,23,24,29,31,38,25,0,mark6six_archive_crosscheck_hkjc,2026-07-15
95/076,1995-09-28,1,18,20,27,31,37,19,0,mark6six_archive_crosscheck_hkjc,2026-07-15
95/077,1995-10-03,2,14,23,26,34,38,43,0,mark6six_archive_crosscheck_hkjc,2026-07-15
95/078,1995-10-05,1,8,15,31,34,35,9,0,mark6six_archive_crosscheck_hkjc,2026-07-15
95/079,1995-10-10,8,10,23,31,39,44,17,0,mark6six_archive_crosscheck_hkjc,2026-07-15
95/080,1995-10-12,12,19,27,29,31,35,1,0,mark6six_archive_crosscheck_hkjc,2026-07-15
95/081,1995-10-17,1,5,14,17,37,45,24,0,mark6six_archive_crosscheck_hkjc,2026-07-15
95/082,1995-10-19,8,19,26,28,29,40,43,0,mark6six_archive_crosscheck_hkjc,2026-07-15
95/083,1995-10-24,6,14,29,33,35,39,34,0,mark6six_archive_crosscheck_hkjc,2026-07-15
95/084,1995-10-26,4,19,26,30,33,39,22,0,mark6six_archive_crosscheck_hkjc,2026-07-15
95/085,1995-10-31,11,12,18,26,27,40,20,0,mark6six_archive_crosscheck_hkjc,2026-07-15
95/086,1995-11-02,4,9,21,23,25,45,42,0,mark6six_archive_crosscheck_hkjc,2026-07-15
95/087,1995-11-07,2,9,14,20,21,30,45,0,mark6six_archive_crosscheck_hkjc,2026-07-15
95/088,1995-11-09,1,16,17,19,21,36,41,0,mark6six_archive_crosscheck_hkjc,2026-07-15
95/089,1995-11-14,7,14,19,25,33,43,44,0,mark6six_archive_crosscheck_hkjc,2026-07-15
95/090,1995-11-16,1,7,10,13,34,38,12,0,mark6six_archive_crosscheck_hkjc,2026-07-15
95/091,1995-11-21,15,18,34,36,40,43,19,0,mark6six_archive_crosscheck_hkjc,2026-07-15
95/092,1995-11-23,2,14,16,33,36,37,12,0,mark6six_archive_crosscheck_hkjc,2026-07-15
95/093,1995-11-28,2,4,12,18,30,39,44,0,mark6six_archive_crosscheck_hkjc,2026-07-15
95/094,1995-11-30,3,16,17,25,27,31,43,0,mark6six_archive_crosscheck_hkjc,2026-07-15
95/095,1995-12-05,5,6,12,13,28,35,20,0,mark6six_archive_crosscheck_hkjc,2026-07-15
95/096,1995-12-07,1,11,28,29,33,42,9,0,mark6six_archive_crosscheck_hkjc,2026-07-15
95/097,1995-12-12,5,24,35,39,41,42,45,0,mark6six_archive_crosscheck_hkjc,2026-07-15
95/098,1995-12-14,5,17,18,36,37,40,42,0,mark6six_archive_crosscheck_hkjc,2026-07-15
95/099,1995-12-19,1,16,26,28,39,41,37,0,mark6six_archive_crosscheck_hkjc,2026-07-15
95/100,1995-12-21,5,10,16,25,33,34,6,0,mark6six_archive_crosscheck_hkjc,2026-07-15
95/101,1995-12-29,3,5,8,22,25,28,15,0,mark6six_archive_crosscheck_hkjc,2026-07-15
96/001,1996-01-02,4,7,24,29,31,32,42,0,mark6six_archive_crosscheck_hkjc,2026-07-15
96/002,1996-01-04,6,8,9,10,30,36,40,0,mark6six_archive_crosscheck_hkjc,2026-07-15
96/003,1996-01-09,2,6,10,21,27,37,13,0,mark6six_archive_crosscheck_hkjc,2026-07-15
96/004,1996-01-11,12,13,31,33,36,39,14,0,mark6six_archive_crosscheck_hkjc,2026-07-15
96/005,1996-01-16,1,16,17,28,29,40,31,0,mark6six_archive_crosscheck_hkjc,2026-07-15
96/006,1996-01-18,8,16,31,35,36,44,25,0,mark6six_archive_crosscheck_hkjc,2026-07-15
96/007,1996-01-23,4,6,13,21,24,26,31,0,mark6six_archive_crosscheck_hkjc,2026-07-15
96/008,1996-01-25,5,6,17,20,25,34,44,0,mark6six_archive_crosscheck_hkjc,2026-07-15
96/009,1996-01-30,13,19,27,30,33,40,38,0,mark6six_archive_crosscheck_hkjc,2026-07-15
96/010,1996-02-01,12,32,34,40,41,43,29,0,mark6six_archive_crosscheck_hkjc,2026-07-15
96/011,1996-02-06,8,12,16,19,24,40,23,0,mark6six_archive_crosscheck_hkjc,2026-07-15
96/012,1996-02-08,5,6,14,19,23,32,41,0,mark6six_archive_crosscheck_hkjc,2026-07-15
96/013,1996-02-13,11,23,24,32,33,38,26,0,mark6six_archive_crosscheck_hkjc,2026-07-15
96/014,1996-02-15,2,3,17,20,25,43,1,0,mark6six_archive_crosscheck_hkjc,2026-07-15
96/015,1996-02-22,6,22,26,28,33,41,25,0,mark6six_archive_crosscheck_hkjc,2026-07-15
96/016,1996-02-27,2,17,26,34,36,42,20,0,mark6six_archive_crosscheck_hkjc,2026-07-15
96/017,1996-02-29,8,12,22,32,37,42,14,0,mark6six_archive_crosscheck_hkjc,2026-07-15
96/018,1996-03-05,13,19,25,36,41,44,39,0,mark6six_archive_crosscheck_hkjc,2026-07-15
96/019,1996-03-07,11,13,17,19,22,26,40,0,mark6six_archive_crosscheck_hkjc,2026-07-15
96/020,1996-03-12,4,12,14,21,31,34,7,0,mark6six_archive_crosscheck_hkjc,2026-07-15
96/021,1996-03-14,15,25,28,31,36,40,18,0,mark6six_archive_crosscheck_hkjc,2026-07-15
96/022,1996-03-19,14,23,32,35,39,44,20,0,mark6six_archive_crosscheck_hkjc,2026-07-15
96/023,1996-03-21,8,16,23,28,30,41,17,0,mark6six_archive_crosscheck_hkjc,2026-07-15
96/024,1996-03-26,10,13,19,23,36,40,1,0,mark6six_archive_crosscheck_hkjc,2026-07-15
96/025,1996-03-28,8,10,21,23,32,33,34,0,mark6six_archive_crosscheck_hkjc,2026-07-15
96/026,1996-04-02,2,15,18,24,34,37,42,0,mark6six_archive_crosscheck_hkjc,2026-07-15
96/027,1996-04-05,9,23,25,29,31,41,45,0,mark6six_archive_crosscheck_hkjc,2026-07-15
96/028,1996-04-09,11,13,22,26,29,34,20,0,mark6six_archive_crosscheck_hkjc,2026-07-15
96/029,1996-04-11,25,34,37,43,44,45,24,0,mark6six_archive_crosscheck_hkjc,2026-07-15
96/030,1996-04-16,5,15,38,39,40,43,23,0,mark6six_archive_crosscheck_hkjc,2026-07-15
96/031,1996-04-18,5,7,11,15,28,35,23,0,mark6six_archive_crosscheck_hkjc,2026-07-15
96/032,1996-04-23,1,4,7,25,29,40,26,0,mark6six_archive_crosscheck_hkjc,2026-07-15
96/033,1996-04-25,10,12,20,22,42,45,29,0,mark6six_archive_crosscheck_hkjc,2026-07-15
96/034,1996-04-30,7,16,18,20,34,35,38,0,mark6six_archive_crosscheck_hkjc,2026-07-15
96/035,1996-05-02,1,7,10,14,27,40,45,0,mark6six_archive_crosscheck_hkjc,2026-07-15
96/036,1996-05-07,3,4,14,25,33,42,1,0,mark6six_archive_crosscheck_hkjc,2026-07-15
96/037,1996-05-09,1,26,31,40,41,43,28,0,mark6six_archive_crosscheck_hkjc,2026-07-15
96/038,1996-05-14,5,9,13,23,36,40,3,0,mark6six_archive_crosscheck_hkjc,2026-07-15
96/039,1996-05-16,13,14,17,21,29,31,35,0,mark6six_archive_crosscheck_hkjc,2026-07-15
96/040,1996-05-21,7,14,19,21,33,38,18,0,mark6six_archive_crosscheck_hkjc,2026-07-15
96/041,1996-05-23,3,12,17,28,29,43,8,0,mark6six_archive_crosscheck_hkjc,2026-07-15
96/042,1996-05-28,7,16,21,25,35,42,8,0,mark6six_archive_crosscheck_hkjc,2026-07-15
96/043,1996-05-30,17,20,24,25,32,43,1,0,mark6six_archive_crosscheck_hkjc,2026-07-15
96/044,1996-06-04,4,8,21,24,33,37,19,0,mark6six_archive_crosscheck_hkjc,2026-07-15
96/045,1996-06-06,2,7,11,15,16,25,40,0,mark6six_archive_crosscheck_hkjc,2026-07-15
96/046,1996-06-11,7,8,9,13,15,17,4,0,mark6six_archive_crosscheck_hkjc,2026-07-15
96/047,1996-06-13,5,16,22,27,31,46,47,0,mark6six_archive_crosscheck_hkjc,2026-07-15
96/048,1996-06-18,3,14,20,24,26,40,44,0,mark6six_archive_crosscheck_hkjc,2026-07-15
96/049,1996-06-21,5,9,16,18,20,35,46,0,mark6six_archive_crosscheck_hkjc,2026-07-15
96/050,1996-06-25,1,11,15,24,33,43,14,0,mark6six_archive_crosscheck_hkjc,2026-07-15
96/051,1996-06-27,6,7,15,20,26,44,42,0,mark6six_archive_crosscheck_hkjc,2026-07-15
96/052,1996-07-02,2,6,20,42,46,47,5,0,mark6six_archive_crosscheck_hkjc,2026-07-15
96/053,1996-07-04,2,26,33,40,43,45,46,0,mark6six_archive_crosscheck_hkjc,2026-07-15
96/054,1996-07-09,8,24,36,39,44,45,12,0,mark6six_archive_crosscheck_hkjc,2026-07-15
96/055,1996-07-11,16,17,22,30,36,41,39,0,mark6six_archive_crosscheck_hkjc,2026-07-15
96/056,1996-07-13,9,11,26,37,45,46,13,0,mark6six_archive_crosscheck_hkjc,2026-07-15
96/057,1996-07-16,6,7,21,23,24,32,12,0,mark6six_archive_crosscheck_hkjc,2026-07-15
96/058,1996-07-18,3,6,13,15,32,44,40,0,mark6six_archive_crosscheck_hkjc,2026-07-15
96/059,1996-07-23,10,12,15,25,27,38,11,0,mark6six_archive_crosscheck_hkjc,2026-07-15
96/060,1996-07-25,8,14,28,33,41,43,42,0,mark6six_archive_crosscheck_hkjc,2026-07-15
96/061,1996-07-30,5,6,19,30,36,44,43,0,mark6six_archive_crosscheck_hkjc,2026-07-15
96/062,1996-08-01,5,19,22,33,34,42,12,0,mark6six_archive_crosscheck_hkjc,2026-07-15
96/063,1996-08-03,4,6,19,40,43,46,47,0,mark6six_archive_crosscheck_hkjc,2026-07-15
96/064,1996-08-06,1,16,22,25,26,47,5,0,mark6six_archive_crosscheck_hkjc,2026-07-15
96/065,1996-08-08,1,10,19,27,36,37,21,0,mark6six_archive_crosscheck_hkjc,2026-07-15
96/066,1996-08-13,2,3,5,17,32,42,39,0,mark6six_archive_crosscheck_hkjc,2026-07-15
96/067,1996-08-15,13,26,28,35,36,38,39,0,mark6six_archive_crosscheck_hkjc,2026-07-15
96/068,1996-08-20,7,9,10,31,43,45,30,0,mark6six_archive_crosscheck_hkjc,2026-07-15
96/069,1996-08-22,14,21,36,39,46,47,16,0,mark6six_archive_crosscheck_hkjc,2026-07-15
96/070,1996-08-27,4,6,18,20,22,44,46,0,mark6six_archive_crosscheck_hkjc,2026-07-15
96/071,1996-08-29,7,21,30,31,43,45,12,0,mark6six_archive_crosscheck_hkjc,2026-07-15
96/072,1996-09-03,3,12,16,20,22,25,38,0,mark6six_archive_crosscheck_hkjc,2026-07-15
96/073,1996-09-05,12,24,27,28,30,33,5,0,mark6six_archive_crosscheck_hkjc,2026-07-15
96/074,1996-09-10,2,22,25,30,36,37,14,0,mark6six_archive_crosscheck_hkjc,2026-07-15
96/075,1996-09-12,9,23,26,30,31,40,13,0,mark6six_archive_crosscheck_hkjc,2026-07-15
96/076,1996-09-17,8,10,14,17,27,45,9,0,mark6six_archive_crosscheck_hkjc,2026-07-15
96/077,1996-09-19,5,11,12,36,40,42,31,0,mark6six_archive_crosscheck_hkjc,2026-07-15
96/078,1996-09-24,7,17,23,24,30,32,11,0,mark6six_archive_crosscheck_hkjc,2026-07-15
96/079,1996-09-26,6,10,28,29,38,43,13,0,mark6six_archive_crosscheck_hkjc,2026-07-15
96/080,1996-10-01,10,20,29,32,33,47,31,0,mark6six_archive_crosscheck_hkjc,2026-07-15
96/081,1996-10-03,15,16,17,23,24,26,7,0,mark6six_archive_crosscheck_hkjc,2026-07-15
96/082,1996-10-08,3,14,17,24,35,45,7,0,mark6six_archive_crosscheck_hkjc,2026-07-15
96/083,1996-10-10,3,9,10,17,42,43,16,0,mark6six_archive_crosscheck_hkjc,2026-07-15
96/084,1996-10-15,2,18,26,32,33,36,40,0,mark6six_archive_crosscheck_hkjc,2026-07-15
96/085,1996-10-17,5,9,12,22,26,36,2,0,mark6six_archive_crosscheck_hkjc,2026-07-15
96/086,1996-10-22,20,27,29,30,37,38,34,0,mark6six_archive_crosscheck_hkjc,2026-07-15
96/087,1996-10-24,14,19,21,30,44,46,34,0,mark6six_archive_crosscheck_hkjc,2026-07-15
96/088,1996-10-29,4,14,26,33,37,38,1,0,mark6six_archive_crosscheck_hkjc,2026-07-15
96/089,1996-10-31,3,4,5,8,10,15,18,0,mark6six_archive_crosscheck_hkjc,2026-07-15
96/090,1996-11-05,2,5,11,15,32,37,41,0,mark6six_archive_crosscheck_hkjc,2026-07-15
96/091,1996-11-07,8,9,10,15,44,46,16,0,mark6six_archive_crosscheck_hkjc,2026-07-15
96/092,1996-11-12,3,5,23,29,39,41,13,0,mark6six_archive_crosscheck_hkjc,2026-07-15
96/093,1996-11-14,6,7,8,29,42,47,34,0,mark6six_archive_crosscheck_hkjc,2026-07-15
96/094,1996-11-19,1,2,26,39,40,46,7,0,mark6six_archive_crosscheck_hkjc,2026-07-15
96/095,1996-11-21,4,12,18,27,30,32,31,0,mark6six_archive_crosscheck_hkjc,2026-07-15
96/096,1996-11-26,9,11,14,18,23,29,46,0,mark6six_archive_crosscheck_hkjc,2026-07-15
96/097,1996-11-28,4,20,23,31,35,45,22,0,mark6six_archive_crosscheck_hkjc,2026-07-15
96/098,1996-12-03,1,4,15,16,20,40,30,0,mark6six_archive_crosscheck_hkjc,2026-07-15
96/099,1996-12-05,9,12,21,25,30,43,26,0,mark6six_archive_crosscheck_hkjc,2026-07-15
96/100,1996-12-10,11,14,22,23,25,36,6,0,mark6six_archive_crosscheck_hkjc,2026-07-15
96/101,1996-12-12,2,25,28,30,40,41,31,0,mark6six_archive_crosscheck_hkjc,2026-07-15
96/102,1996-12-17,11,19,23,29,37,45,7,0,mark6six_archive_crosscheck_hkjc,2026-07-15
96/103,1996-12-19,2,4,9,16,37,47,24,0,mark6six_archive_crosscheck_hkjc,2026-07-15
96/104,1996-12-23,9,11,14,20,40,43,45,0,mark6six_archive_crosscheck_hkjc,2026-07-15
96/105,1996-12-28,22,25,33,35,46,47,5,0,mark6six_archive_crosscheck_hkjc,2026-07-15
96/106,1996-12-31,9,14,15,21,24,40,46,0,mark6six_archive_crosscheck_hkjc,2026-07-15
97/001,1997-01-02,16,26,28,30,33,38,47,0,mark6six_archive_crosscheck_hkjc,2026-07-15
97/002,1997-01-07,2,5,13,38,39,42,8,0,mark6six_archive_crosscheck_hkjc,2026-07-15
97/003,1997-01-09,9,14,20,24,29,44,33,0,mark6six_archive_crosscheck_hkjc,2026-07-15
97/004,1997-01-14,12,17,26,27,33,45,44,0,mark6six_archive_crosscheck_hkjc,2026-07-15
97/005,1997-01-16,2,12,16,37,38,42,22,0,mark6six_archive_crosscheck_hkjc,2026-07-15
97/006,1997-01-21,2,28,39,44,45,46,3,0,mark6six_archive_crosscheck_hkjc,2026-07-15
97/007,1997-01-23,12,14,20,29,36,41,10,0,mark6six_archive_crosscheck_hkjc,2026-07-15
97/008,1997-01-28,5,12,14,27,33,37,11,0,mark6six_archive_crosscheck_hkjc,2026-07-15
97/009,1997-01-30,4,8,12,13,34,47,14,0,mark6six_archive_crosscheck_hkjc,2026-07-15
97/010,1997-02-04,29,34,37,39,40,43,32,0,mark6six_archive_crosscheck_hkjc,2026-07-15
97/011,1997-02-11,8,10,14,27,28,29,17,0,mark6six_archive_crosscheck_hkjc,2026-07-15
97/012,1997-02-13,2,11,25,26,30,34,37,0,mark6six_archive_crosscheck_hkjc,2026-07-15
97/013,1997-02-18,1,5,14,27,29,39,44,0,mark6six_archive_crosscheck_hkjc,2026-07-15
97/014,1997-02-20,9,14,16,24,29,35,17,0,mark6six_archive_crosscheck_hkjc,2026-07-15
97/015,1997-02-25,4,8,9,36,39,41,7,0,mark6six_archive_crosscheck_hkjc,2026-07-15
97/016,1997-02-27,20,24,28,29,32,34,4,0,mark6six_archive_crosscheck_hkjc,2026-07-15
97/017,1997-03-04,7,19,21,24,32,39,46,0,mark6six_archive_crosscheck_hkjc,2026-07-15
97/018,1997-03-06,1,9,16,18,36,40,6,0,mark6six_archive_crosscheck_hkjc,2026-07-15
97/019,1997-03-11,7,21,23,26,32,34,3,0,mark6six_archive_crosscheck_hkjc,2026-07-15
97/020,1997-03-13,3,8,9,21,34,36,12,0,mark6six_archive_crosscheck_hkjc,2026-07-15
97/021,1997-03-18,6,9,15,21,28,43,17,0,mark6six_archive_crosscheck_hkjc,2026-07-15
97/022,1997-03-20,1,22,23,39,45,46,26,0,mark6six_archive_crosscheck_hkjc,2026-07-15
97/023,1997-03-25,15,24,26,28,32,44,11,0,mark6six_archive_crosscheck_hkjc,2026-07-15
97/024,1997-03-27,2,29,35,40,41,46,45,0,mark6six_archive_crosscheck_hkjc,2026-07-15
97/025,1997-04-01,4,9,16,25,36,46,12,0,mark6six_archive_crosscheck_hkjc,2026-07-15
97/026,1997-04-03,3,5,10,18,22,43,12,0,mark6six_archive_crosscheck_hkjc,2026-07-15
97/027,1997-04-08,6,13,18,21,25,39,5,0,mark6six_archive_crosscheck_hkjc,2026-07-15
97/028,1997-04-10,1,3,9,10,36,42,47,0,mark6six_archive_crosscheck_hkjc,2026-07-15
97/029,1997-04-15,2,4,13,18,22,45,25,0,mark6six_archive_crosscheck_hkjc,2026-07-15
97/030,1997-04-17,1,2,3,8,40,46,18,0,mark6six_archive_crosscheck_hkjc,2026-07-15
97/031,1997-04-22,5,10,16,22,30,37,14,0,mark6six_archive_crosscheck_hkjc,2026-07-15
97/032,1997-04-24,10,16,21,22,31,47,12,0,mark6six_archive_crosscheck_hkjc,2026-07-15
97/033,1997-04-29,4,15,17,19,29,39,33,0,mark6six_archive_crosscheck_hkjc,2026-07-15
97/034,1997-05-01,12,19,31,35,41,43,4,0,mark6six_archive_crosscheck_hkjc,2026-07-15
97/035,1997-05-06,1,27,32,35,37,41,5,0,mark6six_archive_crosscheck_hkjc,2026-07-15
97/036,1997-05-08,3,7,10,15,37,38,42,0,mark6six_archive_crosscheck_hkjc,2026-07-15
97/037,1997-05-13,7,10,11,14,16,21,17,0,mark6six_archive_crosscheck_hkjc,2026-07-15
97/038,1997-05-15,14,15,16,28,30,44,33,0,mark6six_archive_crosscheck_hkjc,2026-07-15
97/039,1997-05-20,1,11,14,27,30,32,38,0,mark6six_archive_crosscheck_hkjc,2026-07-15
97/040,1997-05-22,5,9,23,27,28,42,22,0,mark6six_archive_crosscheck_hkjc,2026-07-15
97/041,1997-05-27,2,4,8,19,36,37,44,0,mark6six_archive_crosscheck_hkjc,2026-07-15
97/042,1997-05-29,6,15,22,29,36,40,35,0,mark6six_archive_crosscheck_hkjc,2026-07-15
97/043,1997-06-03,6,24,25,35,39,47,43,0,mark6six_archive_crosscheck_hkjc,2026-07-15
97/044,1997-06-05,14,25,31,35,42,46,45,0,mark6six_archive_crosscheck_hkjc,2026-07-15
97/045,1997-06-10,31,34,37,42,44,45,35,0,mark6six_archive_crosscheck_hkjc,2026-07-15
97/046,1997-06-12,7,8,17,26,39,45,22,0,mark6six_archive_crosscheck_hkjc,2026-07-15
97/047,1997-06-17,12,20,27,31,38,40,47,0,mark6six_archive_crosscheck_hkjc,2026-07-15
97/048,1997-06-19,3,16,18,22,38,45,5,0,mark6six_archive_crosscheck_hkjc,2026-07-15
97/049,1997-06-24,10,11,19,28,37,38,34,0,mark6six_archive_crosscheck_hkjc,2026-07-15
97/050,1997-06-26,17,30,32,38,39,42,4,0,mark6six_archive_crosscheck_hkjc,2026-07-15
97/051,1997-07-05,1,4,7,9,17,18,40,0,mark6six_archive_crosscheck_hkjc,2026-07-15
97/052,1997-07-08,3,14,18,26,28,41,23,0,mark6six_archive_crosscheck_hkjc,2026-07-15
97/053,1997-07-10,5,10,16,19,20,30,34,0,mark6six_archive_crosscheck_hkjc,2026-07-15
97/054,1997-07-15,6,23,26,34,35,42,27,0,mark6six_archive_crosscheck_hkjc,2026-07-15
97/055,1997-07-17,1,12,17,19,22,34,15,0,mark6six_archive_crosscheck_hkjc,2026-07-15
97/056,1997-07-19,1,3,10,14,33,45,30,0,mark6six_archive_crosscheck_hkjc,2026-07-15
97/057,1997-07-22,3,13,19,35,37,46,39,0,mark6six_archive_crosscheck_hkjc,2026-07-15
97/058,1997-07-24,6,10,17,25,28,34,9,0,mark6six_archive_crosscheck_hkjc,2026-07-15
97/059,1997-07-29,14,15,17,37,40,45,39,0,mark6six_archive_crosscheck_hkjc,2026-07-15
97/060,1997-07-31,2,15,16,22,28,36,14,0,mark6six_archive_crosscheck_hkjc,2026-07-15
97/061,1997-08-05,12,16,27,33,34,37,43,0,mark6six_archive_crosscheck_hkjc,2026-07-15
97/062,1997-08-07,16,21,24,32,37,45,29,0,mark6six_archive_crosscheck_hkjc,2026-07-15
97/063,1997-08-12,2,9,22,26,30,36,38,0,mark6six_archive_crosscheck_hkjc,2026-07-15
97/064,1997-08-14,3,8,28,32,42,43,41,0,mark6six_archive_crosscheck_hkjc,2026-07-15
97/065,1997-08-16,2,4,5,27,29,40,9,0,mark6six_archive_crosscheck_hkjc,2026-07-15
97/066,1997-08-19,19,31,35,37,38,42,18,0,mark6six_archive_crosscheck_hkjc,2026-07-15
97/067,1997-08-21,12,18,24,30,34,35,20,0,mark6six_archive_crosscheck_hkjc,2026-07-15
97/068,1997-08-26,3,17,22,29,34,38,14,0,mark6six_archive_crosscheck_hkjc,2026-07-15
97/069,1997-08-28,3,15,16,19,32,33,26,0,mark6six_archive_crosscheck_hkjc,2026-07-15
97/070,1997-08-30,8,10,18,26,42,45,14,0,mark6six_archive_crosscheck_hkjc,2026-07-15
97/071,1997-09-02,6,9,28,30,42,47,35,0,mark6six_archive_crosscheck_hkjc,2026-07-15
97/072,1997-09-04,2,6,14,26,33,42,40,0,mark6six_archive_crosscheck_hkjc,2026-07-15
97/073,1997-09-09,2,7,18,29,42,45,10,0,mark6six_archive_crosscheck_hkjc,2026-07-15
97/074,1997-09-11,1,27,37,43,44,47,22,0,mark6six_archive_crosscheck_hkjc,2026-07-15
97/075,1997-09-15,6,9,14,15,31,47,42,0,mark6six_archive_crosscheck_hkjc,2026-07-15
97/076,1997-09-18,5,8,19,28,32,33,44,0,mark6six_archive_crosscheck_hkjc,2026-07-15
97/077,1997-09-23,9,10,14,30,32,41,37,0,mark6six_archive_crosscheck_hkjc,2026-07-15
97/078,1997-09-25,1,15,27,34,42,46,33,0,mark6six_archive_crosscheck_hkjc,2026-07-15
97/079,1997-09-30,6,24,28,31,38,45,13,0,mark6six_archive_crosscheck_hkjc,2026-07-15
97/080,1997-10-04,8,22,24,26,37,43,6,0,mark6six_archive_crosscheck_hkjc,2026-07-15
97/081,1997-10-07,8,12,24,26,29,42,6,0,mark6six_archive_crosscheck_hkjc,2026-07-15
97/082,1997-10-09,5,8,14,25,31,32,18,0,mark6six_archive_crosscheck_hkjc,2026-07-15
97/083,1997-10-14,6,11,18,24,27,29,7,0,mark6six_archive_crosscheck_hkjc,2026-07-15
97/084,1997-10-16,7,13,21,27,35,41,38,0,mark6six_archive_crosscheck_hkjc,2026-07-15
97/085,1997-10-21,14,16,24,25,35,38,29,0,mark6six_archive_crosscheck_hkjc,2026-07-15
97/086,1997-10-23,14,23,25,29,35,41,8,0,mark6six_archive_crosscheck_hkjc,2026-07-15
97/087,1997-10-28,2,4,14,32,34,41,5,0,mark6six_archive_crosscheck_hkjc,2026-07-15
97/088,1997-10-30,7,15,23,26,29,34,18,0,mark6six_archive_crosscheck_hkjc,2026-07-15
97/089,1997-11-03,3,5,24,37,38,45,6,0,mark6six_archive_crosscheck_hkjc,2026-07-15
97/090,1997-11-06,14,16,24,25,27,33,47,0,mark6six_archive_crosscheck_hkjc,2026-07-15
97/091,1997-11-11,7,17,29,35,36,47,44,0,mark6six_archive_crosscheck_hkjc,2026-07-15
97/092,1997-11-13,9,18,20,24,37,39,35,0,mark6six_archive_crosscheck_hkjc,2026-07-15
97/093,1997-11-18,3,12,24,33,40,46,1,0,mark6six_archive_crosscheck_hkjc,2026-07-15
97/094,1997-11-20,7,14,30,35,41,42,20,0,mark6six_archive_crosscheck_hkjc,2026-07-15
97/095,1997-11-25,1,2,5,19,26,40,24,0,mark6six_archive_crosscheck_hkjc,2026-07-15
97/096,1997-11-27,8,11,13,40,42,44,36,0,mark6six_archive_crosscheck_hkjc,2026-07-15
97/097,1997-12-02,19,22,27,28,29,46,21,0,mark6six_archive_crosscheck_hkjc,2026-07-15
97/098,1997-12-04,9,13,17,18,22,41,26,0,mark6six_archive_crosscheck_hkjc,2026-07-15
97/099,1997-12-09,21,25,36,42,43,45,47,0,mark6six_archive_crosscheck_hkjc,2026-07-15
97/100,1997-12-11,3,17,21,23,34,37,1,0,mark6six_archive_crosscheck_hkjc,2026-07-15
97/101,1997-12-16,4,7,14,20,30,47,9,0,mark6six_archive_crosscheck_hkjc,2026-07-15
97/102,1997-12-18,5,8,12,16,40,47,22,0,mark6six_archive_crosscheck_hkjc,2026-07-15
97/103,1997-12-23,9,13,22,34,36,43,35,0,mark6six_archive_crosscheck_hkjc,2026-07-15
97/104,1997-12-30,14,19,24,30,36,45,23,0,mark6six_archive_crosscheck_hkjc,2026-07-15
98/001,1998-01-02,5,10,22,35,37,39,25,0,mark6six_archive_crosscheck_hkjc,2026-07-15
98/002,1998-01-06,9,15,31,32,41,47,14,0,mark6six_archive_crosscheck_hkjc,2026-07-15
98/003,1998-01-08,4,8,11,32,33,35,3,0,mark6six_archive_crosscheck_hkjc,2026-07-15
98/004,1998-01-13,1,25,26,33,43,44,18,0,mark6six_archive_crosscheck_hkjc,2026-07-15
98/005,1998-01-15,3,4,11,22,27,43,37,0,mark6six_archive_crosscheck_hkjc,2026-07-15
98/006,1998-01-20,13,19,25,34,35,45,24,0,mark6six_archive_crosscheck_hkjc,2026-07-15
98/007,1998-01-22,1,13,20,26,31,45,40,0,mark6six_archive_crosscheck_hkjc,2026-07-15
98/008,1998-01-26,4,11,22,29,30,45,25,0,mark6six_archive_crosscheck_hkjc,2026-07-15
98/009,1998-01-31,9,13,14,16,17,30,39,0,mark6six_archive_crosscheck_hkjc,2026-07-15
98/010,1998-02-03,3,11,17,25,28,43,26,0,mark6six_archive_crosscheck_hkjc,2026-07-15
98/011,1998-02-06,2,8,9,15,17,37,28,0,mark6six_archive_crosscheck_hkjc,2026-07-15
98/012,1998-02-10,1,6,28,30,31,33,22,0,mark6six_archive_crosscheck_hkjc,2026-07-15
98/013,1998-02-12,11,15,24,25,26,32,30,0,mark6six_archive_crosscheck_hkjc,2026-07-15
98/014,1998-02-17,29,30,32,35,37,44,21,0,mark6six_archive_crosscheck_hkjc,2026-07-15
98/015,1998-02-19,12,19,25,27,32,34,1,0,mark6six_archive_crosscheck_hkjc,2026-07-15
98/016,1998-02-24,2,19,23,26,27,46,30,0,mark6six_archive_crosscheck_hkjc,2026-07-15
98/017,1998-02-26,1,10,12,23,33,42,39,0,mark6six_archive_crosscheck_hkjc,2026-07-15
98/018,1998-03-03,1,16,17,20,22,40,34,0,mark6six_archive_crosscheck_hkjc,2026-07-15
98/019,1998-03-05,20,22,23,41,43,46,8,0,mark6six_archive_crosscheck_hkjc,2026-07-15
98/020,1998-03-10,5,22,24,26,29,47,1,0,mark6six_archive_crosscheck_hkjc,2026-07-15
98/021,1998-03-12,19,25,30,36,37,40,14,0,mark6six_archive_crosscheck_hkjc,2026-07-15
98/022,1998-03-17,2,14,15,24,34,43,25,0,mark6six_archive_crosscheck_hkjc,2026-07-15
98/023,1998-03-19,2,17,19,34,45,47,12,0,mark6six_archive_crosscheck_hkjc,2026-07-15
98/024,1998-03-24,1,15,22,28,34,46,14,0,mark6six_archive_crosscheck_hkjc,2026-07-15
98/025,1998-03-26,5,11,15,18,36,37,39,0,mark6six_archive_crosscheck_hkjc,2026-07-15
98/026,1998-03-31,6,7,12,44,45,46,23,0,mark6six_archive_crosscheck_hkjc,2026-07-15
98/027,1998-04-02,15,17,19,21,33,37,2,0,mark6six_archive_crosscheck_hkjc,2026-07-15
98/028,1998-04-07,2,6,16,22,24,31,32,0,mark6six_archive_crosscheck_hkjc,2026-07-15
98/029,1998-04-10,7,13,25,28,32,46,17,0,mark6six_archive_crosscheck_hkjc,2026-07-15
98/030,1998-04-14,3,7,30,35,38,47,39,0,mark6six_archive_crosscheck_hkjc,2026-07-15
98/031,1998-04-16,1,22,23,34,42,47,39,0,mark6six_archive_crosscheck_hkjc,2026-07-15
98/032,1998-04-21,11,12,20,27,42,45,25,0,mark6six_archive_crosscheck_hkjc,2026-07-15
98/033,1998-04-23,5,24,26,29,32,38,19,0,mark6six_archive_crosscheck_hkjc,2026-07-15
98/034,1998-04-28,11,22,23,30,42,45,39,0,mark6six_archive_crosscheck_hkjc,2026-07-15
98/035,1998-04-30,4,13,17,23,33,41,9,0,mark6six_archive_crosscheck_hkjc,2026-07-15
98/036,1998-05-05,11,24,37,38,43,46,18,0,mark6six_archive_crosscheck_hkjc,2026-07-15
98/037,1998-05-07,4,12,19,27,34,39,42,0,mark6six_archive_crosscheck_hkjc,2026-07-15
98/038,1998-05-12,2,12,15,16,26,30,24,0,mark6six_archive_crosscheck_hkjc,2026-07-15
98/039,1998-05-14,2,6,24,33,34,39,26,0,mark6six_archive_crosscheck_hkjc,2026-07-15
98/040,1998-05-19,13,17,25,26,37,38,16,0,mark6six_archive_crosscheck_hkjc,2026-07-15
98/041,1998-05-21,2,7,12,15,28,31,19,0,mark6six_archive_crosscheck_hkjc,2026-07-15
98/042,1998-05-26,1,15,18,32,36,43,31,0,mark6six_archive_crosscheck_hkjc,2026-07-15
98/043,1998-05-29,3,5,7,20,37,46,16,0,mark6six_archive_crosscheck_hkjc,2026-07-15
98/044,1998-06-02,4,16,19,33,34,47,39,0,mark6six_archive_crosscheck_hkjc,2026-07-15
98/045,1998-06-04,1,3,7,8,12,39,34,0,mark6six_archive_crosscheck_hkjc,2026-07-15
98/046,1998-06-09,11,18,23,29,35,39,36,0,mark6six_archive_crosscheck_hkjc,2026-07-15
98/047,1998-06-11,22,23,24,28,29,39,38,0,mark6six_archive_crosscheck_hkjc,2026-07-15
98/048,1998-06-16,5,13,18,23,33,41,37,0,mark6six_archive_crosscheck_hkjc,2026-07-15
98/049,1998-06-18,3,5,12,29,36,45,40,0,mark6six_archive_crosscheck_hkjc,2026-07-15
98/050,1998-06-23,7,19,27,33,35,43,9,0,mark6six_archive_crosscheck_hkjc,2026-07-15
98/051,1998-06-25,4,5,15,36,38,39,46,0,mark6six_archive_crosscheck_hkjc,2026-07-15
98/052,1998-06-27,4,12,13,21,28,42,41,0,mark6six_archive_crosscheck_hkjc,2026-07-15
98/053,1998-06-30,2,5,9,29,32,43,47,0,mark6six_archive_crosscheck_hkjc,2026-07-15
98/054,1998-07-02,11,25,31,35,44,47,30,0,mark6six_archive_crosscheck_hkjc,2026-07-15
98/055,1998-07-04,4,29,30,35,43,45,25,0,mark6six_archive_crosscheck_hkjc,2026-07-15
98/056,1998-07-07,1,6,22,30,32,45,16,0,mark6six_archive_crosscheck_hkjc,2026-07-15
98/057,1998-07-09,9,20,22,28,39,45,19,0,mark6six_archive_crosscheck_hkjc,2026-07-15
98/058,1998-07-11,3,8,12,28,35,39,37,0,mark6six_archive_crosscheck_hkjc,2026-07-15
98/059,1998-07-14,5,8,12,23,24,44,31,0,mark6six_archive_crosscheck_hkjc,2026-07-15
98/060,1998-07-16,2,13,24,25,26,27,23,0,mark6six_archive_crosscheck_hkjc,2026-07-15
98/061,1998-07-18,20,22,30,32,35,36,33,0,mark6six_archive_crosscheck_hkjc,2026-07-15
98/062,1998-07-21,2,3,22,24,25,41,27,0,mark6six_archive_crosscheck_hkjc,2026-07-15
98/063,1998-07-23,1,3,5,14,18,23,25,0,mark6six_archive_crosscheck_hkjc,2026-07-15
98/064,1998-07-25,3,17,24,34,35,40,15,0,mark6six_archive_crosscheck_hkjc,2026-07-15
98/065,1998-07-28,1,16,28,32,36,38,14,0,mark6six_archive_crosscheck_hkjc,2026-07-15
98/066,1998-07-30,16,22,25,26,40,46,44,0,mark6six_archive_crosscheck_hkjc,2026-07-15
98/067,1998-08-01,2,15,21,28,36,41,3,0,mark6six_archive_crosscheck_hkjc,2026-07-15
98/068,1998-08-04,1,14,27,31,35,42,5,0,mark6six_archive_crosscheck_hkjc,2026-07-15
98/069,1998-08-06,16,17,26,30,34,35,13,0,mark6six_archive_crosscheck_hkjc,2026-07-15
98/070,1998-08-08,12,15,17,29,46,47,23,0,mark6six_archive_crosscheck_hkjc,2026-07-15
98/071,1998-08-11,10,15,18,35,38,39,12,0,mark6six_archive_crosscheck_hkjc,2026-07-15
98/072,1998-08-13,18,19,20,23,43,47,40,0,mark6six_archive_crosscheck_hkjc,2026-07-15
98/073,1998-08-15,27,28,40,42,43,47,34,0,mark6six_archive_crosscheck_hkjc,2026-07-15
98/074,1998-08-18,4,7,14,18,19,34,20,0,mark6six_archive_crosscheck_hkjc,2026-07-15
98/075,1998-08-20,14,21,23,39,42,46,37,0,mark6six_archive_crosscheck_hkjc,2026-07-15
98/076,1998-08-22,1,12,15,17,21,22,29,0,mark6six_archive_crosscheck_hkjc,2026-07-15
98/077,1998-08-25,5,24,33,34,36,44,42,0,mark6six_archive_crosscheck_hkjc,2026-07-15
98/078,1998-08-27,2,17,20,22,29,33,25,0,mark6six_archive_crosscheck_hkjc,2026-07-15
98/079,1998-08-29,6,8,13,35,45,47,9,0,mark6six_archive_crosscheck_hkjc,2026-07-15
98/080,1998-09-01,5,11,14,26,31,40,13,0,mark6six_archive_crosscheck_hkjc,2026-07-15
98/081,1998-09-03,8,9,12,23,26,34,47,0,mark6six_archive_crosscheck_hkjc,2026-07-15
98/082,1998-09-08,4,5,12,40,44,46,35,0,mark6six_archive_crosscheck_hkjc,2026-07-15
98/083,1998-09-10,4,12,39,41,42,43,31,0,mark6six_archive_crosscheck_hkjc,2026-07-15
98/084,1998-09-15,3,14,15,21,32,37,29,0,mark6six_archive_crosscheck_hkjc,2026-07-15
98/085,1998-09-17,12,17,19,31,37,38,20,0,mark6six_archive_crosscheck_hkjc,2026-07-15
98/086,1998-09-22,5,20,22,30,31,33,19,0,mark6six_archive_crosscheck_hkjc,2026-07-15
98/087,1998-09-24,11,15,17,19,39,47,28,0,mark6six_archive_crosscheck_hkjc,2026-07-15
98/088,1998-09-29,3,8,9,17,27,44,25,0,mark6six_archive_crosscheck_hkjc,2026-07-15
98/089,1998-10-06,9,18,21,31,40,47,34,0,mark6six_archive_crosscheck_hkjc,2026-07-15
98/090,1998-10-08,11,12,30,37,41,45,2,0,mark6six_archive_crosscheck_hkjc,2026-07-15
98/091,1998-10-13,1,8,15,27,38,40,14,0,mark6six_archive_crosscheck_hkjc,2026-07-15
98/092,1998-10-15,4,5,6,17,34,37,2,0,mark6six_archive_crosscheck_hkjc,2026-07-15
98/093,1998-10-20,1,11,18,19,21,34,12,0,mark6six_archive_crosscheck_hkjc,2026-07-15
98/094,1998-10-22,2,13,14,20,28,43,31,0,mark6six_archive_crosscheck_hkjc,2026-07-15
98/095,1998-10-27,7,11,25,33,34,42,45,0,mark6six_archive_crosscheck_hkjc,2026-07-15
98/096,1998-10-29,18,28,29,31,35,40,34,0,mark6six_archive_crosscheck_hkjc,2026-07-15
98/097,1998-11-02,10,22,26,27,32,41,13,0,mark6six_archive_crosscheck_hkjc,2026-07-15
98/098,1998-11-05,2,9,24,27,30,32,19,0,mark6six_archive_crosscheck_hkjc,2026-07-15
98/099,1998-11-10,29,34,36,42,44,45,26,0,mark6six_archive_crosscheck_hkjc,2026-07-15
98/100,1998-11-12,19,23,31,42,45,46,8,0,mark6six_archive_crosscheck_hkjc,2026-07-15
98/101,1998-11-17,1,7,23,32,33,38,41,0,mark6six_archive_crosscheck_hkjc,2026-07-15
98/102,1998-11-19,1,5,6,7,8,13,32,0,mark6six_archive_crosscheck_hkjc,2026-07-15
98/103,1998-11-24,10,17,23,34,40,41,24,0,mark6six_archive_crosscheck_hkjc,2026-07-15
98/104,1998-11-26,1,6,8,10,32,41,38,0,mark6six_archive_crosscheck_hkjc,2026-07-15
98/105,1998-12-01,1,11,26,33,34,36,16,0,mark6six_archive_crosscheck_hkjc,2026-07-15
98/106,1998-12-03,4,6,7,32,44,47,37,0,mark6six_archive_crosscheck_hkjc,2026-07-15
98/107,1998-12-08,8,13,31,33,35,41,47,0,mark6six_archive_crosscheck_hkjc,2026-07-15
98/108,1998-12-10,4,13,27,30,42,43,5,0,mark6six_archive_crosscheck_hkjc,2026-07-15
98/109,1998-12-15,3,7,33,34,35,40,16,0,mark6six_archive_crosscheck_hkjc,2026-07-15
98/110,1998-12-17,11,12,15,26,38,47,25,0,mark6six_archive_crosscheck_hkjc,2026-07-15
98/111,1998-12-21,4,12,22,24,27,39,18,0,mark6six_archive_crosscheck_hkjc,2026-07-15
98/112,1998-12-24,6,25,30,38,39,41,5,0,mark6six_archive_crosscheck_hkjc,2026-07-15
98/113,1998-12-29,9,17,25,27,28,44,13,0,mark6six_archive_crosscheck_hkjc,2026-07-15
98/114,1998-12-31,4,11,30,31,33,40,9,0,mark6six_archive_crosscheck_hkjc,2026-07-15
99/001,1999-01-05,1,12,19,25,26,38,47,0,mark6six_archive_crosscheck_hkjc,2026-07-15
99/002,1999-01-07,8,18,32,33,38,45,41,0,mark6six_archive_crosscheck_hkjc,2026-07-15
99/003,1999-01-12,2,8,10,16,34,40,13,0,mark6six_archive_crosscheck_hkjc,2026-07-15
99/004,1999-01-14,22,28,31,32,33,35,27,0,mark6six_archive_crosscheck_hkjc,2026-07-15
99/005,1999-01-19,8,11,20,22,30,47,15,0,mark6six_archive_crosscheck_hkjc,2026-07-15
99/006,1999-01-21,22,28,34,36,39,46,40,0,mark6six_archive_crosscheck_hkjc,2026-07-15
99/007,1999-01-26,6,8,16,20,32,36,1,0,mark6six_archive_crosscheck_hkjc,2026-07-15
99/008,1999-01-28,14,17,18,30,38,39,6,0,mark6six_archive_crosscheck_hkjc,2026-07-15
99/009,1999-02-02,13,17,27,42,43,44,34,0,mark6six_archive_crosscheck_hkjc,2026-07-15
99/010,1999-02-04,7,12,22,24,38,45,35,0,mark6six_archive_crosscheck_hkjc,2026-07-15
99/011,1999-02-09,4,7,18,22,29,36,28,0,mark6six_archive_crosscheck_hkjc,2026-07-15
99/012,1999-02-12,4,11,23,32,33,45,12,0,mark6six_archive_crosscheck_hkjc,2026-07-15
99/013,1999-02-20,4,5,25,37,46,47,33,0,mark6six_archive_crosscheck_hkjc,2026-07-15
99/014,1999-02-23,2,13,19,29,33,39,11,0,mark6six_archive_crosscheck_hkjc,2026-07-15
99/015,1999-02-25,1,6,11,13,17,19,42,0,mark6six_archive_crosscheck_hkjc,2026-07-15
99/016,1999-03-02,8,11,21,23,32,33,36,0,mark6six_archive_crosscheck_hkjc,2026-07-15
99/017,1999-03-04,2,3,8,18,29,38,21,0,mark6six_archive_crosscheck_hkjc,2026-07-15
99/018,1999-03-09,5,9,38,39,45,46,23,0,mark6six_archive_crosscheck_hkjc,2026-07-15
99/019,1999-03-11,2,3,5,11,20,21,8,0,mark6six_archive_crosscheck_hkjc,2026-07-15
99/020,1999-03-16,10,20,25,31,36,46,29,0,mark6six_archive_crosscheck_hkjc,2026-07-15
99/021,1999-03-18,15,23,25,27,30,44,43,0,mark6six_archive_crosscheck_hkjc,2026-07-15
99/022,1999-03-23,2,18,22,25,26,31,43,0,mark6six_archive_crosscheck_hkjc,2026-07-15
99/023,1999-03-25,5,25,31,36,44,45,42,0,mark6six_archive_crosscheck_hkjc,2026-07-15
99/024,1999-03-30,11,13,15,20,33,45,35,0,mark6six_archive_crosscheck_hkjc,2026-07-15
99/025,1999-04-01,12,13,28,31,33,42,10,0,mark6six_archive_crosscheck_hkjc,2026-07-15
99/026,1999-04-06,7,12,15,17,19,37,27,0,mark6six_archive_crosscheck_hkjc,2026-07-15
99/027,1999-04-09,5,8,10,28,30,41,36,0,mark6six_archive_crosscheck_hkjc,2026-07-15
99/028,1999-04-13,7,12,17,26,35,36,33,0,mark6six_archive_crosscheck_hkjc,2026-07-15
99/029,1999-04-15,3,7,8,10,25,41,2,0,mark6six_archive_crosscheck_hkjc,2026-07-15
99/030,1999-04-20,9,11,15,16,19,40,47,0,mark6six_archive_crosscheck_hkjc,2026-07-15
99/031,1999-04-22,4,5,26,28,36,41,47,0,mark6six_archive_crosscheck_hkjc,2026-07-15
99/032,1999-04-27,5,13,31,33,37,39,34,0,mark6six_archive_crosscheck_hkjc,2026-07-15
99/033,1999-04-29,12,16,22,32,37,44,7,0,mark6six_archive_crosscheck_hkjc,2026-07-15
99/034,1999-05-04,11,17,21,28,35,38,3,0,mark6six_archive_crosscheck_hkjc,2026-07-15
99/035,1999-05-06,1,4,11,18,23,45,7,0,mark6six_archive_crosscheck_hkjc,2026-07-15
99/036,1999-05-11,8,10,13,21,28,40,7,0,mark6six_archive_crosscheck_hkjc,2026-07-15
99/037,1999-05-13,6,7,27,36,41,44,5,0,mark6six_archive_crosscheck_hkjc,2026-07-15
99/038,1999-05-18,19,21,26,33,37,42,40,0,mark6six_archive_crosscheck_hkjc,2026-07-15
99/039,1999-05-20,3,8,9,11,17,32,14,0,mark6six_archive_crosscheck_hkjc,2026-07-15
99/040,1999-05-25,5,13,22,28,34,39,14,0,mark6six_archive_crosscheck_hkjc,2026-07-15
99/041,1999-05-27,9,12,25,33,37,41,28,0,mark6six_archive_crosscheck_hkjc,2026-07-15
99/042,1999-06-01,8,12,16,17,20,26,21,0,mark6six_archive_crosscheck_hkjc,2026-07-15
99/043,1999-06-03,8,15,17,22,25,39,36,0,mark6six_archive_crosscheck_hkjc,2026-07-15
99/044,1999-06-08,16,17,26,29,31,46,24,0,mark6six_archive_crosscheck_hkjc,2026-07-15
99/045,1999-06-10,5,23,33,37,44,47,29,0,mark6six_archive_crosscheck_hkjc,2026-07-15
99/046,1999-06-15,3,6,14,26,29,31,45,0,mark6six_archive_crosscheck_hkjc,2026-07-15
99/047,1999-06-17,14,19,26,34,43,44,12,0,mark6six_archive_crosscheck_hkjc,2026-07-15
99/048,1999-06-22,6,11,14,22,38,40,18,0,mark6six_archive_crosscheck_hkjc,2026-07-15
99/049,1999-06-24,4,11,24,25,38,39,43,0,mark6six_archive_crosscheck_hkjc,2026-07-15
99/050,1999-06-29,9,14,19,23,33,39,10,0,mark6six_archive_crosscheck_hkjc,2026-07-15
99/051,1999-07-03,8,18,26,42,44,47,32,0,mark6six_archive_crosscheck_hkjc,2026-07-15
99/052,1999-07-06,1,5,11,14,17,18,26,0,mark6six_archive_crosscheck_hkjc,2026-07-15
99/053,1999-07-08,4,7,29,35,45,46,8,0,mark6six_archive_crosscheck_hkjc,2026-07-15
99/054,1999-07-10,2,5,7,13,30,33,26,0,mark6six_archive_crosscheck_hkjc,2026-07-15
99/055,1999-07-13,16,19,26,43,44,47,21,0,mark6six_archive_crosscheck_hkjc,2026-07-15
99/056,1999-07-15,7,8,31,32,33,46,45,0,mark6six_archive_crosscheck_hkjc,2026-07-15
99/057,1999-07-17,22,35,39,41,46,47,27,0,mark6six_archive_crosscheck_hkjc,2026-07-15
99/058,1999-07-20,8,17,27,31,36,43,11,0,mark6six_archive_crosscheck_hkjc,2026-07-15
99/059,1999-07-22,6,12,18,22,25,38,35,0,mark6six_archive_crosscheck_hkjc,2026-07-15
99/060,1999-07-24,7,8,16,31,35,45,32,0,mark6six_archive_crosscheck_hkjc,2026-07-15
99/061,1999-07-27,15,22,25,26,35,47,19,0,mark6six_archive_crosscheck_hkjc,2026-07-15
99/062,1999-07-29,8,14,25,27,36,38,44,0,mark6six_archive_crosscheck_hkjc,2026-07-15
99/063,1999-07-31,13,19,23,28,35,40,43,0,mark6six_archive_crosscheck_hkjc,2026-07-15
99/064,1999-08-03,4,13,20,29,35,37,34,0,mark6six_archive_crosscheck_hkjc,2026-07-15
99/065,1999-08-05,2,6,12,18,19,31,14,0,mark6six_archive_crosscheck_hkjc,2026-07-15
99/066,1999-08-07,18,21,23,24,28,39,6,0,mark6six_archive_crosscheck_hkjc,2026-07-15
99/067,1999-08-10,9,13,16,29,31,32,10,0,mark6six_archive_crosscheck_hkjc,2026-07-15
99/068,1999-08-12,7,15,16,24,44,47,22,0,mark6six_archive_crosscheck_hkjc,2026-07-15
99/069,1999-08-14,5,15,24,37,41,44,22,0,mark6six_archive_crosscheck_hkjc,2026-07-15
99/070,1999-08-17,13,16,31,34,36,45,40,0,mark6six_archive_crosscheck_hkjc,2026-07-15
99/071,1999-08-19,8,11,25,28,29,42,34,0,mark6six_archive_crosscheck_hkjc,2026-07-15
99/072,1999-08-21,11,17,25,31,38,40,5,0,mark6six_archive_crosscheck_hkjc,2026-07-15
99/073,1999-08-24,11,12,13,26,28,43,34,0,mark6six_archive_crosscheck_hkjc,2026-07-15
99/074,1999-08-26,4,6,20,29,30,36,27,0,mark6six_archive_crosscheck_hkjc,2026-07-15
99/075,1999-08-28,7,10,21,35,41,42,38,0,mark6six_archive_crosscheck_hkjc,2026-07-15
99/076,1999-08-31,6,14,27,29,33,44,24,0,mark6six_archive_crosscheck_hkjc,2026-07-15
99/077,1999-09-02,6,14,17,18,34,47,12,0,mark6six_archive_crosscheck_hkjc,2026-07-15
99/078,1999-09-07,4,10,30,43,45,46,27,0,mark6six_archive_crosscheck_hkjc,2026-07-15
99/079,1999-09-09,1,8,12,15,38,42,31,0,mark6six_archive_crosscheck_hkjc,2026-07-15
99/080,1999-09-14,19,22,24,28,30,34,36,0,mark6six_archive_crosscheck_hkjc,2026-07-15
99/081,1999-09-21,4,15,17,38,42,47,25,0,mark6six_archive_crosscheck_hkjc,2026-07-15
99/082,1999-09-23,5,17,26,32,44,46,38,0,mark6six_archive_crosscheck_hkjc,2026-07-15
99/083,1999-09-28,5,6,21,24,43,45,33,0,mark6six_archive_crosscheck_hkjc,2026-07-15
99/084,1999-09-30,2,12,18,27,36,38,15,0,mark6six_archive_crosscheck_hkjc,2026-07-15
99/085,1999-10-05,3,13,41,44,45,47,9,0,mark6six_archive_crosscheck_hkjc,2026-07-15
99/086,1999-10-07,3,7,8,28,33,41,46,0,mark6six_archive_crosscheck_hkjc,2026-07-15
99/087,1999-10-12,7,18,26,31,33,36,6,0,mark6six_archive_crosscheck_hkjc,2026-07-15
99/088,1999-10-14,6,17,23,33,36,39,9,0,mark6six_archive_crosscheck_hkjc,2026-07-15
99/089,1999-10-19,1,16,27,30,37,41,42,0,mark6six_archive_crosscheck_hkjc,2026-07-15
99/090,1999-10-21,7,15,23,25,32,34,6,0,mark6six_archive_crosscheck_hkjc,2026-07-15
99/091,1999-10-26,2,19,30,42,44,46,33,0,mark6six_archive_crosscheck_hkjc,2026-07-15
99/092,1999-10-28,14,15,17,28,41,44,35,0,mark6six_archive_crosscheck_hkjc,2026-07-15
99/093,1999-11-01,3,13,20,29,35,42,23,0,mark6six_archive_crosscheck_hkjc,2026-07-15
99/094,1999-11-05,2,8,30,33,36,42,34,0,mark6six_archive_crosscheck_hkjc,2026-07-15
99/095,1999-11-09,1,30,31,32,37,42,17,0,mark6six_archive_crosscheck_hkjc,2026-07-15
99/096,1999-11-11,6,9,20,21,30,35,13,0,mark6six_archive_crosscheck_hkjc,2026-07-15
99/097,1999-11-16,5,9,10,18,28,38,4,0,mark6six_archive_crosscheck_hkjc,2026-07-15
99/098,1999-11-19,5,9,19,25,27,47,44,0,mark6six_archive_crosscheck_hkjc,2026-07-15
99/099,1999-11-23,13,15,21,27,40,45,46,0,mark6six_archive_crosscheck_hkjc,2026-07-15
99/100,1999-11-25,2,7,8,9,17,29,24,0,mark6six_archive_crosscheck_hkjc,2026-07-15
99/101,1999-11-30,6,7,23,28,45,47,30,0,mark6six_archive_crosscheck_hkjc,2026-07-15
99/102,1999-12-02,8,14,15,17,33,39,6,0,mark6six_archive_crosscheck_hkjc,2026-07-15
99/103,1999-12-07,24,31,33,39,40,47,3,0,mark6six_archive_crosscheck_hkjc,2026-07-15
99/104,1999-12-09,1,3,5,9,20,31,15,0,mark6six_archive_crosscheck_hkjc,2026-07-15
99/105,1999-12-14,3,14,15,21,23,31,38,0,mark6six_archive_crosscheck_hkjc,2026-07-15
99/106,1999-12-16,4,16,19,39,46,47,38,0,mark6six_archive_crosscheck_hkjc,2026-07-15
99/107,1999-12-21,1,9,26,43,45,46,38,0,mark6six_archive_crosscheck_hkjc,2026-07-15
99/108,1999-12-23,12,24,30,31,32,41,28,0,mark6six_archive_crosscheck_hkjc,2026-07-15
99/109,1999-12-28,10,14,16,26,29,40,21,0,mark6six_archive_crosscheck_hkjc,2026-07-15
99/110,1999-12-30,19,20,28,38,43,44,35,0,mark6six_archive_crosscheck_hkjc,2026-07-15
00/001,2000-01-04,6,21,24,27,35,39,44,0,mark6six_archive_crosscheck_hkjc,2026-07-15
00/002,2000-01-06,8,21,23,25,31,36,11,0,mark6six_archive_crosscheck_hkjc,2026-07-15
00/003,2000-01-11,1,5,18,19,25,44,14,0,mark6six_archive_crosscheck_hkjc,2026-07-15
00/004,2000-01-13,10,25,27,28,39,47,13,0,mark6six_archive_crosscheck_hkjc,2026-07-15
00/005,2000-01-18,8,30,32,36,37,38,10,0,mark6six_archive_crosscheck_hkjc,2026-07-15
00/006,2000-01-20,13,25,27,36,40,45,12,0,mark6six_archive_crosscheck_hkjc,2026-07-15
00/007,2000-01-25,3,5,10,12,31,39,40,0,mark6six_archive_crosscheck_hkjc,2026-07-15
00/008,2000-01-27,10,17,28,33,38,46,41,0,mark6six_archive_crosscheck_hkjc,2026-07-15
00/009,2000-02-01,4,14,25,29,38,44,23,0,mark6six_archive_crosscheck_hkjc,2026-07-15
00/010,2000-02-03,1,7,13,17,23,42,37,0,mark6six_archive_crosscheck_hkjc,2026-07-15
00/011,2000-02-08,2,20,21,23,28,32,4,0,mark6six_archive_crosscheck_hkjc,2026-07-15
00/012,2000-02-10,2,29,32,42,44,47,40,0,mark6six_archive_crosscheck_hkjc,2026-07-15
00/013,2000-02-15,4,14,17,21,36,45,10,0,mark6six_archive_crosscheck_hkjc,2026-07-15
00/014,2000-02-17,1,8,13,18,33,47,35,0,mark6six_archive_crosscheck_hkjc,2026-07-15
00/015,2000-02-22,10,18,26,27,39,47,23,0,mark6six_archive_crosscheck_hkjc,2026-07-15
00/016,2000-02-24,5,22,25,33,43,47,10,0,mark6six_archive_crosscheck_hkjc,2026-07-15
00/017,2000-02-29,1,3,11,15,23,40,22,0,mark6six_archive_crosscheck_hkjc,2026-07-15
00/018,2000-03-02,11,12,13,14,35,44,19,0,mark6six_archive_crosscheck_hkjc,2026-07-15
00/019,2000-03-07,2,15,18,34,38,39,13,0,mark6six_archive_crosscheck_hkjc,2026-07-15
00/020,2000-03-09,16,17,29,30,34,39,20,0,mark6six_archive_crosscheck_hkjc,2026-07-15
00/021,2000-03-14,10,28,32,34,42,45,23,0,mark6six_archive_crosscheck_hkjc,2026-07-15
00/022,2000-03-16,20,21,39,40,44,45,9,0,mark6six_archive_crosscheck_hkjc,2026-07-15
00/023,2000-03-21,10,19,25,27,31,44,40,0,mark6six_archive_crosscheck_hkjc,2026-07-15
00/024,2000-03-23,3,6,11,14,27,28,19,0,mark6six_archive_crosscheck_hkjc,2026-07-15
00/025,2000-03-28,12,15,18,24,29,35,14,0,mark6six_archive_crosscheck_hkjc,2026-07-15
00/026,2000-03-30,5,28,29,31,42,46,38,0,mark6six_archive_crosscheck_hkjc,2026-07-15
00/027,2000-04-03,5,20,23,28,38,45,17,0,mark6six_archive_crosscheck_hkjc,2026-07-15
00/028,2000-04-06,2,9,12,20,41,46,25,0,mark6six_archive_crosscheck_hkjc,2026-07-15
00/029,2000-04-11,2,13,18,33,43,44,1,0,mark6six_archive_crosscheck_hkjc,2026-07-15
00/030,2000-04-13,3,7,16,21,34,41,32,0,mark6six_archive_crosscheck_hkjc,2026-07-15
00/031,2000-04-18,13,18,25,28,36,44,3,0,mark6six_archive_crosscheck_hkjc,2026-07-15
00/032,2000-04-20,4,20,25,30,35,38,15,0,mark6six_archive_crosscheck_hkjc,2026-07-15
00/033,2000-04-25,3,8,13,23,33,41,47,0,mark6six_archive_crosscheck_hkjc,2026-07-15
00/034,2000-04-27,8,26,35,38,40,41,4,0,mark6six_archive_crosscheck_hkjc,2026-07-15
00/035,2000-05-02,19,20,29,34,41,45,37,0,mark6six_archive_crosscheck_hkjc,2026-07-15
00/036,2000-05-04,1,11,25,35,39,46,2,0,mark6six_archive_crosscheck_hkjc,2026-07-15
00/037,2000-05-09,4,5,8,9,18,46,37,0,mark6six_archive_crosscheck_hkjc,2026-07-15
00/038,2000-05-12,1,12,21,22,26,32,31,0,mark6six_archive_crosscheck_hkjc,2026-07-15
00/039,2000-05-16,3,6,7,19,27,44,43,0,mark6six_archive_crosscheck_hkjc,2026-07-15
00/040,2000-05-18,14,15,19,41,45,46,44,0,mark6six_archive_crosscheck_hkjc,2026-07-15
00/041,2000-05-23,24,30,33,38,41,46,8,0,mark6six_archive_crosscheck_hkjc,2026-07-15
00/042,2000-05-25,5,6,9,11,25,40,43,0,mark6six_archive_crosscheck_hkjc,2026-07-15
00/043,2000-05-30,8,9,15,23,32,38,36,0,mark6six_archive_crosscheck_hkjc,2026-07-15
00/044,2000-06-01,19,30,31,39,40,41,42,0,mark6six_archive_crosscheck_hkjc,2026-07-15
00/045,2000-06-06,17,18,20,28,31,41,21,0,mark6six_archive_crosscheck_hkjc,2026-07-15
00/046,2000-06-09,1,8,15,19,29,36,33,0,mark6six_archive_crosscheck_hkjc,2026-07-15
00/047,2000-06-13,7,9,28,32,33,34,46,0,mark6six_archive_crosscheck_hkjc,2026-07-15
00/048,2000-06-15,5,6,24,33,36,45,1,0,mark6six_archive_crosscheck_hkjc,2026-07-15
00/049,2000-06-20,4,13,24,27,39,41,34,0,mark6six_archive_crosscheck_hkjc,2026-07-15
00/050,2000-06-22,6,19,24,28,32,47,27,0,mark6six_archive_crosscheck_hkjc,2026-07-15
00/051,2000-06-27,22,29,31,35,36,44,3,0,mark6six_archive_crosscheck_hkjc,2026-07-15
00/052,2000-06-29,7,17,21,24,26,46,11,0,mark6six_archive_crosscheck_hkjc,2026-07-15
00/053,2000-07-01,3,4,13,21,29,38,34,0,mark6six_archive_crosscheck_hkjc,2026-07-15
00/054,2000-07-04,8,11,13,19,25,42,29,0,mark6six_archive_crosscheck_hkjc,2026-07-15
00/055,2000-07-06,10,12,14,28,32,46,31,0,mark6six_archive_crosscheck_hkjc,2026-07-15
00/056,2000-07-08,7,10,12,15,33,36,38,0,mark6six_archive_crosscheck_hkjc,2026-07-15
00/057,2000-07-11,12,13,25,29,32,46,18,0,mark6six_archive_crosscheck_hkjc,2026-07-15
00/058,2000-07-13,5,13,24,25,31,33,2,0,mark6six_archive_crosscheck_hkjc,2026-07-15
00/059,2000-07-15,6,8,22,31,36,39,30,0,mark6six_archive_crosscheck_hkjc,2026-07-15
00/060,2000-07-18,6,18,23,26,32,33,11,0,mark6six_archive_crosscheck_hkjc,2026-07-15
00/061,2000-07-20,6,8,9,16,17,20,36,0,mark6six_archive_crosscheck_hkjc,2026-07-15
00/062,2000-07-22,5,6,8,19,23,42,36,0,mark6six_archive_crosscheck_hkjc,2026-07-15
00/063,2000-07-25,14,30,33,34,39,41,9,0,mark6six_archive_crosscheck_hkjc,2026-07-15
00/064,2000-07-27,27,28,33,36,45,46,4,0,mark6six_archive_crosscheck_hkjc,2026-07-15
00/065,2000-07-29,21,30,35,36,40,43,22,0,mark6six_archive_crosscheck_hkjc,2026-07-15
00/066,2000-08-01,5,14,20,25,39,41,16,0,mark6six_archive_crosscheck_hkjc,2026-07-15
00/067,2000-08-03,4,15,18,19,38,40,36,0,mark6six_archive_crosscheck_hkjc,2026-07-15
00/068,2000-08-05,1,7,11,17,18,25,44,0,mark6six_archive_crosscheck_hkjc,2026-07-15
00/069,2000-08-08,4,9,19,23,29,44,36,0,mark6six_archive_crosscheck_hkjc,2026-07-15
00/070,2000-08-10,1,15,30,34,37,40,33,0,mark6six_archive_crosscheck_hkjc,2026-07-15
00/071,2000-08-13,12,19,21,26,30,39,28,0,mark6six_archive_crosscheck_hkjc,2026-07-15
00/072,2000-08-15,15,17,18,22,30,47,8,0,mark6six_archive_crosscheck_hkjc,2026-07-15
00/073,2000-08-17,7,12,17,27,30,33,32,0,mark6six_archive_crosscheck_hkjc,2026-07-15
00/074,2000-08-19,3,4,16,25,31,33,36,0,mark6six_archive_crosscheck_hkjc,2026-07-15
00/075,2000-08-22,4,6,18,23,24,46,7,0,mark6six_archive_crosscheck_hkjc,2026-07-15
00/076,2000-08-24,19,22,23,32,44,45,3,0,mark6six_archive_crosscheck_hkjc,2026-07-15
00/077,2000-08-26,4,13,17,28,45,46,31,0,mark6six_archive_crosscheck_hkjc,2026-07-15
00/078,2000-08-29,4,6,8,10,12,25,16,40484131,mark6six_archive_crosscheck_hkjc,2026-07-15
00/079,2000-08-31,12,16,24,27,41,46,4,27522903,mark6six_archive_crosscheck_hkjc,2026-07-15
00/080,2000-09-05,22,23,24,25,32,43,39,32077579,mark6six_archive_crosscheck_hkjc,2026-07-15
00/081,2000-09-08,6,7,28,29,30,45,26,84780712,mark6six_archive_crosscheck_hkjc,2026-07-15
00/082,2000-09-12,15,17,23,27,31,43,6,97659965,mark6six_archive_crosscheck_hkjc,2026-07-15
00/083,2000-09-16,16,20,21,24,26,28,9,141847831,mark6six_archive_crosscheck_hkjc,2026-07-15
00/084,2000-09-19,6,12,15,35,38,39,47,162687385,mark6six_archive_crosscheck_hkjc,2026-07-15
00/085,2000-09-22,9,15,24,29,32,34,6,228373841,mark6six_archive_crosscheck_hkjc,2026-07-15
00/086,2000-09-26,1,13,15,24,38,44,28,34755347,mark6six_archive_crosscheck_hkjc,2026-07-15
00/087,2000-09-28,3,15,17,30,33,46,1,32870613,mark6six_archive_crosscheck_hkjc,2026-07-15
00/088,2000-10-03,2,3,9,33,40,41,26,38613531,mark6six_archive_crosscheck_hkjc,2026-07-15
00/089,2000-10-05,13,15,37,39,42,43,22,31917853,mark6six_archive_crosscheck_hkjc,2026-07-15
00/090,2000-10-10,10,17,19,26,30,44,14,41760455,mark6six_archive_crosscheck_hkjc,2026-07-15
00/091,2000-10-12,22,30,32,35,38,47,11,43848291,mark6six_archive_crosscheck_hkjc,2026-07-15
00/092,2000-10-17,2,9,12,18,41,44,24,57055951,mark6six_archive_crosscheck_hkjc,2026-07-15
00/093,2000-10-19,3,8,9,17,34,36,38,30005807,mark6six_archive_crosscheck_hkjc,2026-07-15
00/094,2000-10-24,2,4,10,16,25,43,38,33616588,mark6six_archive_crosscheck_hkjc,2026-07-15
00/095,2000-10-26,9,16,22,26,30,47,10,33819557,mark6six_archive_crosscheck_hkjc,2026-07-15
00/096,2000-10-31,1,14,26,27,40,42,17,46073142,mark6six_archive_crosscheck_hkjc,2026-07-15
00/097,2000-11-02,5,6,16,21,25,33,19,50292595,mark6six_archive_crosscheck_hkjc,2026-07-15
00/098,2000-11-06,6,9,10,23,35,36,5,25550191,mark6six_archive_crosscheck_hkjc,2026-07-15
00/099,2000-11-09,3,11,22,29,34,39,46,40743195,mark6six_archive_crosscheck_hkjc,2026-07-15
00/100,2000-11-14,9,10,14,34,40,44,45,33547972,mark6six_archive_crosscheck_hkjc,2026-07-15
00/101,2000-11-16,5,10,11,24,31,33,36,36473436,mark6six_archive_crosscheck_hkjc,2026-07-15
00/102,2000-11-21,3,11,14,26,39,44,2,31634607,mark6six_archive_crosscheck_hkjc,2026-07-15
00/103,2000-11-23,4,22,24,30,33,41,5,28915838,mark6six_archive_crosscheck_hkjc,2026-07-15
00/104,2000-11-28,6,7,9,14,29,33,47,37109734,mark6six_archive_crosscheck_hkjc,2026-07-15
00/105,2000-11-30,1,4,9,18,19,23,45,40569493,mark6six_archive_crosscheck_hkjc,2026-07-15
00/106,2000-12-05,1,2,8,9,20,47,25,32413176,mark6six_archive_crosscheck_hkjc,2026-07-15
00/107,2000-12-07,5,11,23,24,39,41,3,37075454,mark6six_archive_crosscheck_hkjc,2026-07-15
00/108,2000-12-12,8,16,21,24,32,44,30,43598073,mark6six_archive_crosscheck_hkjc,2026-07-15
00/109,2000-12-14,10,19,24,33,35,36,39,28677710,mark6six_archive_crosscheck_hkjc,2026-07-15
00/110,2000-12-19,1,4,11,22,30,39,35,96123174,mark6six_archive_crosscheck_hkjc,2026-07-15
00/111,2000-12-22,4,12,14,26,27,35,25,28975622,mark6six_archive_crosscheck_hkjc,2026-07-15
00/112,2000-12-28,5,34,37,39,42,43,4,43942203,mark6six_archive_crosscheck_hkjc,2026-07-15
01/001,2001-01-02,13,20,35,38,44,45,5,48712177,mark6six_archive_crosscheck_hkjc,2026-07-15
01/002,2001-01-04,6,16,18,19,29,37,25,59576659,mark6six_archive_crosscheck_hkjc,2026-07-15
01/003,2001-01-09,2,9,14,26,35,39,11,35739758,mark6six_archive_crosscheck_hkjc,2026-07-15
01/004,2001-01-11,3,8,11,14,24,41,30,31502741,mark6six_archive_crosscheck_hkjc,2026-07-15
01/005,2001-01-16,5,12,15,30,43,44,19,35085606,mark6six_archive_crosscheck_hkjc,2026-07-15
01/006,2001-01-19,10,20,35,43,45,46,28,121811537,mark6six_archive_crosscheck_hkjc,2026-07-15
01/007,2001-01-22,4,21,22,37,42,45,9,47509368,mark6six_archive_crosscheck_hkjc,2026-07-15
01/008,2001-01-30,4,27,38,42,43,47,19,73127039,mark6six_archive_crosscheck_hkjc,2026-07-15
01/009,2001-02-01,11,18,24,30,34,37,23,33251641,mark6six_archive_crosscheck_hkjc,2026-07-15
01/010,2001-02-06,8,28,29,45,46,47,13,44540538,mark6six_archive_crosscheck_hkjc,2026-07-15
01/011,2001-02-08,7,12,13,17,36,42,27,32203926,mark6six_archive_crosscheck_hkjc,2026-07-15
01/012,2001-02-13,9,12,14,22,29,43,8,34666881,mark6six_archive_crosscheck_hkjc,2026-07-15
01/013,2001-02-15,18,21,23,28,30,32,1,37523940,mark6six_archive_crosscheck_hkjc,2026-07-15
01/014,2001-02-20,5,9,18,20,41,44,14,34444200,mark6six_archive_crosscheck_hkjc,2026-07-15
01/015,2001-02-22,2,11,16,29,40,46,47,40790300,mark6six_archive_crosscheck_hkjc,2026-07-15
01/016,2001-02-27,1,10,24,25,43,47,34,50610274,mark6six_archive_crosscheck_hkjc,2026-07-15
01/017,2001-03-01,1,13,18,37,39,40,34,56506090,mark6six_archive_crosscheck_hkjc,2026-07-15
01/018,2001-03-06,9,19,20,28,29,35,15,82114342,mark6six_archive_crosscheck_hkjc,2026-07-15
01/019,2001-03-08,8,13,20,27,37,38,45,31000927,mark6six_archive_crosscheck_hkjc,2026-07-15
01/020,2001-03-13,7,19,26,36,37,42,33,35160545,mark6six_archive_crosscheck_hkjc,2026-07-15
01/021,2001-03-15,3,8,9,26,31,43,23,28543375,mark6six_archive_crosscheck_hkjc,2026-07-15
01/022,2001-03-20,11,18,20,26,28,47,10,39391930,mark6six_archive_crosscheck_hkjc,2026-07-15
01/023,2001-03-22,9,11,13,23,30,44,32,29706731,mark6six_archive_crosscheck_hkjc,2026-07-15
01/024,2001-03-27,5,9,19,32,39,45,13,38622116,mark6six_archive_crosscheck_hkjc,2026-07-15
01/025,2001-03-29,4,7,10,11,21,45,38,29436825,mark6six_archive_crosscheck_hkjc,2026-07-15
01/026,2001-04-03,7,10,25,27,33,41,19,39044700,mark6six_archive_crosscheck_hkjc,2026-07-15
01/027,2001-04-06,14,33,36,37,39,44,40,45556774,mark6six_archive_crosscheck_hkjc,2026-07-15
01/028,2001-04-10,3,12,15,18,23,34,42,88382963,mark6six_archive_crosscheck_hkjc,2026-07-15
01/029,2001-04-12,12,15,27,36,37,46,22,43265226,mark6six_archive_crosscheck_hkjc,2026-07-15
01/030,2001-04-17,4,6,28,30,36,39,10,30672842,mark6six_archive_crosscheck_hkjc,2026-07-15
01/031,2001-04-19,5,7,18,19,46,47,43,37323160,mark6six_archive_crosscheck_hkjc,2026-07-15
01/032,2001-04-24,14,18,26,27,33,41,35,45382086,mark6six_archive_crosscheck_hkjc,2026-07-15
01/033,2001-04-26,1,14,21,36,42,46,26,48042300,mark6six_archive_crosscheck_hkjc,2026-07-15
01/034,2001-05-01,8,19,25,32,41,46,27,52253888,mark6six_archive_crosscheck_hkjc,2026-07-15
01/035,2001-05-03,3,20,28,37,41,42,9,30682873,mark6six_archive_crosscheck_hkjc,2026-07-15
01/036,2001-05-08,3,5,15,17,34,37,40,39505287,mark6six_archive_crosscheck_hkjc,2026-07-15
01/037,2001-05-10,1,13,24,29,34,47,20,41857962,mark6six_archive_crosscheck_hkjc,2026-07-15
01/038,2001-05-15,1,11,14,26,39,46,18,53404300,mark6six_archive_crosscheck_hkjc,2026-07-15
01/039,2001-05-17,10,11,19,23,39,44,17,27043443,mark6six_archive_crosscheck_hkjc,2026-07-15
01/040,2001-05-22,5,7,10,12,18,39,45,38139893,mark6six_archive_crosscheck_hkjc,2026-07-15
01/041,2001-05-24,6,24,36,37,41,45,9,28414471,mark6six_archive_crosscheck_hkjc,2026-07-15
01/042,2001-05-29,1,12,13,29,37,40,32,31060485,mark6six_archive_crosscheck_hkjc,2026-07-15
01/043,2001-05-31,9,10,12,18,31,37,14,33906417,mark6six_archive_crosscheck_hkjc,2026-07-15
01/044,2001-06-05,4,16,19,25,34,44,33,40307471,mark6six_archive_crosscheck_hkjc,2026-07-15
01/045,2001-06-07,8,19,32,37,44,45,40,43105406,mark6six_archive_crosscheck_hkjc,2026-07-15
01/046,2001-06-12,2,8,14,21,26,27,24,54859268,mark6six_archive_crosscheck_hkjc,2026-07-15
01/047,2001-06-14,1,20,22,33,35,45,11,64779053,mark6six_archive_crosscheck_hkjc,2026-07-15
01/048,2001-06-19,1,8,14,29,33,44,5,111809786,mark6six_archive_crosscheck_hkjc,2026-07-15
01/049,2001-06-21,11,23,29,33,36,45,20,28384450,mark6six_archive_crosscheck_hkjc,2026-07-15
01/050,2001-06-26,14,15,19,24,32,39,47,27043887,mark6six_archive_crosscheck_hkjc,2026-07-15
01/051,2001-06-28,12,16,23,27,35,38,19,28856593,mark6six_archive_crosscheck_hkjc,2026-07-15
01/052,2001-07-03,4,11,15,28,29,40,16,30085330,mark6six_archive_crosscheck_hkjc,2026-07-15
01/053,2001-07-05,7,17,21,26,40,45,37,27881716,mark6six_archive_crosscheck_hkjc,2026-07-15
01/054,2001-07-07,2,4,20,21,22,39,27,23401200,mark6six_archive_crosscheck_hkjc,2026-07-15
01/055,2001-07-10,9,15,31,33,38,41,44,37894834,mark6six_archive_crosscheck_hkjc,2026-07-15
01/056,2001-07-12,2,24,25,32,35,45,1,27517380,mark6six_archive_crosscheck_hkjc,2026-07-15
01/057,2001-07-14,1,2,13,14,21,47,42,26714189,mark6six_archive_crosscheck_hkjc,2026-07-15
01/058,2001-07-17,9,26,28,33,35,46,32,35474605,mark6six_archive_crosscheck_hkjc,2026-07-15
01/059,2001-07-19,1,5,9,23,30,41,4,42794531,mark6six_archive_crosscheck_hkjc,2026-07-15
01/060,2001-07-21,3,12,24,33,34,45,40,47814892,mark6six_archive_crosscheck_hkjc,2026-07-15
01/061,2001-07-24,9,16,21,25,32,33,38,26832197,mark6six_archive_crosscheck_hkjc,2026-07-15
01/062,2001-07-26,4,5,6,21,25,27,16,29009058,mark6six_archive_crosscheck_hkjc,2026-07-15
01/063,2001-07-28,13,21,25,32,33,37,20,24494613,mark6six_archive_crosscheck_hkjc,2026-07-15
01/064,2001-07-31,2,8,17,20,32,46,15,33270178,mark6six_archive_crosscheck_hkjc,2026-07-15
01/065,2001-08-02,5,16,20,28,31,38,15,26343080,mark6six_archive_crosscheck_hkjc,2026-07-15
01/066,2001-08-04,3,8,10,12,35,37,2,24157108,mark6six_archive_crosscheck_hkjc,2026-07-15
01/067,2001-08-07,2,9,14,28,45,46,15,27708463,mark6six_archive_crosscheck_hkjc,2026-07-15
01/068,2001-08-09,18,24,27,28,32,36,39,31345953,mark6six_archive_crosscheck_hkjc,2026-07-15
01/069,2001-08-11,1,7,14,16,18,47,40,33225943,mark6six_archive_crosscheck_hkjc,2026-07-15
01/070,2001-08-14,2,10,21,28,29,44,30,29359870,mark6six_archive_crosscheck_hkjc,2026-07-15
01/071,2001-08-16,2,8,10,11,15,21,7,32923174,mark6six_archive_crosscheck_hkjc,2026-07-15
01/072,2001-08-18,7,20,21,22,24,34,19,24302003,mark6six_archive_crosscheck_hkjc,2026-07-15
01/073,2001-08-21,4,18,31,32,37,40,15,27661425,mark6six_archive_crosscheck_hkjc,2026-07-15
01/074,2001-08-23,1,10,13,14,27,35,2,24994003,mark6six_archive_crosscheck_hkjc,2026-07-15
01/075,2001-08-25,1,4,8,12,29,34,18,27568375,mark6six_archive_crosscheck_hkjc,2026-07-15
01/076,2001-08-28,5,18,28,31,37,45,36,35117530,mark6six_archive_crosscheck_hkjc,2026-07-15
01/077,2001-08-30,2,6,7,13,22,26,35,24652690,mark6six_archive_crosscheck_hkjc,2026-07-15
01/078,2001-09-04,16,21,28,33,39,46,3,35256623,mark6six_archive_crosscheck_hkjc,2026-07-15
01/079,2001-09-06,4,14,17,36,38,47,42,35389792,mark6six_archive_crosscheck_hkjc,2026-07-15
01/080,2001-09-11,8,9,15,23,27,34,36,47860896,mark6six_archive_crosscheck_hkjc,2026-07-15
01/081,2001-09-13,6,13,15,24,34,44,31,26102569,mark6six_archive_crosscheck_hkjc,2026-07-15
01/082,2001-09-18,7,8,9,33,36,37,12,29097101,mark6six_archive_crosscheck_hkjc,2026-07-15
01/083,2001-09-20,6,12,14,19,21,29,45,25025564,mark6six_archive_crosscheck_hkjc,2026-07-15
01/084,2001-09-25,7,20,27,29,32,44,33,29408455,mark6six_archive_crosscheck_hkjc,2026-07-15
01/085,2001-09-28,7,18,27,36,40,43,28,95348431,mark6six_archive_crosscheck_hkjc,2026-07-15
01/086,2001-10-02,2,3,12,30,33,36,7,20641518,mark6six_archive_crosscheck_hkjc,2026-07-15
01/087,2001-10-04,2,20,31,35,39,45,24,32062036,mark6six_archive_crosscheck_hkjc,2026-07-15
01/088,2001-10-09,21,28,29,30,34,39,40,43763652,mark6six_archive_crosscheck_hkjc,2026-07-15
01/089,2001-10-11,1,2,6,32,34,42,41,27549257,mark6six_archive_crosscheck_hkjc,2026-07-15
01/090,2001-10-16,7,9,20,21,39,43,34,38211130,mark6six_archive_crosscheck_hkjc,2026-07-15
01/091,2001-10-18,6,20,21,32,38,41,33,42181589,mark6six_archive_crosscheck_hkjc,2026-07-15
01/092,2001-10-23,6,7,13,16,21,46,17,57011988,mark6six_archive_crosscheck_hkjc,2026-07-15
01/093,2001-10-26,4,19,31,32,41,43,30,23157299,mark6six_archive_crosscheck_hkjc,2026-07-15
01/094,2001-10-30,12,18,22,28,32,38,29,34409712,mark6six_archive_crosscheck_hkjc,2026-07-15
01/095,2001-11-01,12,20,25,29,40,41,11,26411051,mark6six_archive_crosscheck_hkjc,2026-07-15
01/096,2001-11-05,3,6,12,18,27,30,38,29527155,mark6six_archive_crosscheck_hkjc,2026-07-15
01/097,2001-11-08,1,3,9,37,38,42,2,30442338,mark6six_archive_crosscheck_hkjc,2026-07-15
01/098,2001-11-13,10,21,29,31,38,41,26,34027506,mark6six_archive_crosscheck_hkjc,2026-07-15
01/099,2001-11-15,9,17,31,32,37,46,27,35626869,mark6six_archive_crosscheck_hkjc,2026-07-15
01/100,2001-11-20,3,12,18,24,34,43,41,48662590,mark6six_archive_crosscheck_hkjc,2026-07-15
01/101,2001-11-22,1,13,20,23,33,38,3,27134462,mark6six_archive_crosscheck_hkjc,2026-07-15
01/102,2001-11-27,2,8,30,35,37,44,1,29401611,mark6six_archive_crosscheck_hkjc,2026-07-15
01/103,2001-11-29,3,30,37,40,41,44,19,34162322,mark6six_archive_crosscheck_hkjc,2026-07-15
01/104,2001-12-04,2,11,15,32,33,41,40,43782565,mark6six_archive_crosscheck_hkjc,2026-07-15
01/105,2001-12-06,11,16,32,35,38,39,12,47829925,mark6six_archive_crosscheck_hkjc,2026-07-15
01/106,2001-12-11,12,20,21,29,32,47,9,72681002,mark6six_archive_crosscheck_hkjc,2026-07-15
01/107,2001-12-13,3,9,14,16,36,41,43,27586794,mark6six_archive_crosscheck_hkjc,2026-07-15
01/108,2001-12-18,6,10,19,29,30,36,1,66875197,mark6six_archive_crosscheck_hkjc,2026-07-15
01/109,2001-12-20,13,26,27,32,40,43,41,25948214,mark6six_archive_crosscheck_hkjc,2026-07-15
01/110,2001-12-27,2,3,21,25,33,46,7,41182219,mark6six_archive_crosscheck_hkjc,2026-07-15
02/001,2002-01-03,3,11,13,14,18,21,22,50821534,mark6six_archive_crosscheck_hkjc,2026-07-15
02/002,2002-01-08,12,17,21,35,36,43,14,53848143,mark6six_archive_crosscheck_hkjc,2026-07-15
02/003,2002-01-10,10,21,28,32,40,42,45,27809533,mark6six_archive_crosscheck_hkjc,2026-07-15
02/004,2002-01-15,4,11,13,27,29,35,42,37257344,mark6six_archive_crosscheck_hkjc,2026-07-15
02/005,2002-01-17,14,16,31,36,42,43,39,40539811,mark6six_archive_crosscheck_hkjc,2026-07-15
02/006,2002-01-22,6,9,26,31,34,44,37,50366039,mark6six_archive_crosscheck_hkjc,2026-07-15
02/007,2002-01-24,1,13,16,28,38,45,17,61403672,mark6six_archive_crosscheck_hkjc,2026-07-15
02/008,2002-01-29,9,12,21,29,31,33,47,30269640,mark6six_archive_crosscheck_hkjc,2026-07-15
02/009,2002-01-31,2,23,27,30,39,44,26,28883030,mark6six_archive_crosscheck_hkjc,2026-07-15
02/010,2002-02-05,1,9,18,21,38,45,35,32296358,mark6six_archive_crosscheck_hkjc,2026-07-15
02/011,2002-02-08,12,15,27,37,44,45,33,114978688,mark6six_archive_crosscheck_hkjc,2026-07-15
02/012,2002-02-15,1,6,8,17,32,47,40,28819750,mark6six_archive_crosscheck_hkjc,2026-07-15
02/013,2002-02-19,1,7,8,19,30,37,16,41036035,mark6six_archive_crosscheck_hkjc,2026-07-15
02/014,2002-02-21,11,15,31,32,33,43,1,45759427,mark6six_archive_crosscheck_hkjc,2026-07-15
02/015,2002-02-26,18,22,29,31,37,41,13,33951993,mark6six_archive_crosscheck_hkjc,2026-07-15
02/016,2002-02-28,8,10,17,24,27,38,12,29701632,mark6six_archive_crosscheck_hkjc,2026-07-15
02/017,2002-03-05,3,7,15,19,28,29,1,38289150,mark6six_archive_crosscheck_hkjc,2026-07-15
02/018,2002-03-07,24,30,36,37,39,41,14,30026186,mark6six_archive_crosscheck_hkjc,2026-07-15
02/019,2002-03-12,1,8,16,23,33,40,11,32076163,mark6six_archive_crosscheck_hkjc,2026-07-15
02/020,2002-03-14,8,15,18,21,39,45,28,29332205,mark6six_archive_crosscheck_hkjc,2026-07-15
02/021,2002-03-19,13,19,26,33,38,46,9,31303188,mark6six_archive_crosscheck_hkjc,2026-07-15
02/022,2002-03-21,2,32,34,39,40,45,20,33514375,mark6six_archive_crosscheck_hkjc,2026-07-15
02/023,2002-03-26,7,10,14,21,29,30,43,86897550,mark6six_archive_crosscheck_hkjc,2026-07-15
02/024,2002-03-28,7,21,26,36,41,46,13,26207207,mark6six_archive_crosscheck_hkjc,2026-07-15
02/025,2002-04-02,3,6,13,24,31,37,27,28523655,mark6six_archive_crosscheck_hkjc,2026-07-15
02/026,2002-04-04,1,10,11,19,27,37,31,26939347,mark6six_archive_crosscheck_hkjc,2026-07-15
02/027,2002-04-09,11,17,18,24,32,38,5,31073049,mark6six_archive_crosscheck_hkjc,2026-07-15
02/028,2002-04-11,2,6,8,32,44,45,4,32912541,mark6six_archive_crosscheck_hkjc,2026-07-15
02/029,2002-04-16,1,10,12,19,24,39,3,31523784,mark6six_archive_crosscheck_hkjc,2026-07-15
02/030,2002-04-18,3,7,16,21,34,45,39,27287349,mark6six_archive_crosscheck_hkjc,2026-07-15
02/031,2002-04-23,11,16,22,31,34,41,35,29060745,mark6six_archive_crosscheck_hkjc,2026-07-15
02/032,2002-04-25,2,4,13,22,29,42,23,31165475,mark6six_archive_crosscheck_hkjc,2026-07-15
02/033,2002-04-30,7,15,26,29,34,42,22,28553595,mark6six_archive_crosscheck_hkjc,2026-07-15
02/034,2002-05-02,10,20,26,31,36,40,47,29436201,mark6six_archive_crosscheck_hkjc,2026-07-15
02/035,2002-05-07,3,4,5,6,37,46,9,38980530,mark6six_archive_crosscheck_hkjc,2026-07-15
02/036,2002-05-09,2,5,9,15,17,44,39,43614605,mark6six_archive_crosscheck_hkjc,2026-07-15
02/037,2002-05-14,2,13,16,30,39,40,15,69102293,mark6six_archive_crosscheck_hkjc,2026-07-15
02/038,2002-05-16,3,10,20,30,36,38,40,77197938,mark6six_archive_crosscheck_hkjc,2026-07-15
02/039,2002-05-21,7,14,35,41,44,45,27,30443503,mark6six_archive_crosscheck_hkjc,2026-07-15
02/040,2002-05-23,9,12,31,36,41,43,28,35450791,mark6six_archive_crosscheck_hkjc,2026-07-15
02/041,2002-05-28,12,14,22,25,27,40,24,44294708,mark6six_archive_crosscheck_hkjc,2026-07-15
02/042,2002-05-30,2,15,33,34,35,44,21,27255975,mark6six_archive_crosscheck_hkjc,2026-07-15
02/043,2002-06-04,4,8,15,24,41,45,28,36135722,mark6six_archive_crosscheck_hkjc,2026-07-15
02/044,2002-06-06,3,8,12,13,32,42,11,27153977,mark6six_archive_crosscheck_hkjc,2026-07-15
02/045,2002-06-11,7,25,29,31,36,43,34,31795787,mark6six_archive_crosscheck_hkjc,2026-07-15
02/046,2002-06-13,1,9,13,30,31,47,2,35604283,mark6six_archive_crosscheck_hkjc,2026-07-15
02/047,2002-06-18,32,33,36,41,42,43,17,66559741,mark6six_archive_crosscheck_hkjc,2026-07-15
02/048,2002-06-20,1,3,6,17,29,34,32,24799126,mark6six_archive_crosscheck_hkjc,2026-07-15
02/049,2002-06-25,11,12,19,34,35,39,8,31921010,mark6six_archive_crosscheck_hkjc,2026-07-15
02/050,2002-06-27,6,12,29,32,39,44,24,24470701,mark6six_archive_crosscheck_hkjc,2026-07-15
02/051,2002-06-29,5,10,13,22,35,41,34,20929023,mark6six_archive_crosscheck_hkjc,2026-07-15
02/052,2002-07-02,4,26,31,33,36,38,28,30111286,mark6six_archive_crosscheck_hkjc,2026-07-15
02/053,2002-07-04,5,32,34,38,39,49,8,61546956,mark6six_archive_crosscheck_hkjc,2026-07-15
02/054,2002-07-06,10,20,21,33,40,44,34,24826233,mark6six_archive_crosscheck_hkjc,2026-07-15
02/055,2002-07-09,10,20,26,28,35,48,13,34924772,mark6six_archive_crosscheck_hkjc,2026-07-15
02/056,2002-07-11,14,19,23,36,44,46,7,29136915,mark6six_archive_crosscheck_hkjc,2026-07-15
02/057,2002-07-13,9,24,25,27,36,38,41,29386189,mark6six_archive_crosscheck_hkjc,2026-07-15
02/058,2002-07-16,7,13,14,20,29,32,28,30458671,mark6six_archive_crosscheck_hkjc,2026-07-15
02/059,2002-07-18,11,22,24,28,29,38,20,28934390,mark6six_archive_crosscheck_hkjc,2026-07-15
02/060,2002-07-20,1,11,29,33,36,44,37,26448936,mark6six_archive_crosscheck_hkjc,2026-07-15
02/061,2002-07-23,9,12,25,31,43,44,5,29995857,mark6six_archive_crosscheck_hkjc,2026-07-15
02/062,2002-07-25,1,5,6,31,39,46,44,28949540,mark6six_archive_crosscheck_hkjc,2026-07-15
02/063,2002-07-27,1,23,25,32,43,44,30,28423475,mark6six_archive_crosscheck_hkjc,2026-07-15
02/064,2002-07-30,6,22,25,26,27,45,36,36936429,mark6six_archive_crosscheck_hkjc,2026-07-15
02/065,2002-08-01,3,7,11,22,28,36,18,42922219,mark6six_archive_crosscheck_hkjc,2026-07-15
02/066,2002-08-03,9,10,11,15,19,28,37,44761689,mark6six_archive_crosscheck_hkjc,2026-07-15
02/067,2002-08-06,5,10,24,32,39,49,1,30003135,mark6six_archive_crosscheck_hkjc,2026-07-15
02/068,2002-08-08,5,15,26,27,28,35,2,34535972,mark6six_archive_crosscheck_hkjc,2026-07-15
02/069,2002-08-10,5,28,29,31,44,46,45,27011087,mark6six_archive_crosscheck_hkjc,2026-07-15
02/070,2002-08-13,7,14,26,32,41,49,12,30699698,mark6six_archive_crosscheck_hkjc,2026-07-15
02/071,2002-08-15,4,23,24,25,38,40,37,33571176,mark6six_archive_crosscheck_hkjc,2026-07-15
02/072,2002-08-17,10,17,36,43,45,47,33,26749768,mark6six_archive_crosscheck_hkjc,2026-07-15
02/073,2002-08-20,2,6,16,26,36,41,8,35809409,mark6six_archive_crosscheck_hkjc,2026-07-15
02/074,2002-08-22,1,3,8,25,43,46,21,27993547,mark6six_archive_crosscheck_hkjc,2026-07-15
02/075,2002-08-24,2,7,12,19,23,49,4,31421858,mark6six_archive_crosscheck_hkjc,2026-07-15
02/076,2002-08-27,22,24,28,33,36,39,41,39536755,mark6six_archive_crosscheck_hkjc,2026-07-15
02/077,2002-08-29,3,7,31,32,35,47,15,28504766,mark6six_archive_crosscheck_hkjc,2026-07-15
02/078,2002-08-31,3,4,23,25,31,44,35,27124050,mark6six_archive_crosscheck_hkjc,2026-07-15
02/079,2002-09-03,10,37,40,42,43,46,30,37250929,mark6six_archive_crosscheck_hkjc,2026-07-15
02/080,2002-09-05,15,22,34,40,41,47,10,43178537,mark6six_archive_crosscheck_hkjc,2026-07-15
02/081,2002-09-10,8,14,16,22,37,46,36,74817451,mark6six_archive_crosscheck_hkjc,2026-07-15
02/082,2002-09-12,11,23,32,33,43,48,2,28104659,mark6six_archive_crosscheck_hkjc,2026-07-15
02/083,2002-09-17,5,13,19,27,29,35,40,37024117,mark6six_archive_crosscheck_hkjc,2026-07-15
02/084,2002-09-20,15,19,25,34,38,44,5,97172017,mark6six_archive_crosscheck_hkjc,2026-07-15
02/085,2002-09-24,1,10,34,41,47,48,19,106481332,mark6six_archive_crosscheck_hkjc,2026-07-15
02/086,2002-09-26,10,12,15,17,34,42,29,30742285,mark6six_archive_crosscheck_hkjc,2026-07-15
02/087,2002-09-30,7,15,24,41,47,49,25,37390422,mark6six_archive_crosscheck_hkjc,2026-07-15
02/088,2002-10-03,6,10,11,32,35,46,22,47963302,mark6six_archive_crosscheck_hkjc,2026-07-15
02/089,2002-10-08,5,9,20,30,32,42,2,34571093,mark6six_archive_crosscheck_hkjc,2026-07-15
02/090,2002-10-10,5,9,18,25,47,48,17,36008733,mark6six_archive_crosscheck_hkjc,2026-07-15
02/091,2002-10-15,1,12,14,33,36,37,13,42389570,mark6six_archive_crosscheck_hkjc,2026-07-15
02/092,2002-10-17,5,7,16,37,42,44,38,51781155,mark6six_archive_crosscheck_hkjc,2026-07-15
02/093,2002-10-22,1,13,18,30,32,46,19,79715092,mark6six_archive_crosscheck_hkjc,2026-07-15
02/094,2002-10-24,8,12,19,22,29,41,1,29460218,mark6six_archive_crosscheck_hkjc,2026-07-15
02/095,2002-10-29,8,10,14,25,43,44,41,38969184,mark6six_archive_crosscheck_hkjc,2026-07-15
02/096,2002-10-31,2,3,8,22,27,28,45,41436260,mark6six_archive_crosscheck_hkjc,2026-07-15
02/097,2002-11-04,1,3,12,23,31,48,34,49775271,mark6six_archive_crosscheck_hkjc,2026-07-15
02/098,2002-11-07,6,7,29,32,42,46,1,33971332,mark6six_archive_crosscheck_hkjc,2026-07-15
02/099,2002-11-12,5,8,9,26,33,38,28,33052814,mark6six_archive_crosscheck_hkjc,2026-07-15
02/100,2002-11-14,2,6,14,25,45,49,42,30513558,mark6six_archive_crosscheck_hkjc,2026-07-15
02/101,2002-11-19,3,15,22,23,42,47,18,37875778,mark6six_archive_crosscheck_hkjc,2026-07-15
02/102,2002-11-21,4,16,18,25,29,41,21,44657032,mark6six_archive_crosscheck_hkjc,2026-07-15
02/103,2002-11-26,19,21,40,42,46,47,33,59822169,mark6six_archive_crosscheck_hkjc,2026-07-15
02/104,2002-11-28,17,19,26,31,37,43,38,28549233,mark6six_archive_crosscheck_hkjc,2026-07-15
02/105,2002-12-03,9,11,14,17,24,28,46,38626844,mark6six_archive_crosscheck_hkjc,2026-07-15
02/106,2002-12-05,11,21,27,31,37,44,1,42278216,mark6six_archive_crosscheck_hkjc,2026-07-15
02/107,2002-12-10,5,36,37,38,46,49,17,56573419,mark6six_archive_crosscheck_hkjc,2026-07-15
02/108,2002-12-12,7,15,16,23,31,35,8,71174185,mark6six_archive_crosscheck_hkjc,2026-07-15
02/109,2002-12-17,6,18,39,40,41,42,9,107785141,mark6six_archive_crosscheck_hkjc,2026-07-15
02/110,2002-12-20,13,18,23,24,26,33,15,168998964,mark6six_archive_crosscheck_hkjc,2026-07-15
02/111,2002-12-23,1,11,18,19,39,40,42,27329371,mark6six_archive_crosscheck_hkjc,2026-07-15
02/112,2002-12-27,10,14,22,34,40,43,4,40638350,mark6six_archive_crosscheck_hkjc,2026-07-15
02/113,2002-12-31,10,18,19,28,40,44,24,57028565,mark6six_archive_crosscheck_hkjc,2026-07-15
03/001,2003-01-02,5,6,16,23,26,27,46,31996028,mark6six_archive_crosscheck_hkjc,2026-07-15
03/002,2003-01-07,9,10,12,26,38,43,15,36959338,mark6six_archive_crosscheck_hkjc,2026-07-15
03/003,2003-01-09,8,17,21,22,23,49,24,39896284,mark6six_archive_crosscheck_hkjc,2026-07-15
03/004,2003-01-14,7,11,13,28,32,33,20,50471569,mark6six_archive_crosscheck_hkjc,2026-07-15
03/005,2003-01-16,2,34,36,39,40,42,29,33840687,mark6six_archive_crosscheck_hkjc,2026-07-15
03/006,2003-01-21,16,20,21,43,44,49,6,43640258,mark6six_archive_crosscheck_hkjc,2026-07-15
03/007,2003-01-23,6,14,23,27,36,38,49,33231288,mark6six_archive_crosscheck_hkjc,2026-07-15
03/008,2003-01-28,5,10,25,30,41,46,48,139230672,mark6six_archive_crosscheck_hkjc,2026-07-15
03/009,2003-01-30,4,5,6,7,8,28,23,31075063,mark6six_archive_crosscheck_hkjc,2026-07-15
03/010,2003-02-04,7,12,20,27,28,43,46,33671199,mark6six_archive_crosscheck_hkjc,2026-07-15
03/011,2003-02-06,4,11,18,26,31,46,16,40041229,mark6six_archive_crosscheck_hkjc,2026-07-15
03/012,2003-02-11,11,22,23,28,38,40,29,55223553,mark6six_archive_crosscheck_hkjc,2026-07-15
03/013,2003-02-13,4,8,12,24,39,40,18,63626554,mark6six_archive_crosscheck_hkjc,2026-07-15
03/014,2003-02-18,10,16,19,20,40,49,24,39361407,mark6six_archive_crosscheck_hkjc,2026-07-15
03/015,2003-02-20,1,13,16,24,41,48,35,42063828,mark6six_archive_crosscheck_hkjc,2026-07-15
03/016,2003-02-25,13,19,23,28,42,45,15,37337831,mark6six_archive_crosscheck_hkjc,2026-07-15
03/017,2003-02-27,4,9,12,21,25,34,36,34049629,mark6six_archive_crosscheck_hkjc,2026-07-15
03/018,2003-03-04,9,32,33,38,42,44,43,42408879,mark6six_archive_crosscheck_hkjc,2026-07-15
03/019,2003-03-06,15,20,35,40,45,48,30,32495725,mark6six_archive_crosscheck_hkjc,2026-07-15
03/020,2003-03-11,10,20,22,31,35,39,17,36293918,mark6six_archive_crosscheck_hkjc,2026-07-15
03/021,2003-03-13,2,3,20,21,43,49,32,39261116,mark6six_archive_crosscheck_hkjc,2026-07-15
03/022,2003-03-18,8,10,22,23,24,35,33,37166780,mark6six_archive_crosscheck_hkjc,2026-07-15
03/023,2003-03-20,13,14,21,23,39,42,36,30687339,mark6six_archive_crosscheck_hkjc,2026-07-15
03/024,2003-03-25,13,23,28,30,34,42,20,38840370,mark6six_archive_crosscheck_hkjc,2026-07-15
03/025,2003-03-27,9,21,22,26,37,48,35,39577852,mark6six_archive_crosscheck_hkjc,2026-07-15
03/026,2003-04-01,12,17,30,40,43,48,18,33186905,mark6six_archive_crosscheck_hkjc,2026-07-15
03/027,2003-04-03,21,29,32,38,41,43,7,36197259,mark6six_archive_crosscheck_hkjc,2026-07-15
03/028,2003-04-08,6,11,13,24,40,47,42,32140761,mark6six_archive_crosscheck_hkjc,2026-07-15
03/029,2003-04-10,7,11,13,23,31,33,28,34520388,mark6six_archive_crosscheck_hkjc,2026-07-15
03/030,2003-04-15,9,15,27,28,37,39,33,82196741,mark6six_archive_crosscheck_hkjc,2026-07-15
03/031,2003-04-17,12,18,26,34,38,45,43,28392568,mark6six_archive_crosscheck_hkjc,2026-07-15
03/032,2003-04-22,7,14,26,27,31,36,43,36258022,mark6six_archive_crosscheck_hkjc,2026-07-15
03/033,2003-04-24,11,14,17,20,42,47,27,41238060,mark6six_archive_crosscheck_hkjc,2026-07-15
03/034,2003-04-29,19,30,37,41,47,49,3,59587606,mark6six_archive_crosscheck_hkjc,2026-07-15
03/035,2003-05-02,3,8,10,19,31,35,36,80558422,mark6six_archive_crosscheck_hkjc,2026-07-15
03/036,2003-05-06,7,19,30,34,37,44,48,33457300,mark6six_archive_crosscheck_hkjc,2026-07-15
03/037,2003-05-09,11,20,23,29,32,33,35,33265982,mark6six_archive_crosscheck_hkjc,2026-07-15
03/038,2003-05-13,9,17,20,29,34,35,18,40180591,mark6six_archive_crosscheck_hkjc,2026-07-15
03/039,2003-05-15,8,29,31,32,36,38,12,46187767,mark6six_archive_crosscheck_hkjc,2026-07-15
03/040,2003-05-20,6,28,39,40,43,45,42,70848676,mark6six_archive_crosscheck_hkjc,2026-07-15
03/041,2003-05-22,8,14,17,23,28,43,26,31664604,mark6six_archive_crosscheck_hkjc,2026-07-15
03/042,2003-05-27,1,27,28,29,31,49,6,34862080,mark6six_archive_crosscheck_hkjc,2026-07-15
03/043,2003-05-29,13,16,19,31,39,47,29,31744895,mark6six_archive_crosscheck_hkjc,2026-07-15
03/044,2003-06-03,2,12,21,37,47,49,11,126391369,mark6six_archive_crosscheck_hkjc,2026-07-15
03/045,2003-06-05,9,27,30,33,44,48,37,28690204,mark6six_archive_crosscheck_hkjc,2026-07-15
03/046,2003-06-10,10,19,26,30,32,44,29,41528659,mark6six_archive_crosscheck_hkjc,2026-07-15
03/047,2003-06-12,3,14,27,31,38,44,26,31182222,mark6six_archive_crosscheck_hkjc,2026-07-15
03/048,2003-06-17,3,11,18,22,24,37,49,44861797,mark6six_archive_crosscheck_hkjc,2026-07-15
03/049,2003-06-19,3,4,10,24,26,47,12,51772839,mark6six_archive_crosscheck_hkjc,2026-07-15
03/050,2003-06-24,2,10,21,22,37,44,47,73100980,mark6six_archive_crosscheck_hkjc,2026-07-15
03/051,2003-06-26,7,9,26,29,37,40,11,84852730,mark6six_archive_crosscheck_hkjc,2026-07-15
03/052,2003-06-30,14,16,18,32,44,47,2,30651829,mark6six_archive_crosscheck_hkjc,2026-07-15
03/053,2003-07-03,5,6,12,20,39,47,38,41021579,mark6six_archive_crosscheck_hkjc,2026-07-15
03/054,2003-07-05,1,12,13,16,36,46,49,37737041,mark6six_archive_crosscheck_hkjc,2026-07-15
03/055,2003-07-08,1,6,15,21,23,33,30,56991264,mark6six_archive_crosscheck_hkjc,2026-07-15
03/056,2003-07-10,24,28,29,30,42,49,47,30516769,mark6six_archive_crosscheck_hkjc,2026-07-15
03/057,2003-07-12,14,17,28,31,37,43,39,32271277,mark6six_archive_crosscheck_hkjc,2026-07-15
03/058,2003-07-15,1,4,5,7,9,27,21,44984783,mark6six_archive_crosscheck_hkjc,2026-07-15
03/059,2003-07-17,12,16,21,24,30,39,7,30175630,mark6six_archive_crosscheck_hkjc,2026-07-15
03/060,2003-07-19,5,7,10,23,31,34,38,31877578,mark6six_archive_crosscheck_hkjc,2026-07-15
03/061,2003-07-22,2,6,9,14,17,29,22,85345360,mark6six_archive_crosscheck_hkjc,2026-07-15
03/062,2003-07-24,18,24,26,29,30,46,39,91804686,mark6six_archive_crosscheck_hkjc,2026-07-15
03/063,2003-07-26,12,14,25,30,34,35,23,118334572,mark6six_archive_crosscheck_hkjc,2026-07-15
03/064,2003-07-29,2,5,6,11,20,34,32,34091645,mark6six_archive_crosscheck_hkjc,2026-07-15
03/065,2003-07-31,5,15,17,18,24,47,7,39801275,mark6six_archive_crosscheck_hkjc,2026-07-15
03/066,2003-08-02,16,29,31,33,36,38,4,43683844,mark6six_archive_crosscheck_hkjc,2026-07-15
03/067,2003-08-05,2,22,39,41,42,45,26,58392255,mark6six_archive_crosscheck_hkjc,2026-07-15
03/068,2003-08-07,2,12,17,31,37,40,1,69112175,mark6six_archive_crosscheck_hkjc,2026-07-15
03/069,2003-08-09,16,17,26,28,40,42,44,80214560,mark6six_archive_crosscheck_hkjc,2026-07-15
03/070,2003-08-12,6,9,18,26,33,38,29,33922991,mark6six_archive_crosscheck_hkjc,2026-07-15
03/071,2003-08-14,2,11,17,18,20,27,10,32390628,mark6six_archive_crosscheck_hkjc,2026-07-15
03/072,2003-08-16,2,3,6,8,25,39,38,35645414,mark6six_archive_crosscheck_hkjc,2026-07-15
03/073,2003-08-19,13,16,20,30,36,47,24,33481895,mark6six_archive_crosscheck_hkjc,2026-07-15
03/074,2003-08-21,9,10,18,21,36,45,6,36299066,mark6six_archive_crosscheck_hkjc,2026-07-15
03/075,2003-08-23,8,14,31,33,36,42,34,28874341,mark6six_archive_crosscheck_hkjc,2026-07-15
03/076,2003-08-26,7,10,21,25,37,39,9,37859496,mark6six_archive_crosscheck_hkjc,2026-07-15
03/077,2003-08-28,5,6,27,28,36,41,47,30793083,mark6six_archive_crosscheck_hkjc,2026-07-15
03/078,2003-08-30,15,16,17,22,25,28,12,31497202,mark6six_archive_crosscheck_hkjc,2026-07-15
03/079,2003-09-04,1,4,17,26,38,44,11,48087726,mark6six_archive_crosscheck_hkjc,2026-07-15
03/080,2003-09-09,7,12,21,28,31,41,3,114024309,mark6six_archive_crosscheck_hkjc,2026-07-15
03/081,2003-09-12,1,5,21,28,35,41,38,121254874,mark6six_archive_crosscheck_hkjc,2026-07-15
03/082,2003-09-16,2,4,13,43,48,49,24,34064416,mark6six_archive_crosscheck_hkjc,2026-07-15
03/083,2003-09-18,4,5,14,18,28,31,24,39456172,mark6six_archive_crosscheck_hkjc,2026-07-15
03/084,2003-09-20,2,3,9,13,31,43,10,22790030,mark6six_archive_crosscheck_hkjc,2026-07-15
03/085,2003-09-23,2,13,20,22,39,49,41,39166604,mark6six_archive_crosscheck_hkjc,2026-07-15
03/086,2003-09-25,2,7,9,40,41,42,28,44914667,mark6six_archive_crosscheck_hkjc,2026-07-15
03/087,2003-09-30,10,18,24,27,28,38,21,66649795,mark6six_archive_crosscheck_hkjc,2026-07-15
03/088,2003-10-02,4,7,10,15,19,39,22,30275626,mark6six_archive_crosscheck_hkjc,2026-07-15
03/089,2003-10-04,8,23,31,33,41,47,38,29686409,mark6six_archive_crosscheck_hkjc,2026-07-15
03/090,2003-10-07,17,28,33,38,42,47,34,43616625,mark6six_archive_crosscheck_hkjc,2026-07-15
03/091,2003-10-09,19,23,31,40,44,47,3,52613608,mark6six_archive_crosscheck_hkjc,2026-07-15
03/092,2003-10-14,9,16,30,31,32,37,24,34727912,mark6six_archive_crosscheck_hkjc,2026-07-15
03/093,2003-10-16,6,27,36,38,43,49,40,30525435,mark6six_archive_crosscheck_hkjc,2026-07-15
03/094,2003-10-18,14,20,26,39,40,42,12,59674610,mark6six_archive_crosscheck_hkjc,2026-07-15
03/095,2003-10-21,24,25,35,41,44,47,38,32412604,mark6six_archive_crosscheck_hkjc,2026-07-15
03/096,2003-10-23,7,10,15,21,30,43,8,30496150,mark6six_archive_crosscheck_hkjc,2026-07-15
03/097,2003-10-28,7,21,25,42,47,49,1,39050103,mark6six_archive_crosscheck_hkjc,2026-07-15
03/098,2003-10-30,10,11,17,19,39,45,15,43277088,mark6six_archive_crosscheck_hkjc,2026-07-15
03/099,2003-11-01,4,8,12,15,23,33,36,23860464,mark6six_archive_crosscheck_hkjc,2026-07-15
03/100,2003-11-03,6,9,18,22,31,41,24,21663760,mark6six_archive_crosscheck_hkjc,2026-07-15
03/101,2003-11-06,5,6,14,27,28,49,42,39011276,mark6six_archive_crosscheck_hkjc,2026-07-15
03/102,2003-11-11,1,4,19,28,37,49,29,33661958,mark6six_archive_crosscheck_hkjc,2026-07-15
03/103,2003-11-14,25,28,29,37,44,48,43,37423807,mark6six_archive_crosscheck_hkjc,2026-07-15
03/104,2003-11-18,11,14,22,24,34,48,43,44012464,mark6six_archive_crosscheck_hkjc,2026-07-15
03/105,2003-11-20,18,25,31,34,35,37,5,49411226,mark6six_archive_crosscheck_hkjc,2026-07-15
03/106,2003-11-25,11,13,30,39,41,48,45,70640661,mark6six_archive_crosscheck_hkjc,2026-07-15
03/107,2003-11-27,7,10,15,38,45,49,22,28631701,mark6six_archive_crosscheck_hkjc,2026-07-15
03/108,2003-11-29,2,3,4,14,44,46,5,28861163,mark6six_archive_crosscheck_hkjc,2026-07-15
03/109,2003-12-02,8,12,18,23,41,48,19,31479433,mark6six_archive_crosscheck_hkjc,2026-07-15
03/110,2003-12-04,2,3,8,19,25,39,49,29883917,mark6six_archive_crosscheck_hkjc,2026-07-15
03/111,2003-12-09,10,15,20,31,35,48,14,33751884,mark6six_archive_crosscheck_hkjc,2026-07-15
03/112,2003-12-11,1,14,19,22,31,35,34,34296389,mark6six_archive_crosscheck_hkjc,2026-07-15
03/113,2003-12-13,6,13,22,29,33,42,11,24098972,mark6six_archive_crosscheck_hkjc,2026-07-15
03/114,2003-12-16,11,13,33,36,37,48,46,35372925,mark6six_archive_crosscheck_hkjc,2026-07-15
03/115,2003-12-18,23,24,31,33,42,44,27,28742983,mark6six_archive_crosscheck_hkjc,2026-07-15
03/116,2003-12-23,5,17,19,34,42,48,44,88868121,mark6six_archive_crosscheck_hkjc,2026-07-15
03/117,2003-12-30,1,22,36,38,39,47,27,37804382,mark6six_archive_crosscheck_hkjc,2026-07-15
04/001,2004-01-03,3,31,33,36,39,49,1,38148534,mark6six_archive_crosscheck_hkjc,2026-07-15
04/002,2004-01-06,7,14,17,22,29,43,36,32732911,mark6six_archive_crosscheck_hkjc,2026-07-15
04/003,2004-01-08,14,26,33,39,40,43,23,30072137,mark6six_archive_crosscheck_hkjc,2026-07-15
04/004,2004-01-13,30,34,39,43,48,49,6,39402191,mark6six_archive_crosscheck_hkjc,2026-07-15
04/005,2004-01-15,8,9,13,31,40,48,43,44342269,mark6six_archive_crosscheck_hkjc,2026-07-15
04/006,2004-01-17,3,5,19,26,32,49,1,26340557,mark6six_archive_crosscheck_hkjc,2026-07-15
04/007,2004-01-20,5,6,9,28,31,32,19,121412107,mark6six_archive_crosscheck_hkjc,2026-07-15
04/008,2004-01-27,10,13,18,29,40,41,4,40108537,mark6six_archive_crosscheck_hkjc,2026-07-15
04/009,2004-01-29,21,22,24,27,31,42,11,39873448,mark6six_archive_crosscheck_hkjc,2026-07-15
04/010,2004-01-31,1,29,30,32,41,46,8,26813010,mark6six_archive_crosscheck_hkjc,2026-07-15
04/011,2004-02-03,4,10,43,45,46,48,13,39499447,mark6six_archive_crosscheck_hkjc,2026-07-15
04/012,2004-02-05,12,22,29,35,43,48,38,30732120,mark6six_archive_crosscheck_hkjc,2026-07-15
04/013,2004-02-10,20,22,32,37,39,44,11,35260549,mark6six_archive_crosscheck_hkjc,2026-07-15
04/014,2004-02-12,9,17,21,22,31,32,4,30854666,mark6six_archive_crosscheck_hkjc,2026-07-15
04/015,2004-02-14,4,13,15,28,45,49,7,29501926,mark6six_archive_crosscheck_hkjc,2026-07-15
04/016,2004-02-17,7,15,20,28,38,41,37,48160692,mark6six_archive_crosscheck_hkjc,2026-07-15
04/017,2004-02-19,3,6,9,14,26,40,19,56997930,mark6six_archive_crosscheck_hkjc,2026-07-15
04/018,2004-02-21,7,22,24,25,40,41,1,24941333,mark6six_archive_crosscheck_hkjc,2026-07-15
04/019,2004-02-24,2,3,4,8,16,18,6,38308599,mark6six_archive_crosscheck_hkjc,2026-07-15
04/020,2004-02-26,1,9,14,39,45,48,3,30255329,mark6six_archive_crosscheck_hkjc,2026-07-15
04/021,2004-03-02,8,20,33,36,46,49,18,39611826,mark6six_archive_crosscheck_hkjc,2026-07-15
04/022,2004-03-04,1,19,20,34,42,43,15,30410833,mark6six_archive_crosscheck_hkjc,2026-07-15
04/023,2004-03-06,9,10,26,31,35,41,42,69913390,mark6six_archive_crosscheck_hkjc,2026-07-15
04/024,2004-03-09,10,21,26,30,31,42,48,31491934,mark6six_archive_crosscheck_hkjc,2026-07-15
04/025,2004-03-11,14,23,33,35,36,43,37,35815441,mark6six_archive_crosscheck_hkjc,2026-07-15
04/026,2004-03-16,7,10,18,23,37,39,17,49447784,mark6six_archive_crosscheck_hkjc,2026-07-15
04/027,2004-03-18,2,3,4,25,36,47,8,58048857,mark6six_archive_crosscheck_hkjc,2026-07-15
04/028,2004-03-20,6,21,28,36,44,49,32,71568124,mark6six_archive_crosscheck_hkjc,2026-07-15
04/029,2004-03-23,4,5,17,20,28,39,3,113175223,mark6six_archive_crosscheck_hkjc,2026-07-15
04/030,2004-03-25,7,10,13,21,22,23,35,29262292,mark6six_archive_crosscheck_hkjc,2026-07-15
04/031,2004-03-30,9,11,21,27,37,45,30,42128821,mark6six_archive_crosscheck_hkjc,2026-07-15
04/032,2004-04-02,11,12,13,22,26,31,10,87740437,mark6six_archive_crosscheck_hkjc,2026-07-15
04/033,2004-04-06,3,7,13,25,31,33,45,32239858,mark6six_archive_crosscheck_hkjc,2026-07-15
04/034,2004-04-08,1,7,13,32,37,48,26,37104798,mark6six_archive_crosscheck_hkjc,2026-07-15
04/035,2004-04-10,9,12,17,42,47,49,34,39867966,mark6six_archive_crosscheck_hkjc,2026-07-15
04/036,2004-04-13,1,23,24,30,47,49,42,58371332,mark6six_archive_crosscheck_hkjc,2026-07-15
04/037,2004-04-15,23,31,34,43,45,47,48,79185334,mark6six_archive_crosscheck_hkjc,2026-07-15
04/038,2004-04-20,6,9,12,19,22,25,17,36580922,mark6six_archive_crosscheck_hkjc,2026-07-15
04/039,2004-04-22,8,32,36,39,44,46,33,31481827,mark6six_archive_crosscheck_hkjc,2026-07-15
04/040,2004-04-24,24,30,39,43,44,48,23,82714714,mark6six_archive_crosscheck_hkjc,2026-07-15
04/041,2004-04-27,7,11,15,29,46,49,21,31623961,mark6six_archive_crosscheck_hkjc,2026-07-15
04/042,2004-04-29,4,19,26,30,31,34,37,36177294,mark6six_archive_crosscheck_hkjc,2026-07-15
04/043,2004-05-04,16,21,29,37,46,47,35,34430164,mark6six_archive_crosscheck_hkjc,2026-07-15
04/044,2004-05-06,8,28,33,36,38,47,2,30611950,mark6six_archive_crosscheck_hkjc,2026-07-15
04/045,2004-05-11,7,11,13,22,24,37,36,39221038,mark6six_archive_crosscheck_hkjc,2026-07-15
04/046,2004-05-13,9,13,21,37,40,48,12,42450480,mark6six_archive_crosscheck_hkjc,2026-07-15
04/047,2004-05-15,7,8,15,27,34,49,22,25041702,mark6six_archive_crosscheck_hkjc,2026-07-15
04/048,2004-05-18,10,21,23,30,43,49,3,39029115,mark6six_archive_crosscheck_hkjc,2026-07-15
04/049,2004-05-20,4,18,31,40,45,47,29,45522445,mark6six_archive_crosscheck_hkjc,2026-07-15
04/050,2004-05-25,14,23,27,37,40,45,39,70958099,mark6six_archive_crosscheck_hkjc,2026-07-15
04/051,2004-05-27,2,16,19,24,48,49,12,26966381,mark6six_archive_crosscheck_hkjc,2026-07-15
04/052,2004-05-29,3,10,20,27,40,46,9,29808036,mark6six_archive_crosscheck_hkjc,2026-07-15
04/053,2004-06-01,9,27,32,38,39,43,31,43780000,mark6six_archive_crosscheck_hkjc,2026-07-15
04/054,2004-06-03,13,33,37,40,41,47,48,51160029,mark6six_archive_crosscheck_hkjc,2026-07-15
04/055,2004-06-05,6,8,12,29,32,40,45,57963533,mark6six_archive_crosscheck_hkjc,2026-07-15
04/056,2004-06-08,7,18,28,29,37,49,12,91137145,mark6six_archive_crosscheck_hkjc,2026-07-15
04/057,2004-06-11,11,16,26,42,43,48,32,142762343,mark6six_archive_crosscheck_hkjc,2026-07-15
04/058,2004-06-15,3,7,13,20,36,48,47,83735146,mark6six_archive_crosscheck_hkjc,2026-07-15
04/059,2004-06-17,5,9,18,21,28,32,7,31704534,mark6six_archive_crosscheck_hkjc,2026-07-15
04/060,2004-06-19,28,34,38,41,46,48,36,27964027,mark6six_archive_crosscheck_hkjc,2026-07-15
04/061,2004-06-24,3,5,6,11,13,40,45,37085293,mark6six_archive_crosscheck_hkjc,2026-07-15
04/062,2004-06-26,7,21,23,29,33,44,9,32053180,mark6six_archive_crosscheck_hkjc,2026-07-15
04/063,2004-06-29,3,7,9,14,25,44,45,43523771,mark6six_archive_crosscheck_hkjc,2026-07-15
04/064,2004-07-01,11,25,32,33,37,42,31,44288905,mark6six_archive_crosscheck_hkjc,2026-07-15
04/065,2004-07-03,2,16,18,35,48,49,43,55919922,mark6six_archive_crosscheck_hkjc,2026-07-15
04/066,2004-07-06,9,22,37,40,42,48,26,32154865,mark6six_archive_crosscheck_hkjc,2026-07-15
04/067,2004-07-08,3,6,8,13,28,36,38,37942391,mark6six_archive_crosscheck_hkjc,2026-07-15
04/068,2004-07-10,1,6,7,12,36,42,34,28122571,mark6six_archive_crosscheck_hkjc,2026-07-15
04/069,2004-07-13,1,3,13,18,21,35,15,37395927,mark6six_archive_crosscheck_hkjc,2026-07-15
04/070,2004-07-15,6,30,31,37,38,43,24,41612733,mark6six_archive_crosscheck_hkjc,2026-07-15
04/071,2004-07-17,7,9,18,32,48,49,10,45047514,mark6six_archive_crosscheck_hkjc,2026-07-15
04/072,2004-07-20,6,8,12,21,32,43,25,68267276,mark6six_archive_crosscheck_hkjc,2026-07-15
04/073,2004-07-22,1,6,7,8,24,42,22,30127486,mark6six_archive_crosscheck_hkjc,2026-07-15
04/074,2004-07-24,10,18,22,34,36,37,15,29253994,mark6six_archive_crosscheck_hkjc,2026-07-15
04/075,2004-07-27,1,2,20,34,35,43,37,37614125,mark6six_archive_crosscheck_hkjc,2026-07-15
04/076,2004-07-29,1,16,26,31,35,36,38,42203531,mark6six_archive_crosscheck_hkjc,2026-07-15
04/077,2004-07-31,13,14,32,40,43,48,12,28591216,mark6six_archive_crosscheck_hkjc,2026-07-15
04/078,2004-08-03,7,14,27,29,37,49,9,39258709,mark6six_archive_crosscheck_hkjc,2026-07-15
04/079,2004-08-05,8,13,27,39,40,45,49,29933985,mark6six_archive_crosscheck_hkjc,2026-07-15
04/080,2004-08-07,8,16,27,39,40,48,14,33322992,mark6six_archive_crosscheck_hkjc,2026-07-15
04/081,2004-08-10,16,17,27,44,45,47,49,47347237,mark6six_archive_crosscheck_hkjc,2026-07-15
04/082,2004-08-12,19,21,22,34,48,49,42,29799294,mark6six_archive_crosscheck_hkjc,2026-07-15
04/083,2004-08-14,1,5,16,22,30,34,39,34308873,mark6six_archive_crosscheck_hkjc,2026-07-15
04/084,2004-08-17,27,29,30,39,40,42,47,45008383,mark6six_archive_crosscheck_hkjc,2026-07-15
04/085,2004-08-19,12,19,24,27,36,44,29,28887850,mark6six_archive_crosscheck_hkjc,2026-07-15
04/086,2004-08-21,14,23,26,28,36,37,40,31061669,mark6six_archive_crosscheck_hkjc,2026-07-15
04/087,2004-08-24,10,14,17,30,36,45,47,41732814,mark6six_archive_crosscheck_hkjc,2026-07-15
04/088,2004-08-26,2,9,19,30,36,37,41,49199584,mark6six_archive_crosscheck_hkjc,2026-07-15
04/089,2004-08-28,1,30,33,42,44,48,49,26394708,mark6six_archive_crosscheck_hkjc,2026-07-15
04/090,2004-08-31,5,16,17,18,23,27,10,37559834,mark6six_archive_crosscheck_hkjc,2026-07-15
04/091,2004-09-02,1,5,11,22,32,45,28,42491846,mark6six_archive_crosscheck_hkjc,2026-07-15
04/092,2004-09-04,15,17,18,21,28,37,40,49388459,mark6six_archive_crosscheck_hkjc,2026-07-15
04/093,2004-09-07,3,4,16,19,32,45,14,70041079,mark6six_archive_crosscheck_hkjc,2026-07-15
04/094,2004-09-10,20,23,27,38,40,47,33,107364963,mark6six_archive_crosscheck_hkjc,2026-07-15
04/095,2004-09-14,3,7,10,21,30,36,14,186239414,mark6six_archive_crosscheck_hkjc,2026-07-15
04/096,2004-09-16,11,12,18,20,27,42,16,30562285,mark6six_archive_crosscheck_hkjc,2026-07-15
04/097,2004-09-18,7,20,24,30,38,41,19,32726025,mark6six_archive_crosscheck_hkjc,2026-07-15
04/098,2004-09-21,1,3,30,33,35,42,12,33948000,mark6six_archive_crosscheck_hkjc,2026-07-15
04/099,2004-09-24,11,14,17,30,42,46,29,105735013,mark6six_archive_crosscheck_hkjc,2026-07-15
04/100,2004-09-26,7,15,17,28,40,41,10,21550692,mark6six_archive_crosscheck_hkjc,2026-07-15
04/101,2004-09-28,22,28,31,36,39,49,32,39083878,mark6six_archive_crosscheck_hkjc,2026-07-15
04/102,2004-09-30,12,13,14,20,23,28,22,28111453,mark6six_archive_crosscheck_hkjc,2026-07-15
04/103,2004-10-02,3,13,15,39,43,44,31,30533304,mark6six_archive_crosscheck_hkjc,2026-07-15
04/104,2004-10-05,4,12,14,22,46,48,23,45191455,mark6six_archive_crosscheck_hkjc,2026-07-15
04/105,2004-10-07,18,19,33,43,45,48,11,29146267,mark6six_archive_crosscheck_hkjc,2026-07-15
04/106,2004-10-10,4,16,24,26,32,39,6,30354254,mark6six_archive_crosscheck_hkjc,2026-07-15
04/107,2004-10-12,4,6,20,35,37,39,41,42629942,mark6six_archive_crosscheck_hkjc,2026-07-15
04/108,2004-10-14,7,17,27,29,30,34,36,51939050,mark6six_archive_crosscheck_hkjc,2026-07-15
04/109,2004-10-16,7,12,20,33,43,44,38,25687086,mark6six_archive_crosscheck_hkjc,2026-07-15
04/110,2004-10-19,5,17,21,27,31,41,6,30788464,mark6six_archive_crosscheck_hkjc,2026-07-15
04/111,2004-10-21,12,27,30,31,34,48,17,28282176,mark6six_archive_crosscheck_hkjc,2026-07-15
04/112,2004-10-24,11,15,24,25,26,33,42,29073790,mark6six_archive_crosscheck_hkjc,2026-07-15
04/113,2004-10-26,6,24,30,43,44,45,11,41816181,mark6six_archive_crosscheck_hkjc,2026-07-15
04/114,2004-10-28,1,12,26,27,36,49,21,50138473,mark6six_archive_crosscheck_hkjc,2026-07-15
04/115,2004-10-31,14,21,23,30,33,37,10,58717480,mark6six_archive_crosscheck_hkjc,2026-07-15
04/116,2004-11-04,7,18,19,25,42,45,41,36946956,mark6six_archive_crosscheck_hkjc,2026-07-15
04/117,2004-11-07,2,13,17,33,38,42,5,33604371,mark6six_archive_crosscheck_hkjc,2026-07-15
04/118,2004-11-09,2,5,12,21,30,31,6,42666040,mark6six_archive_crosscheck_hkjc,2026-07-15
04/119,2004-11-11,7,9,12,13,16,33,37,48875516,mark6six_archive_crosscheck_hkjc,2026-07-15
04/120,2004-11-13,7,9,22,38,39,49,48,53399187,mark6six_archive_crosscheck_hkjc,2026-07-15
04/121,2004-11-16,7,15,23,30,34,41,10,76296530,mark6six_archive_crosscheck_hkjc,2026-07-15
04/122,2004-11-18,3,11,12,13,26,28,31,90147537,mark6six_archive_crosscheck_hkjc,2026-07-15
04/123,2004-11-20,6,26,30,34,40,43,3,26494614,mark6six_archive_crosscheck_hkjc,2026-07-15
04/124,2004-11-23,10,15,16,21,25,38,24,31970211,mark6six_archive_crosscheck_hkjc,2026-07-15
04/125,2004-11-25,17,19,21,35,40,49,42,35102524,mark6six_archive_crosscheck_hkjc,2026-07-15
04/126,2004-11-27,9,21,28,30,34,44,10,38927236,mark6six_archive_crosscheck_hkjc,2026-07-15
04/127,2004-11-30,8,21,29,31,38,42,23,54960603,mark6six_archive_crosscheck_hkjc,2026-07-15
04/128,2004-12-02,3,9,10,27,31,36,26,29944642,mark6six_archive_crosscheck_hkjc,2026-07-15
04/129,2004-12-05,6,10,13,24,31,46,25,32782749,mark6six_archive_crosscheck_hkjc,2026-07-15
04/130,2004-12-07,16,25,26,42,44,48,20,44140982,mark6six_archive_crosscheck_hkjc,2026-07-15
04/131,2004-12-09,4,28,36,43,46,49,40,29319321,mark6six_archive_crosscheck_hkjc,2026-07-15
04/132,2004-12-11,3,9,31,36,37,45,19,31821923,mark6six_archive_crosscheck_hkjc,2026-07-15
04/133,2004-12-14,3,19,22,25,31,48,12,45510153,mark6six_archive_crosscheck_hkjc,2026-07-15
04/134,2004-12-17,6,11,14,26,46,47,40,96124388,mark6six_archive_crosscheck_hkjc,2026-07-15
04/135,2004-12-19,1,24,25,32,34,39,10,21969877,mark6six_archive_crosscheck_hkjc,2026-07-15
04/136,2004-12-21,2,20,36,45,48,49,21,35433860,mark6six_archive_crosscheck_hkjc,2026-07-15
04/137,2004-12-23,1,10,12,16,43,45,13,42777041,mark6six_archive_crosscheck_hkjc,2026-07-15
04/138,2004-12-25,2,15,28,30,37,41,31,44149003,mark6six_archive_crosscheck_hkjc,2026-07-15
04/139,2004-12-28,5,9,35,38,43,48,6,65922778,mark6six_archive_crosscheck_hkjc,2026-07-15
04/140,2004-12-30,17,20,28,34,38,47,14,28116538,mark6six_archive_crosscheck_hkjc,2026-07-15
05/001,2005-01-02,11,18,32,36,39,43,34,32954421,mark6six_archive_crosscheck_hkjc,2026-07-15
05/002,2005-01-04,4,5,6,8,20,38,35,30536616,mark6six_archive_crosscheck_hkjc,2026-07-15
05/003,2005-01-06,3,6,10,14,40,42,15,29409551,mark6six_archive_crosscheck_hkjc,2026-07-15
05/004,2005-01-09,10,30,38,42,45,49,27,31925457,mark6six_archive_crosscheck_hkjc,2026-07-15
05/005,2005-01-11,5,6,11,25,35,40,44,41037989,mark6six_archive_crosscheck_hkjc,2026-07-15
05/006,2005-01-13,16,24,27,30,42,46,17,47963800,mark6six_archive_crosscheck_hkjc,2026-07-15
05/007,2005-01-15,9,10,14,16,25,49,23,56599635,mark6six_archive_crosscheck_hkjc,2026-07-15
05/008,2005-01-18,5,13,18,20,21,26,11,34763887,mark6six_archive_crosscheck_hkjc,2026-07-15
05/009,2005-01-20,9,13,21,28,33,46,6,31039028,mark6six_archive_crosscheck_hkjc,2026-07-15
05/010,2005-01-22,5,7,13,19,35,46,24,32342613,mark6six_archive_crosscheck_hkjc,2026-07-15
05/011,2005-01-25,15,20,31,34,37,48,4,44669224,mark6six_archive_crosscheck_hkjc,2026-07-15
05/012,2005-01-27,3,6,7,15,26,35,40,50445522,mark6six_archive_crosscheck_hkjc,2026-07-15
05/013,2005-01-29,2,9,18,19,28,33,35,26291881,mark6six_archive_crosscheck_hkjc,2026-07-15
05/014,2005-02-01,9,18,23,33,44,49,29,32689880,mark6six_archive_crosscheck_hkjc,2026-07-15
05/015,2005-02-04,2,19,20,33,37,48,10,109078881,mark6six_archive_crosscheck_hkjc,2026-07-15
05/016,2005-02-07,9,21,36,38,43,49,23,135461637,mark6six_archive_crosscheck_hkjc,2026-07-15
05/017,2005-02-10,2,8,20,21,40,41,24,24258512,mark6six_archive_crosscheck_hkjc,2026-07-15
05/018,2005-02-12,11,13,16,19,25,32,26,34726463,mark6six_archive_crosscheck_hkjc,2026-07-15
05/019,2005-02-15,5,8,27,28,33,46,2,36403846,mark6six_archive_crosscheck_hkjc,2026-07-15
05/020,2005-02-17,8,13,16,42,45,47,33,38990538,mark6six_archive_crosscheck_hkjc,2026-07-15
05/021,2005-02-19,2,18,28,42,45,49,17,47333107,mark6six_archive_crosscheck_hkjc,2026-07-15
05/022,2005-02-22,2,16,20,32,35,41,24,33680734,mark6six_archive_crosscheck_hkjc,2026-07-15
05/023,2005-02-24,6,22,25,39,41,49,13,37673259,mark6six_archive_crosscheck_hkjc,2026-07-15
05/024,2005-02-26,1,16,36,41,42,44,18,42129167,mark6six_archive_crosscheck_hkjc,2026-07-15
05/025,2005-03-01,3,7,12,25,33,35,30,34805253,mark6six_archive_crosscheck_hkjc,2026-07-15
05/026,2005-03-03,2,5,25,31,40,43,22,37885140,mark6six_archive_crosscheck_hkjc,2026-07-15
05/027,2005-03-06,2,10,16,35,37,45,26,43233973,mark6six_archive_crosscheck_hkjc,2026-07-15
05/028,2005-03-08,4,8,17,39,47,48,1,57030265,mark6six_archive_crosscheck_hkjc,2026-07-15
05/029,2005-03-10,3,7,8,24,42,49,37,69756993,mark6six_archive_crosscheck_hkjc,2026-07-15
05/030,2005-03-12,3,6,8,11,28,31,19,26066667,mark6six_archive_crosscheck_hkjc,2026-07-15
05/031,2005-03-15,2,6,27,44,45,49,23,32321034,mark6six_archive_crosscheck_hkjc,2026-07-15
05/032 EAS,2005-03-18,2,22,25,30,44,48,46,79506344,mark6six_archive_crosscheck_hkjc,2026-07-15
05/033,2005-03-20,1,9,21,35,36,47,33,22903092,mark6six_archive_crosscheck_hkjc,2026-07-15
05/034,2005-03-22,2,9,10,13,15,24,19,34284968,mark6six_archive_crosscheck_hkjc,2026-07-15
05/035,2005-03-24,2,10,13,22,24,25,5,28398910,mark6six_archive_crosscheck_hkjc,2026-07-15
05/036,2005-03-27,2,5,10,14,29,37,3,25767428,mark6six_archive_crosscheck_hkjc,2026-07-15
05/037,2005-03-29,6,9,13,21,46,47,12,32296211,mark6six_archive_crosscheck_hkjc,2026-07-15
05/038,2005-03-31,2,12,14,38,39,43,48,40726293,mark6six_archive_crosscheck_hkjc,2026-07-15
05/039,2005-04-02,11,12,17,22,31,43,45,47162649,mark6six_archive_crosscheck_hkjc,2026-07-15
05/040,2005-04-05,10,15,25,29,34,37,13,65564891,mark6six_archive_crosscheck_hkjc,2026-07-15
05/041,2005-04-07,1,5,24,25,35,49,14,28944105,mark6six_archive_crosscheck_hkjc,2026-07-15
05/042,2005-04-10,3,5,14,40,46,49,6,27226926,mark6six_archive_crosscheck_hkjc,2026-07-15
05/043,2005-04-12,9,10,22,23,28,36,49,29381591,mark6six_archive_crosscheck_hkjc,2026-07-15
05/044,2005-04-14,12,17,33,43,45,47,10,29778063,mark6six_archive_crosscheck_hkjc,2026-07-15
05/045 SUS,2005-04-17,11,15,19,29,42,49,5,68021348,mark6six_archive_crosscheck_hkjc,2026-07-15
05/046,2005-04-19,4,9,22,30,33,35,13,27324283,mark6six_archive_crosscheck_hkjc,2026-07-15
05/047,2005-04-21,2,3,13,14,17,38,31,33487943,mark6six_archive_crosscheck_hkjc,2026-07-15
05/048,2005-04-23,3,9,27,31,38,45,34,36284498,mark6six_archive_crosscheck_hkjc,2026-07-15
05/049,2005-04-26,12,13,30,36,39,47,8,32186018,mark6six_archive_crosscheck_hkjc,2026-07-15
05/050,2005-04-28,2,8,22,36,38,40,5,34116543,mark6six_archive_crosscheck_hkjc,2026-07-15
05/051,2005-04-30,13,16,21,30,36,37,2,25424550,mark6six_archive_crosscheck_hkjc,2026-07-15
05/052,2005-05-03,2,8,16,25,33,37,1,35024626,mark6six_archive_crosscheck_hkjc,2026-07-15
05/053,2005-05-05,9,20,21,22,30,48,6,27966378,mark6six_archive_crosscheck_hkjc,2026-07-15
05/054,2005-05-08,7,9,10,21,39,49,41,33750443,mark6six_archive_crosscheck_hkjc,2026-07-15
05/055,2005-05-10,4,11,14,20,36,41,15,26893818,mark6six_archive_crosscheck_hkjc,2026-07-15
05/056,2005-05-12,2,14,16,23,35,38,47,27027648,mark6six_archive_crosscheck_hkjc,2026-07-15
05/057,2005-05-15,7,12,18,33,44,45,32,30410443,mark6six_archive_crosscheck_hkjc,2026-07-15
05/058,2005-05-17,3,14,17,32,39,42,8,25301754,mark6six_archive_crosscheck_hkjc,2026-07-15
05/059,2005-05-19,16,18,23,31,34,47,38,30885881,mark6six_archive_crosscheck_hkjc,2026-07-15
05/060,2005-05-22,5,6,10,16,20,21,19,36086140,mark6six_archive_crosscheck_hkjc,2026-07-15
05/061,2005-05-24,1,11,18,22,23,42,10,44765457,mark6six_archive_crosscheck_hkjc,2026-07-15
05/062,2005-05-26,12,33,39,43,45,49,10,26406072,mark6six_archive_crosscheck_hkjc,2026-07-15
05/063,2005-05-28,17,22,23,26,28,46,2,29194855,mark6six_archive_crosscheck_hkjc,2026-07-15
05/064,2005-05-31,11,16,17,19,24,43,13,44372359,mark6six_archive_crosscheck_hkjc,2026-07-15
05/065,2005-06-02,4,17,20,33,39,43,26,49922590,mark6six_archive_crosscheck_hkjc,2026-07-15
05/066,2005-06-04,4,20,32,39,40,42,33,60860944,mark6six_archive_crosscheck_hkjc,2026-07-15
05/067 DBF,2005-06-07,10,11,18,26,41,48,27,86221704,mark6six_archive_crosscheck_hkjc,2026-07-15
05/068,2005-06-09,3,13,27,29,36,37,24,95339237,mark6six_archive_crosscheck_hkjc,2026-07-15
05/069,2005-06-11,11,18,22,29,40,48,44,25776709,mark6six_archive_crosscheck_hkjc,2026-07-15
05/070,2005-06-14,2,5,7,18,22,48,11,40462569,mark6six_archive_crosscheck_hkjc,2026-07-15
05/071,2005-06-16,5,7,15,35,36,44,4,46296818,mark6six_archive_crosscheck_hkjc,2026-07-15
05/072,2005-06-19,6,15,18,25,26,47,27,55088070,mark6six_archive_crosscheck_hkjc,2026-07-15
05/073,2005-06-21,11,22,29,31,32,42,3,28296650,mark6six_archive_crosscheck_hkjc,2026-07-15
05/074,2005-06-23,2,21,29,38,44,48,10,34075855,mark6six_archive_crosscheck_hkjc,2026-07-15
05/075,2005-06-25,15,25,33,38,40,49,21,40520327,mark6six_archive_crosscheck_hkjc,2026-07-15
05/076,2005-06-28,1,23,25,30,32,46,42,53576071,mark6six_archive_crosscheck_hkjc,2026-07-15
05/077,2005-06-30,4,16,22,27,32,36,17,60958413,mark6six_archive_crosscheck_hkjc,2026-07-15
05/078,2005-07-02,2,4,23,32,43,45,42,74495567,mark6six_archive_crosscheck_hkjc,2026-07-15
05/079,2005-07-05,6,9,13,21,41,43,45,30689813,mark6six_archive_crosscheck_hkjc,2026-07-15
05/080,2005-07-07,4,22,24,30,31,34,17,30365847,mark6six_archive_crosscheck_hkjc,2026-07-15
05/081,2005-07-09,6,10,16,21,23,39,5,33993399,mark6six_archive_crosscheck_hkjc,2026-07-15
05/082,2005-07-12,6,7,18,22,30,34,2,43630720,mark6six_archive_crosscheck_hkjc,2026-07-15
05/083,2005-07-14,10,17,18,34,48,49,29,49536718,mark6six_archive_crosscheck_hkjc,2026-07-15
05/084,2005-07-16,5,6,17,35,39,49,44,56592701,mark6six_archive_crosscheck_hkjc,2026-07-15
05/085,2005-07-19,5,14,26,30,31,42,4,33111477,mark6six_archive_crosscheck_hkjc,2026-07-15
05/086,2005-07-21,8,13,15,28,29,48,3,35386489,mark6six_archive_crosscheck_hkjc,2026-07-15
05/087,2005-07-23,7,8,15,22,35,49,17,26726938,mark6six_archive_crosscheck_hkjc,2026-07-15
05/088,2005-07-26,6,12,14,25,27,30,8,110121070,mark6six_archive_crosscheck_hkjc,2026-07-15
05/089,2005-07-29,25,35,39,42,43,49,5,141718027,mark6six_archive_crosscheck_hkjc,2026-07-15
05/090,2005-07-31,5,13,14,33,45,46,25,24107684,mark6six_archive_crosscheck_hkjc,2026-07-15
05/091,2005-08-02,21,25,33,36,42,48,13,37998467,mark6six_archive_crosscheck_hkjc,2026-07-15
05/092,2005-08-04,1,7,19,27,38,47,3,46067837,mark6six_archive_crosscheck_hkjc,2026-07-15
05/093,2005-08-06,5,21,33,34,44,45,40,27779175,mark6six_archive_crosscheck_hkjc,2026-07-15
05/094,2005-08-09,9,13,22,35,38,39,4,31539099,mark6six_archive_crosscheck_hkjc,2026-07-15
05/095,2005-08-11,9,11,23,29,33,38,6,29508140,mark6six_archive_crosscheck_hkjc,2026-07-15
05/096,2005-08-13,9,13,32,38,48,49,41,26428596,mark6six_archive_crosscheck_hkjc,2026-07-15
05/097,2005-08-16,1,11,21,27,37,48,18,32613147,mark6six_archive_crosscheck_hkjc,2026-07-15
05/098,2005-08-18,2,19,24,39,41,49,21,27822746,mark6six_archive_crosscheck_hkjc,2026-07-15
05/099,2005-08-20,3,8,13,17,22,29,18,29041212,mark6six_archive_crosscheck_hkjc,2026-07-15
05/100,2005-08-23,1,3,14,26,36,47,42,30162895,mark6six_archive_crosscheck_hkjc,2026-07-15
05/101,2005-08-25,5,13,20,25,29,39,35,27586868,mark6six_archive_crosscheck_hkjc,2026-07-15
05/102,2005-08-27,1,3,20,23,33,37,14,26087761,mark6six_archive_crosscheck_hkjc,2026-07-15
05/103,2005-08-30,4,9,17,26,40,46,18,29587847,mark6six_archive_crosscheck_hkjc,2026-07-15
05/104,2005-09-01,4,14,19,21,24,48,10,31543987,mark6six_archive_crosscheck_hkjc,2026-07-15
05/105,2005-09-03,7,11,18,34,35,48,42,36004989,mark6six_archive_crosscheck_hkjc,2026-07-15
05/106,2005-09-06,9,15,20,23,39,41,44,48603639,mark6six_archive_crosscheck_hkjc,2026-07-15
05/107,2005-09-08,8,10,13,14,31,48,47,27308419,mark6six_archive_crosscheck_hkjc,2026-07-15
05/108,2005-09-10,1,4,19,33,34,40,25,29837500,mark6six_archive_crosscheck_hkjc,2026-07-15
05/109,2005-09-13,16,26,29,39,41,46,34,43895456,mark6six_archive_crosscheck_hkjc,2026-07-15
05/110 MAF,2005-09-16,22,24,28,33,34,42,48,111761632,mark6six_archive_crosscheck_hkjc,2026-07-15
05/111,2005-09-18,3,5,8,14,27,35,9,19761689,mark6six_archive_crosscheck_hkjc,2026-07-15
05/112,2005-09-20,4,5,21,26,37,47,7,31740517,mark6six_archive_crosscheck_hkjc,2026-07-15
05/113,2005-09-22,2,4,12,13,19,42,39,40828611,mark6six_archive_crosscheck_hkjc,2026-07-15
05/114,2005-09-25,1,6,14,19,26,30,17,45792104,mark6six_archive_crosscheck_hkjc,2026-07-15
05/115,2005-09-27,1,17,20,28,35,43,18,62721477,mark6six_archive_crosscheck_hkjc,2026-07-15
05/116,2005-09-30,11,14,20,24,25,35,33,104454578,mark6six_archive_crosscheck_hkjc,2026-07-15
05/117,2005-10-04,2,9,16,25,36,38,14,32597835,mark6six_archive_crosscheck_hkjc,2026-07-15
05/118,2005-10-06,23,26,27,29,30,45,18,35500668,mark6six_archive_crosscheck_hkjc,2026-07-15
05/119,2005-10-08,9,11,15,25,44,48,27,39699544,mark6six_archive_crosscheck_hkjc,2026-07-15
05/120,2005-10-11,8,9,16,24,29,48,5,51124756,mark6six_archive_crosscheck_hkjc,2026-07-15
05/121,2005-10-13,24,34,35,38,41,47,45,64426518,mark6six_archive_crosscheck_hkjc,2026-07-15
05/122,2005-10-15,3,14,17,41,46,47,20,85443354,mark6six_archive_crosscheck_hkjc,2026-07-15
05/123,2005-10-18,14,15,18,20,38,42,35,29757338,mark6six_archive_crosscheck_hkjc,2026-07-15
05/124,2005-10-20,6,10,22,30,43,44,29,34491114,mark6six_archive_crosscheck_hkjc,2026-07-15
05/125,2005-10-23,9,25,30,31,35,37,1,29051976,mark6six_archive_crosscheck_hkjc,2026-07-15
05/126,2005-10-25,3,12,26,30,39,41,25,34577075,mark6six_archive_crosscheck_hkjc,2026-07-15
05/127,2005-10-27,2,5,13,19,40,49,7,44142684,mark6six_archive_crosscheck_hkjc,2026-07-15
05/128,2005-10-29,8,10,11,24,31,37,38,25448172,mark6six_archive_crosscheck_hkjc,2026-07-15
05/129,2005-10-31,2,18,30,34,37,41,28,24168829,mark6six_archive_crosscheck_hkjc,2026-07-15
05/130,2005-11-03,1,3,10,31,34,35,27,45457427,mark6six_archive_crosscheck_hkjc,2026-07-15
05/131,2005-11-06,3,11,13,20,38,49,19,26815316,mark6six_archive_crosscheck_hkjc,2026-07-15
05/132,2005-11-08,3,10,13,35,48,49,33,34372301,mark6six_archive_crosscheck_hkjc,2026-07-15
05/133,2005-11-10,7,8,12,37,41,48,40,40343954,mark6six_archive_crosscheck_hkjc,2026-07-15
05/134,2005-11-12,1,13,21,22,24,40,27,25568170,mark6six_archive_crosscheck_hkjc,2026-07-15
05/135,2005-11-15,23,24,26,30,47,49,43,78345914,mark6six_archive_crosscheck_hkjc,2026-07-15
05/136,2005-11-17,4,9,10,14,15,49,5,26836978,mark6six_archive_crosscheck_hkjc,2026-07-15
05/137,2005-11-19,2,3,15,30,32,46,23,29621882,mark6six_archive_crosscheck_hkjc,2026-07-15
05/138,2005-11-22,12,23,25,31,44,45,3,41166985,mark6six_archive_crosscheck_hkjc,2026-07-15
05/139,2005-11-24,1,4,5,8,13,43,22,26871556,mark6six_archive_crosscheck_hkjc,2026-07-15
05/140,2005-11-26,3,16,25,37,38,45,18,24418475,mark6six_archive_crosscheck_hkjc,2026-07-15
05/141,2005-11-29,13,18,24,26,44,45,27,34065174,mark6six_archive_crosscheck_hkjc,2026-07-15
05/142,2005-12-01,10,32,33,38,41,47,6,39793828,mark6six_archive_crosscheck_hkjc,2026-07-15
05/143,2005-12-04,9,10,27,32,37,45,4,25859929,mark6six_archive_crosscheck_hkjc,2026-07-15
05/144,2005-12-06,1,2,3,7,14,15,11,33233856,mark6six_archive_crosscheck_hkjc,2026-07-15
05/145,2005-12-08,3,9,16,31,36,42,20,26626003,mark6six_archive_crosscheck_hkjc,2026-07-15
05/146,2005-12-10,2,9,22,32,35,41,20,28854947,mark6six_archive_crosscheck_hkjc,2026-07-15
05/147,2005-12-13,1,6,14,22,33,47,9,28225703,mark6six_archive_crosscheck_hkjc,2026-07-15
05/148,2005-12-15,12,14,19,27,34,43,24,26285954,mark6six_archive_crosscheck_hkjc,2026-07-15
05/149,2005-12-18,1,4,15,22,40,44,2,30637546,mark6six_archive_crosscheck_hkjc,2026-07-15
05/150 XMS,2005-12-20,9,16,19,20,30,43,44,90784905,mark6six_archive_crosscheck_hkjc,2026-07-15
05/151,2005-12-22,8,18,19,23,24,42,32,25742609,mark6six_archive_crosscheck_hkjc,2026-07-15
05/152,2005-12-24,6,10,19,20,22,36,3,29555274,mark6six_archive_crosscheck_hkjc,2026-07-15
05/153,2005-12-27,4,9,17,18,31,43,19,34383594,mark6six_archive_crosscheck_hkjc,2026-07-15
05/154,2005-12-29,9,11,21,22,24,41,33,46092704,mark6six_archive_crosscheck_hkjc,2026-07-15
05/155,2005-12-31,2,7,11,31,40,43,36,53640389,mark6six_archive_crosscheck_hkjc,2026-07-15
06/001,2006-01-03,17,23,24,25,26,38,47,79321881,mark6six_archive_crosscheck_hkjc,2026-07-15
06/002,2006-01-05,5,10,22,38,44,46,13,125348452,mark6six_archive_crosscheck_hkjc,2026-07-15
06/003,2006-01-08,1,10,26,28,38,42,43,27338656,mark6six_archive_crosscheck_hkjc,2026-07-15
06/004,2006-01-10,5,21,25,36,38,39,4,35756158,mark6six_archive_crosscheck_hkjc,2026-07-15
06/005,2006-01-12,15,24,25,27,36,37,35,46009958,mark6six_archive_crosscheck_hkjc,2026-07-15
06/006,2006-01-14,1,12,19,29,32,34,46,27719917,mark6six_archive_crosscheck_hkjc,2026-07-15
06/007,2006-01-17,11,13,25,29,38,47,12,38967770,mark6six_archive_crosscheck_hkjc,2026-07-15
06/008,2006-01-19,24,26,28,31,44,47,17,45780447,mark6six_archive_crosscheck_hkjc,2026-07-15
06/009,2006-01-21,1,7,20,34,40,45,22,51774572,mark6six_archive_crosscheck_hkjc,2026-07-15
06/010 CNY,2006-01-24,6,14,28,31,33,35,26,137635582,mark6six_archive_crosscheck_hkjc,2026-07-15
06/011,2006-01-26,18,22,23,27,28,43,35,30503882,mark6six_archive_crosscheck_hkjc,2026-07-15
06/012,2006-01-28,16,22,27,30,39,41,40,35539044,mark6six_archive_crosscheck_hkjc,2026-07-15
06/013,2006-01-30,9,21,22,33,35,48,43,38003737,mark6six_archive_crosscheck_hkjc,2026-07-15
06/014,2006-02-02,3,4,5,20,23,37,38,62466078,mark6six_archive_crosscheck_hkjc,2026-07-15
06/015,2006-02-04,19,34,39,40,41,45,23,30446888,mark6six_archive_crosscheck_hkjc,2026-07-15
06/016,2006-02-07,5,12,15,24,40,41,44,34613128,mark6six_archive_crosscheck_hkjc,2026-07-15
06/017,2006-02-09,3,6,13,29,39,49,9,37497345,mark6six_archive_crosscheck_hkjc,2026-07-15
06/018,2006-02-12,12,15,26,30,41,45,4,30352387,mark6six_archive_crosscheck_hkjc,2026-07-15
06/019,2006-02-14,7,22,32,34,42,43,6,36114861,mark6six_archive_crosscheck_hkjc,2026-07-15
06/020,2006-02-16,3,12,16,22,29,34,30,42615645,mark6six_archive_crosscheck_hkjc,2026-07-15
06/021,2006-02-18,10,12,14,28,42,46,37,50725965,mark6six_archive_crosscheck_hkjc,2026-07-15
06/022,2006-02-21,7,15,24,31,36,49,40,79300127,mark6six_archive_crosscheck_hkjc,2026-07-15
06/023,2006-02-23,18,31,35,39,40,43,10,29426919,mark6six_archive_crosscheck_hkjc,2026-07-15
06/024,2006-02-25,13,18,22,31,34,37,19,27262651,mark6six_archive_crosscheck_hkjc,2026-07-15
06/025,2006-02-28,10,14,23,25,27,40,37,31259020,mark6six_archive_crosscheck_hkjc,2026-07-15
06/026,2006-03-02,1,5,14,22,29,43,20,34758853,mark6six_archive_crosscheck_hkjc,2026-07-15
06/027,2006-03-05,1,7,14,15,22,45,24,40334760,mark6six_archive_crosscheck_hkjc,2026-07-15
06/028,2006-03-07,2,11,30,42,48,49,36,59105343,mark6six_archive_crosscheck_hkjc,2026-07-15
06/029,2006-03-09,9,19,20,30,39,40,10,29149654,mark6six_archive_crosscheck_hkjc,2026-07-15
06/030,2006-03-11,1,13,14,19,21,30,40,26738743,mark6six_archive_crosscheck_hkjc,2026-07-15
06/031,2006-03-14,7,12,13,25,39,48,9,35843651,mark6six_archive_crosscheck_hkjc,2026-07-15
06/032,2006-03-16,4,27,33,37,42,49,36,40651629,mark6six_archive_crosscheck_hkjc,2026-07-15
06/033,2006-03-18,1,6,13,30,33,43,9,51270178,mark6six_archive_crosscheck_hkjc,2026-07-15
06/034,2006-03-21,4,8,16,22,23,43,18,30414182,mark6six_archive_crosscheck_hkjc,2026-07-15
06/035,2006-03-23,3,7,18,20,26,32,10,27662202,mark6six_archive_crosscheck_hkjc,2026-07-15
06/036,2006-03-25,26,32,36,42,43,45,44,32049576,mark6six_archive_crosscheck_hkjc,2026-07-15
06/037,2006-03-28,1,3,10,15,21,28,37,43878713,mark6six_archive_crosscheck_hkjc,2026-07-15
06/038,2006-03-30,2,12,17,19,30,33,23,27578333,mark6six_archive_crosscheck_hkjc,2026-07-15
06/039,2006-04-02,8,12,25,29,39,45,44,28424974,mark6six_archive_crosscheck_hkjc,2026-07-15
06/040,2006-04-04,7,11,14,35,38,43,26,33921590,mark6six_archive_crosscheck_hkjc,2026-07-15
06/041 EAS,2006-04-07,10,11,16,29,30,35,28,89924785,mark6six_archive_crosscheck_hkjc,2026-07-15
06/042,2006-04-09,18,28,34,44,45,47,8,22283223,mark6six_archive_crosscheck_hkjc,2026-07-15
06/043,2006-04-11,5,21,26,30,36,41,17,27415600,mark6six_archive_crosscheck_hkjc,2026-07-15
06/044,2006-04-13,13,28,32,39,44,49,48,26473428,mark6six_archive_crosscheck_hkjc,2026-07-15
06/045,2006-04-16,9,11,20,22,29,38,37,30881806,mark6six_archive_crosscheck_hkjc,2026-07-15
06/046,2006-04-18,11,14,27,28,38,44,12,25899312,mark6six_archive_crosscheck_hkjc,2026-07-15
06/047,2006-04-20,2,9,12,16,37,40,19,31688975,mark6six_archive_crosscheck_hkjc,2026-07-15
06/048,2006-04-22,6,8,11,28,42,46,31,25746153,mark6six_archive_crosscheck_hkjc,2026-07-15
06/049,2006-04-25,2,24,26,29,32,33,6,35770164,mark6six_archive_crosscheck_hkjc,2026-07-15
06/050,2006-04-27,1,7,8,30,34,37,41,40399554,mark6six_archive_crosscheck_hkjc,2026-07-15
06/051,2006-04-29,6,10,19,24,28,47,22,24090008,mark6six_archive_crosscheck_hkjc,2026-07-15
06/052,2006-05-02,3,13,18,27,33,45,29,28652881,mark6six_archive_crosscheck_hkjc,2026-07-15
06/053,2006-05-04,2,3,32,46,47,48,35,26460693,mark6six_archive_crosscheck_hkjc,2026-07-15
06/054,2006-05-06,5,17,23,28,31,32,18,27886515,mark6six_archive_crosscheck_hkjc,2026-07-15
06/055,2006-05-09,18,22,24,25,26,43,23,28150634,mark6six_archive_crosscheck_hkjc,2026-07-15
06/056,2006-05-11,7,12,15,27,29,49,36,26305894,mark6six_archive_crosscheck_hkjc,2026-07-15
06/057,2006-05-14,1,7,14,23,45,48,43,25826330,mark6six_archive_crosscheck_hkjc,2026-07-15
06/058,2006-05-16,23,26,35,36,39,43,5,30060226,mark6six_archive_crosscheck_hkjc,2026-07-15
06/059,2006-05-18,11,23,31,32,33,40,49,37011614,mark6six_archive_crosscheck_hkjc,2026-07-15
06/060,2006-05-20,15,20,38,41,44,46,34,25441573,mark6six_archive_crosscheck_hkjc,2026-07-15
06/061,2006-05-23,1,14,28,41,45,47,29,33158822,mark6six_archive_crosscheck_hkjc,2026-07-15
06/062,2006-05-25,9,27,29,38,39,40,47,42799121,mark6six_archive_crosscheck_hkjc,2026-07-15
06/063,2006-05-27,1,22,34,35,36,47,7,25024869,mark6six_archive_crosscheck_hkjc,2026-07-15
06/064 DBF,2006-05-30,10,16,21,30,33,48,19,100009487,mark6six_archive_crosscheck_hkjc,2026-07-15
06/065,2006-06-01,12,17,24,35,44,46,10,24806406,mark6six_archive_crosscheck_hkjc,2026-07-15
06/066,2006-06-03,5,9,16,29,36,47,17,29062035,mark6six_archive_crosscheck_hkjc,2026-07-15
06/067,2006-06-06,2,9,29,31,42,49,5,42160723,mark6six_archive_crosscheck_hkjc,2026-07-15
06/068,2006-06-08,17,34,36,41,46,48,26,57418678,mark6six_archive_crosscheck_hkjc,2026-07-15
06/069,2006-06-11,3,5,7,18,40,45,15,25221878,mark6six_archive_crosscheck_hkjc,2026-07-15
06/070,2006-06-13,2,6,17,33,42,45,13,32871511,mark6six_archive_crosscheck_hkjc,2026-07-15
06/071,2006-06-15,4,15,16,22,24,45,2,40993663,mark6six_archive_crosscheck_hkjc,2026-07-15
06/072,2006-06-18,5,6,7,18,27,35,19,56289236,mark6six_archive_crosscheck_hkjc,2026-07-15
06/073,2006-06-20,4,5,17,39,40,42,3,26837501,mark6six_archive_crosscheck_hkjc,2026-07-15
06/074,2006-06-22,4,5,33,36,48,49,2,33578323,mark6six_archive_crosscheck_hkjc,2026-07-15
06/075,2006-06-24,18,21,32,33,36,37,6,37425583,mark6six_archive_crosscheck_hkjc,2026-07-15
06/076,2006-06-27,10,12,21,26,27,49,14,58685421,mark6six_archive_crosscheck_hkjc,2026-07-15
06/077,2006-06-29,2,3,13,17,19,36,47,26516772,mark6six_archive_crosscheck_hkjc,2026-07-15
06/078,2006-07-01,4,13,30,42,47,48,40,24249984,mark6six_archive_crosscheck_hkjc,2026-07-15
06/079,2006-07-04,1,4,5,13,14,19,18,35539772,mark6six_archive_crosscheck_hkjc,2026-07-15
06/080,2006-07-06,1,7,9,16,21,49,12,27437311,mark6six_archive_crosscheck_hkjc,2026-07-15
06/081,2006-07-08,2,6,10,13,30,33,40,30021588,mark6six_archive_crosscheck_hkjc,2026-07-15
06/082,2006-07-11,1,30,34,42,45,46,8,29009449,mark6six_archive_crosscheck_hkjc,2026-07-15
06/083,2006-07-13,1,8,9,10,34,36,17,32906374,mark6six_archive_crosscheck_hkjc,2026-07-15
06/084,2006-07-15,9,20,23,34,35,45,15,24586072,mark6six_archive_crosscheck_hkjc,2026-07-15
06/085,2006-07-18,10,13,22,27,32,39,43,27900980,mark6six_archive_crosscheck_hkjc,2026-07-15
06/086,2006-07-20,6,13,15,26,30,33,16,31184152,mark6six_archive_crosscheck_hkjc,2026-07-15
06/087,2006-07-22,2,6,16,20,23,24,19,32112272,mark6six_archive_crosscheck_hkjc,2026-07-15
06/088 SMR,2006-07-25,10,16,23,34,38,41,5,82718479,mark6six_archive_crosscheck_hkjc,2026-07-15
06/089,2006-07-27,1,19,21,31,43,47,18,25386422,mark6six_archive_crosscheck_hkjc,2026-07-15
06/090,2006-07-29,2,23,29,34,35,37,41,28359520,mark6six_archive_crosscheck_hkjc,2026-07-15
06/091,2006-08-01,7,10,20,30,34,46,19,41488605,mark6six_archive_crosscheck_hkjc,2026-07-15
06/092,2006-08-03,9,10,16,19,32,45,18,24050545,mark6six_archive_crosscheck_hkjc,2026-07-15
06/093,2006-08-05,1,8,11,14,16,45,41,30793910,mark6six_archive_crosscheck_hkjc,2026-07-15
06/094,2006-08-08,10,20,24,28,32,49,9,42052589,mark6six_archive_crosscheck_hkjc,2026-07-15
06/095,2006-08-10,12,15,18,23,35,38,33,50700470,mark6six_archive_crosscheck_hkjc,2026-07-15
06/096,2006-08-12,2,13,18,26,28,43,41,70043866,mark6six_archive_crosscheck_hkjc,2026-07-15
06/097,2006-08-15,8,18,21,23,30,47,10,107407355,mark6six_archive_crosscheck_hkjc,2026-07-15
06/098,2006-08-17,10,17,19,27,37,38,26,147517256,mark6six_archive_crosscheck_hkjc,2026-07-15
06/099,2006-08-19,3,25,27,28,43,45,42,26041340,mark6six_archive_crosscheck_hkjc,2026-07-15
06/100,2006-08-22,8,18,22,34,48,49,33,36946429,mark6six_archive_crosscheck_hkjc,2026-07-15
06/101,2006-08-24,3,11,14,21,40,45,8,28072564,mark6six_archive_crosscheck_hkjc,2026-07-15
06/102,2006-08-26,27,29,31,36,39,43,23,33518306,mark6six_archive_crosscheck_hkjc,2026-07-15
06/103,2006-08-29,14,34,37,40,48,49,30,29483831,mark6six_archive_crosscheck_hkjc,2026-07-15
06/104,2006-08-31,4,26,30,35,45,46,20,33479920,mark6six_archive_crosscheck_hkjc,2026-07-15
06/105,2006-09-02,3,16,17,34,46,48,41,26288756,mark6six_archive_crosscheck_hkjc,2026-07-15
06/106,2006-09-05,4,8,14,22,41,48,39,37656338,mark6six_archive_crosscheck_hkjc,2026-07-15
06/107,2006-09-07,5,8,15,25,33,48,11,27466609,mark6six_archive_crosscheck_hkjc,2026-07-15
06/108,2006-09-09,8,12,14,17,23,25,10,24236371,mark6six_archive_crosscheck_hkjc,2026-07-15
06/109,2006-09-12,2,32,40,41,43,45,30,32847076,mark6six_archive_crosscheck_hkjc,2026-07-15
06/110,2006-09-14,12,26,27,28,32,46,47,37086919,mark6six_archive_crosscheck_hkjc,2026-07-15
06/111,2006-09-17,5,11,14,20,22,41,33,24880950,mark6six_archive_crosscheck_hkjc,2026-07-15
06/112,2006-09-19,3,11,22,25,27,33,21,31689883,mark6six_archive_crosscheck_hkjc,2026-07-15
06/113,2006-09-21,1,22,33,40,43,48,35,38765483,mark6six_archive_crosscheck_hkjc,2026-07-15
06/114,2006-09-23,3,13,20,34,37,40,11,42720058,mark6six_archive_crosscheck_hkjc,2026-07-15
06/115 MAF,2006-09-26,7,9,15,18,32,43,8,112391989,mark6six_archive_crosscheck_hkjc,2026-07-15
06/116,2006-09-28,5,15,22,30,42,49,37,128435157,mark6six_archive_crosscheck_hkjc,2026-07-15
06/117,2006-09-30,1,2,4,11,12,23,6,24296521,mark6six_archive_crosscheck_hkjc,2026-07-15
06/118,2006-10-03,1,5,9,19,35,45,30,34365781,mark6six_archive_crosscheck_hkjc,2026-07-15
06/119,2006-10-05,5,9,16,32,35,42,4,44446235,mark6six_archive_crosscheck_hkjc,2026-07-15
06/120,2006-10-08,1,4,17,22,27,28,15,26740048,mark6six_archive_crosscheck_hkjc,2026-07-15
06/121,2006-10-10,6,8,22,39,40,47,17,29660423,mark6six_archive_crosscheck_hkjc,2026-07-15
06/122,2006-10-12,5,9,10,22,26,38,39,35087608,mark6six_archive_crosscheck_hkjc,2026-07-15
06/123,2006-10-14,3,16,20,36,41,49,45,38097864,mark6six_archive_crosscheck_hkjc,2026-07-15
06/124,2006-10-17,5,22,29,33,36,40,32,57801329,mark6six_archive_crosscheck_hkjc,2026-07-15
06/125,2006-10-19,9,11,15,29,35,44,18,79847114,mark6six_archive_crosscheck_hkjc,2026-07-15
06/126,2006-10-22,3,18,24,26,42,43,16,99660931,mark6six_archive_crosscheck_hkjc,2026-07-15
06/127,2006-10-24,12,28,29,30,44,48,34,130729430,mark6six_archive_crosscheck_hkjc,2026-07-15
06/128,2006-10-26,5,8,13,17,26,41,22,27702784,mark6six_archive_crosscheck_hkjc,2026-07-15
06/129,2006-10-28,7,28,33,35,42,44,41,31988642,mark6six_archive_crosscheck_hkjc,2026-07-15
06/130,2006-10-31,1,6,13,28,35,44,30,44418674,mark6six_archive_crosscheck_hkjc,2026-07-15
06/131,2006-11-02,5,7,28,35,36,39,31,28527847,mark6six_archive_crosscheck_hkjc,2026-07-15
06/132,2006-11-05,11,22,38,41,42,45,20,29014115,mark6six_archive_crosscheck_hkjc,2026-07-15
06/133,2006-11-09,2,21,22,34,36,38,45,44710080,mark6six_archive_crosscheck_hkjc,2026-07-15
06/134,2006-11-11,10,13,18,21,31,48,17,40267345,mark6six_archive_crosscheck_hkjc,2026-07-15
06/135 STE,2006-11-14,8,14,20,34,36,49,46,84307017,mark6six_archive_crosscheck_hkjc,2026-07-15
06/136,2006-11-16,3,10,12,32,35,44,41,27329783,mark6six_archive_crosscheck_hkjc,2026-07-15
06/137,2006-11-18,10,11,14,34,40,49,43,30664141,mark6six_archive_crosscheck_hkjc,2026-07-15
06/138,2006-11-21,3,7,16,26,31,35,18,27907588,mark6six_archive_crosscheck_hkjc,2026-07-15
06/139,2006-11-23,6,10,19,32,41,49,5,32490459,mark6six_archive_crosscheck_hkjc,2026-07-15
06/140,2006-11-25,7,18,30,35,36,49,29,36300349,mark6six_archive_crosscheck_hkjc,2026-07-15
06/141,2006-11-28,6,10,21,23,35,36,8,28680105,mark6six_archive_crosscheck_hkjc,2026-07-15
06/142,2006-11-30,5,8,9,27,31,35,15,26888231,mark6six_archive_crosscheck_hkjc,2026-07-15
06/143,2006-12-03,10,22,25,32,34,44,30,31181034,mark6six_archive_crosscheck_hkjc,2026-07-15
06/144,2006-12-05,20,21,38,41,45,46,14,39157823,mark6six_archive_crosscheck_hkjc,2026-07-15
06/145,2006-12-07,5,8,10,27,34,40,47,26483983,mark6six_archive_crosscheck_hkjc,2026-07-15
06/146,2006-12-09,21,22,24,28,43,48,44,29616221,mark6six_archive_crosscheck_hkjc,2026-07-15
06/147,2006-12-12,6,15,26,30,39,41,14,42276261,mark6six_archive_crosscheck_hkjc,2026-07-15
06/148,2006-12-14,2,14,15,29,37,47,45,25798614,mark6six_archive_crosscheck_hkjc,2026-07-15
06/149,2006-12-17,9,13,17,21,22,33,41,31534837,mark6six_archive_crosscheck_hkjc,2026-07-15
06/150 XMS,2006-12-19,5,11,17,32,33,48,4,97282229,mark6six_archive_crosscheck_hkjc,2026-07-15
06/151,2006-12-21,5,28,35,46,48,49,11,25866714,mark6six_archive_crosscheck_hkjc,2026-07-15
06/152,2006-12-24,16,29,31,34,39,42,41,28166881,mark6six_archive_crosscheck_hkjc,2026-07-15
06/153,2006-12-28,3,11,14,20,27,44,43,39240398,mark6six_archive_crosscheck_hkjc,2026-07-15
06/154,2006-12-30,5,6,7,21,30,40,42,40511838,mark6six_archive_crosscheck_hkjc,2026-07-15
07/001,2007-01-02,6,12,14,30,32,38,41,28135910,mark6six_archive_crosscheck_hkjc,2026-07-15
07/002,2007-01-04,7,8,33,40,42,49,13,33500698,mark6six_archive_crosscheck_hkjc,2026-07-15
07/003,2007-01-06,3,17,33,38,43,49,14,25931583,mark6six_archive_crosscheck_hkjc,2026-07-15
07/004,2007-01-09,11,14,16,19,34,43,48,34130644,mark6six_archive_crosscheck_hkjc,2026-07-15
07/005,2007-01-11,1,2,10,27,40,41,43,41331518,mark6six_archive_crosscheck_hkjc,2026-07-15
07/006,2007-01-13,6,7,25,28,38,45,16,53275959,mark6six_archive_crosscheck_hkjc,2026-07-15
07/007,2007-01-16,4,14,23,25,38,42,10,83635196,mark6six_archive_crosscheck_hkjc,2026-07-15
07/008,2007-01-18,7,10,33,39,48,49,42,26789750,mark6six_archive_crosscheck_hkjc,2026-07-15
07/009,2007-01-21,9,18,26,28,36,44,19,26914783,mark6six_archive_crosscheck_hkjc,2026-07-15
07/010,2007-01-23,6,19,25,31,32,35,15,33119348,mark6six_archive_crosscheck_hkjc,2026-07-15
07/011,2007-01-25,5,6,23,24,38,48,30,40968068,mark6six_archive_crosscheck_hkjc,2026-07-15
07/012,2007-01-27,11,25,26,36,39,41,16,24920557,mark6six_archive_crosscheck_hkjc,2026-07-15
07/013,2007-01-30,9,11,12,14,18,24,38,29132568,mark6six_archive_crosscheck_hkjc,2026-07-15
07/014,2007-02-01,8,13,32,33,39,47,17,28493788,mark6six_archive_crosscheck_hkjc,2026-07-15
07/015,2007-02-03,6,11,12,19,27,39,28,26199733,mark6six_archive_crosscheck_hkjc,2026-07-15
07/016 CNY,2007-02-06,11,12,19,22,42,47,36,123477246,mark6six_archive_crosscheck_hkjc,2026-07-15
07/017,2007-02-08,9,24,26,27,37,44,3,27402403,mark6six_archive_crosscheck_hkjc,2026-07-15
07/018,2007-02-11,11,22,25,32,41,45,1,33095179,mark6six_archive_crosscheck_hkjc,2026-07-15
07/019,2007-02-13,3,13,14,21,22,32,7,43342515,mark6six_archive_crosscheck_hkjc,2026-07-15
07/020,2007-02-15,7,15,17,38,45,48,46,61602667,mark6six_archive_crosscheck_hkjc,2026-07-15
07/021,2007-02-17,9,16,17,28,33,42,29,27207382,mark6six_archive_crosscheck_hkjc,2026-07-15
07/022,2007-02-19,4,17,18,35,37,47,32,21562725,mark6six_archive_crosscheck_hkjc,2026-07-15
07/023,2007-02-22,2,8,11,18,32,39,46,40826402,mark6six_archive_crosscheck_hkjc,2026-07-15
07/024,2007-02-24,7,9,22,24,32,36,8,43771975,mark6six_archive_crosscheck_hkjc,2026-07-15
07/025,2007-02-27,9,10,16,30,38,41,2,32568893,mark6six_archive_crosscheck_hkjc,2026-07-15
07/026,2007-03-01,16,18,25,29,33,43,41,35343817,mark6six_archive_crosscheck_hkjc,2026-07-15
07/027,2007-03-03,4,10,30,35,43,46,14,40961213,mark6six_archive_crosscheck_hkjc,2026-07-15
07/028,2007-03-06,5,8,22,27,32,41,45,30948979,mark6six_archive_crosscheck_hkjc,2026-07-15
07/029,2007-03-08,6,12,16,25,33,49,48,28667966,mark6six_archive_crosscheck_hkjc,2026-07-15
07/030,2007-03-11,2,7,16,30,37,39,20,32853916,mark6six_archive_crosscheck_hkjc,2026-07-15
07/031,2007-03-13,1,4,12,35,39,46,14,43789883,mark6six_archive_crosscheck_hkjc,2026-07-15
07/032,2007-03-15,1,14,39,40,45,49,42,59866231,mark6six_archive_crosscheck_hkjc,2026-07-15
07/033,2007-03-17,21,23,26,36,45,49,2,24932078,mark6six_archive_crosscheck_hkjc,2026-07-15
07/034,2007-03-20,1,11,23,37,42,43,24,37431593,mark6six_archive_crosscheck_hkjc,2026-07-15
07/035,2007-03-22,6,9,12,15,43,47,49,44016720,mark6six_archive_crosscheck_hkjc,2026-07-15
07/036,2007-03-24,2,5,6,12,22,40,24,52263535,mark6six_archive_crosscheck_hkjc,2026-07-15
07/037 EAS,2007-03-27,12,21,24,32,36,46,13,88665715,mark6six_archive_crosscheck_hkjc,2026-07-15
07/038,2007-03-29,2,22,23,40,44,45,32,26867023,mark6six_archive_crosscheck_hkjc,2026-07-15
07/039,2007-04-01,16,17,21,28,38,45,10,32756438,mark6six_archive_crosscheck_hkjc,2026-07-15
07/040,2007-04-03,9,22,30,41,42,48,49,26756586,mark6six_archive_crosscheck_hkjc,2026-07-15
07/041,2007-04-05,13,33,35,39,40,48,27,24128532,mark6six_archive_crosscheck_hkjc,2026-07-15
07/042,2007-04-07,5,7,8,23,36,41,24,27208518,mark6six_archive_crosscheck_hkjc,2026-07-15
07/043,2007-04-10,6,9,13,31,40,45,47,36092590,mark6six_archive_crosscheck_hkjc,2026-07-15
07/044,2007-04-12,4,8,24,27,35,45,15,51862717,mark6six_archive_crosscheck_hkjc,2026-07-15
07/045,2007-04-15,11,14,19,35,44,49,10,26626032,mark6six_archive_crosscheck_hkjc,2026-07-15
07/046,2007-04-17,2,20,40,43,45,49,38,26877024,mark6six_archive_crosscheck_hkjc,2026-07-15
07/047,2007-04-19,7,9,15,29,32,48,38,32545192,mark6six_archive_crosscheck_hkjc,2026-07-15
07/048,2007-04-21,19,27,41,42,44,49,20,36721143,mark6six_archive_crosscheck_hkjc,2026-07-15
07/049,2007-04-24,4,6,7,14,19,37,9,56524532,mark6six_archive_crosscheck_hkjc,2026-07-15
07/050,2007-04-26,17,22,24,35,37,40,11,76816623,mark6six_archive_crosscheck_hkjc,2026-07-15
07/051,2007-04-30,10,11,18,27,38,44,37,120178547,mark6six_archive_crosscheck_hkjc,2026-07-15
07/052,2007-05-03,3,17,32,44,46,47,33,166671183,mark6six_archive_crosscheck_hkjc,2026-07-15
07/053,2007-05-05,7,9,11,20,45,49,42,27556174,mark6six_archive_crosscheck_hkjc,2026-07-15
07/054 STE,2007-05-08,11,20,23,30,46,48,22,93653315,mark6six_archive_crosscheck_hkjc,2026-07-15
07/055,2007-05-10,4,6,12,14,41,46,15,29558549,mark6six_archive_crosscheck_hkjc,2026-07-15
07/056,2007-05-13,14,16,25,28,36,38,40,29750892,mark6six_archive_crosscheck_hkjc,2026-07-15
07/057,2007-05-15,12,30,33,36,42,43,15,30116229,mark6six_archive_crosscheck_hkjc,2026-07-15
07/058,2007-05-17,4,5,14,27,37,39,35,37573491,mark6six_archive_crosscheck_hkjc,2026-07-15
07/059,2007-05-19,21,24,31,36,38,46,43,39075791,mark6six_archive_crosscheck_hkjc,2026-07-15
07/060,2007-05-22,20,21,23,28,38,40,13,61323426,mark6six_archive_crosscheck_hkjc,2026-07-15
07/061,2007-05-26,23,24,26,29,36,41,12,31114430,mark6six_archive_crosscheck_hkjc,2026-07-15
07/062,2007-05-29,2,8,12,25,29,46,7,29255131,mark6six_archive_crosscheck_hkjc,2026-07-15
07/063,2007-05-31,1,4,7,20,25,38,17,32579819,mark6six_archive_crosscheck_hkjc,2026-07-15
07/064,2007-06-02,16,20,26,27,42,46,32,36223786,mark6six_archive_crosscheck_hkjc,2026-07-15
07/065,2007-06-05,5,9,11,21,22,37,32,55225336,mark6six_archive_crosscheck_hkjc,2026-07-15
07/066,2007-06-07,1,4,15,34,44,47,7,27206975,mark6six_archive_crosscheck_hkjc,2026-07-15
07/067,2007-06-10,1,6,9,36,37,48,13,32586844,mark6six_archive_crosscheck_hkjc,2026-07-15
07/068 DBF,2007-06-12,7,30,31,41,45,47,4,87293177,mark6six_archive_crosscheck_hkjc,2026-07-15
07/069,2007-06-14,3,19,21,29,33,41,46,95801154,mark6six_archive_crosscheck_hkjc,2026-07-15
07/070,2007-06-16,3,15,18,19,28,37,30,25088578,mark6six_archive_crosscheck_hkjc,2026-07-15
07/071,2007-06-19,4,8,11,12,20,32,47,34806048,mark6six_archive_crosscheck_hkjc,2026-07-15
07/072,2007-06-21,1,5,11,26,43,45,22,27387244,mark6six_archive_crosscheck_hkjc,2026-07-15
07/073,2007-06-23,10,24,27,28,31,38,23,25269702,mark6six_archive_crosscheck_hkjc,2026-07-15
07/074,2007-06-26,2,17,24,32,35,47,34,33195433,mark6six_archive_crosscheck_hkjc,2026-07-15
07/075,2007-06-28,4,15,38,40,41,46,33,43076548,mark6six_archive_crosscheck_hkjc,2026-07-15
07/076,2007-06-30,1,4,10,18,37,44,20,48642514,mark6six_archive_crosscheck_hkjc,2026-07-15
07/077,2007-07-03,16,22,35,36,45,48,32,72005830,mark6six_archive_crosscheck_hkjc,2026-07-15
07/078,2007-07-05,14,23,25,26,35,38,21,88278621,mark6six_archive_crosscheck_hkjc,2026-07-15
07/079,2007-07-07,4,8,10,15,35,45,16,26513119,mark6six_archive_crosscheck_hkjc,2026-07-15
07/080,2007-07-10,12,13,17,24,31,43,49,30134293,mark6six_archive_crosscheck_hkjc,2026-07-15
07/081,2007-07-12,6,16,17,18,22,49,33,33592180,mark6six_archive_crosscheck_hkjc,2026-07-15
07/082,2007-07-14,10,19,24,30,45,49,34,38274252,mark6six_archive_crosscheck_hkjc,2026-07-15
07/083,2007-07-17,5,10,12,13,16,42,41,56565987,mark6six_archive_crosscheck_hkjc,2026-07-15
07/084,2007-07-19,1,26,27,36,42,45,12,71675372,mark6six_archive_crosscheck_hkjc,2026-07-15
07/085,2007-07-21,5,9,18,40,43,45,17,24794729,mark6six_archive_crosscheck_hkjc,2026-07-15
07/086,2007-07-24,16,26,30,36,41,49,13,35478768,mark6six_archive_crosscheck_hkjc,2026-07-15
07/087,2007-07-26,13,22,28,32,37,46,17,40472698,mark6six_archive_crosscheck_hkjc,2026-07-15
07/088,2007-07-28,18,21,29,30,31,38,34,25474338,mark6six_archive_crosscheck_hkjc,2026-07-15
07/089 SMR,2007-07-31,3,4,21,43,47,48,7,76301456,mark6six_archive_crosscheck_hkjc,2026-07-15
07/090,2007-08-02,8,22,29,35,40,41,6,85016589,mark6six_archive_crosscheck_hkjc,2026-07-15
07/091,2007-08-07,1,14,26,32,45,48,46,142201689,mark6six_archive_crosscheck_hkjc,2026-07-15
07/092,2007-08-09,3,4,5,12,17,44,37,26876319,mark6six_archive_crosscheck_hkjc,2026-07-15
07/093,2007-08-11,6,9,35,38,43,44,41,28637496,mark6six_archive_crosscheck_hkjc,2026-07-15
07/094,2007-08-14,7,9,12,27,29,40,5,45014516,mark6six_archive_crosscheck_hkjc,2026-07-15
07/095,2007-08-16,14,16,18,26,30,35,10,26774871,mark6six_archive_crosscheck_hkjc,2026-07-15
07/096,2007-08-18,14,18,22,31,35,40,46,31327070,mark6six_archive_crosscheck_hkjc,2026-07-15
07/097,2007-08-21,10,13,22,33,36,48,31,44193153,mark6six_archive_crosscheck_hkjc,2026-07-15
07/098,2007-08-24,10,19,20,28,37,43,6,29712250,mark6six_archive_crosscheck_hkjc,2026-07-15
07/099,2007-08-26,6,20,23,42,44,45,13,28845878,mark6six_archive_crosscheck_hkjc,2026-07-15
07/100,2007-08-28,4,9,20,27,37,43,7,39971316,mark6six_archive_crosscheck_hkjc,2026-07-15
07/101,2007-08-30,3,4,13,23,34,39,37,26304551,mark6six_archive_crosscheck_hkjc,2026-07-15
07/102,2007-09-01,2,6,16,38,39,44,15,30247015,mark6six_archive_crosscheck_hkjc,2026-07-15
07/103,2007-09-04,6,28,38,44,45,49,34,42667512,mark6six_archive_crosscheck_hkjc,2026-07-15
07/104,2007-09-06,4,12,18,35,40,44,38,54837100,mark6six_archive_crosscheck_hkjc,2026-07-15
07/105,2007-09-08,1,3,14,31,34,35,16,24543119,mark6six_archive_crosscheck_hkjc,2026-07-15
07/106,2007-09-11,14,23,26,35,36,44,5,36357760,mark6six_archive_crosscheck_hkjc,2026-07-15
07/107,2007-09-13,8,14,15,25,32,38,11,41595377,mark6six_archive_crosscheck_hkjc,2026-07-15
07/108,2007-09-16,6,7,8,17,24,27,38,52521753,mark6six_archive_crosscheck_hkjc,2026-07-15
07/109 MAF,2007-09-18,10,12,24,37,41,43,17,94122619,mark6six_archive_crosscheck_hkjc,2026-07-15
07/110,2007-09-20,6,11,13,28,40,41,49,26287697,mark6six_archive_crosscheck_hkjc,2026-07-15
07/111,2007-09-22,5,6,24,44,48,49,45,29998806,mark6six_archive_crosscheck_hkjc,2026-07-15
07/112,2007-09-25,2,8,16,24,25,34,40,29215223,mark6six_archive_crosscheck_hkjc,2026-07-15
07/113,2007-09-27,6,9,17,23,34,45,2,32201618,mark6six_archive_crosscheck_hkjc,2026-07-15
07/114,2007-09-29,35,41,42,44,47,49,48,37398898,mark6six_archive_crosscheck_hkjc,2026-07-15
07/115,2007-10-02,10,21,30,34,37,43,17,52909789,mark6six_archive_crosscheck_hkjc,2026-07-15
07/116,2007-10-04,6,14,28,29,37,38,12,72456177,mark6six_archive_crosscheck_hkjc,2026-07-15
07/117,2007-10-06,7,20,25,33,38,45,26,25395155,mark6six_archive_crosscheck_hkjc,2026-07-15
07/118,2007-10-09,9,10,16,23,32,49,19,30904284,mark6six_archive_crosscheck_hkjc,2026-07-15
07/119,2007-10-11,12,19,23,26,33,42,27,27901130,mark6six_archive_crosscheck_hkjc,2026-07-15
07/120,2007-10-13,23,24,25,27,43,45,11,31972361,mark6six_archive_crosscheck_hkjc,2026-07-15
07/121 SBD,2007-10-16,6,10,11,14,31,40,49,73290668,mark6six_archive_crosscheck_hkjc,2026-07-15
07/122,2007-10-18,1,2,37,39,47,48,34,83729700,mark6six_archive_crosscheck_hkjc,2026-07-15
07/123,2007-10-20,4,14,18,19,30,42,34,24751229,mark6six_archive_crosscheck_hkjc,2026-07-15
07/124,2007-10-23,6,13,21,29,31,37,25,36023158,mark6six_archive_crosscheck_hkjc,2026-07-15
07/125,2007-10-25,4,14,31,35,42,49,1,41596889,mark6six_archive_crosscheck_hkjc,2026-07-15
07/126,2007-10-27,2,27,30,35,43,46,36,25197730,mark6six_archive_crosscheck_hkjc,2026-07-15
07/127,2007-10-30,12,19,31,41,42,47,13,34058882,mark6six_archive_crosscheck_hkjc,2026-07-15
07/128,2007-11-01,5,9,12,18,24,43,7,40396120,mark6six_archive_crosscheck_hkjc,2026-07-15
07/129,2007-11-04,4,13,25,27,40,47,45,51522423,mark6six_archive_crosscheck_hkjc,2026-07-15
07/130,2007-11-08,6,14,18,28,30,37,21,81893626,mark6six_archive_crosscheck_hkjc,2026-07-15
07/131,2007-11-10,1,6,8,15,41,43,2,25198174,mark6six_archive_crosscheck_hkjc,2026-07-15
07/132,2007-11-13,2,6,15,30,38,42,29,38028523,mark6six_archive_crosscheck_hkjc,2026-07-15
07/133,2007-11-15,12,16,18,27,41,45,29,44239043,mark6six_archive_crosscheck_hkjc,2026-07-15
07/134,2007-11-18,1,4,6,20,25,32,43,54673781,mark6six_archive_crosscheck_hkjc,2026-07-15
07/135,2007-11-20,6,13,14,22,30,44,26,26200468,mark6six_archive_crosscheck_hkjc,2026-07-15
07/136,2007-11-22,1,12,29,39,40,48,41,33518171,mark6six_archive_crosscheck_hkjc,2026-07-15
07/137,2007-11-24,5,19,25,32,40,42,4,36930211,mark6six_archive_crosscheck_hkjc,2026-07-15
07/138,2007-11-27,7,25,27,33,35,45,6,30818096,mark6six_archive_crosscheck_hkjc,2026-07-15
07/139,2007-11-29,10,13,19,27,43,48,8,33516769,mark6six_archive_crosscheck_hkjc,2026-07-15
07/140,2007-12-02,18,25,29,30,32,35,39,40070135,mark6six_archive_crosscheck_hkjc,2026-07-15
07/141 SBD,2007-12-04,18,23,26,28,30,45,15,69337199,mark6six_archive_crosscheck_hkjc,2026-07-15
07/142,2007-12-06,5,26,33,38,39,46,47,81883571,mark6six_archive_crosscheck_hkjc,2026-07-15
07/143,2007-12-08,9,14,35,38,41,42,40,24663462,mark6six_archive_crosscheck_hkjc,2026-07-15
07/144,2007-12-11,16,18,24,35,40,41,47,35104737,mark6six_archive_crosscheck_hkjc,2026-07-15
07/145,2007-12-13,5,7,15,18,23,42,10,27220795,mark6six_archive_crosscheck_hkjc,2026-07-15
07/146,2007-12-16,1,17,23,25,40,44,26,32295886,mark6six_archive_crosscheck_hkjc,2026-07-15
07/147 XMS,2007-12-18,1,2,6,19,24,40,44,90018443,mark6six_archive_crosscheck_hkjc,2026-07-15
07/148,2007-12-22,1,9,17,28,42,46,32,135128960,mark6six_archive_crosscheck_hkjc,2026-07-15
07/149,2007-12-25,1,2,21,30,44,46,33,25594289,mark6six_archive_crosscheck_hkjc,2026-07-15
07/150,2007-12-27,7,17,37,38,40,48,43,33181487,mark6six_archive_crosscheck_hkjc,2026-07-15
07/151,2007-12-29,6,12,16,33,41,48,8,40728155,mark6six_archive_crosscheck_hkjc,2026-07-15
07/152,2007-12-31,15,16,21,23,37,45,4,25273615,mark6six_archive_crosscheck_hkjc,2026-07-15
08/001,2008-01-03,5,8,36,39,42,46,14,29726417,mark6six_archive_crosscheck_hkjc,2026-07-15
08/002,2008-01-05,3,11,14,32,33,42,15,31199203,mark6six_archive_crosscheck_hkjc,2026-07-15
08/003,2008-01-08,2,9,14,24,40,45,3,29715743,mark6six_archive_crosscheck_hkjc,2026-07-15
08/004,2008-01-10,4,20,36,42,46,47,22,26991147,mark6six_archive_crosscheck_hkjc,2026-07-15
08/005,2008-01-13,8,13,18,22,26,42,43,27406779,mark6six_archive_crosscheck_hkjc,2026-07-15
08/006,2008-01-15,10,11,15,18,37,45,26,27807937,mark6six_archive_crosscheck_hkjc,2026-07-15
08/007,2008-01-17,8,19,24,35,36,40,23,31332554,mark6six_archive_crosscheck_hkjc,2026-07-15
08/008,2008-01-19,4,7,8,20,32,34,24,35922877,mark6six_archive_crosscheck_hkjc,2026-07-15
08/009,2008-01-22,9,16,17,30,33,49,41,54325139,mark6six_archive_crosscheck_hkjc,2026-07-15
08/010,2008-01-24,10,23,26,38,42,46,29,25901395,mark6six_archive_crosscheck_hkjc,2026-07-15
08/011,2008-01-26,13,15,19,22,33,38,39,24591480,mark6six_archive_crosscheck_hkjc,2026-07-15
08/012 CNY,2008-01-29,16,22,24,33,43,44,29,113801194,mark6six_archive_crosscheck_hkjc,2026-07-15
08/013,2008-01-31,24,32,41,42,48,49,10,25636980,mark6six_archive_crosscheck_hkjc,2026-07-15
08/014,2008-02-03,1,34,36,37,42,46,39,33164002,mark6six_archive_crosscheck_hkjc,2026-07-15
08/015,2008-02-05,3,6,36,40,43,48,8,45198818,mark6six_archive_crosscheck_hkjc,2026-07-15
08/016,2008-02-08,2,16,30,31,38,48,36,56455565,mark6six_archive_crosscheck_hkjc,2026-07-15
08/017,2008-02-10,7,24,26,30,32,39,47,24040492,mark6six_archive_crosscheck_hkjc,2026-07-15
08/018,2008-02-12,12,23,31,37,40,45,35,34713086,mark6six_archive_crosscheck_hkjc,2026-07-15
08/019,2008-02-14,4,6,15,29,33,39,18,43526451,mark6six_archive_crosscheck_hkjc,2026-07-15
08/020,2008-02-16,2,5,8,22,29,41,28,51989303,mark6six_archive_crosscheck_hkjc,2026-07-15
08/021,2008-02-19,5,15,29,32,38,39,31,31080937,mark6six_archive_crosscheck_hkjc,2026-07-15
08/022,2008-02-21,18,22,24,27,30,48,3,37007330,mark6six_archive_crosscheck_hkjc,2026-07-15
08/023,2008-02-23,2,9,14,24,33,47,48,40925710,mark6six_archive_crosscheck_hkjc,2026-07-15
08/024,2008-02-26,9,20,23,30,34,39,13,59643386,mark6six_archive_crosscheck_hkjc,2026-07-15
08/025,2008-02-28,6,8,13,17,35,49,45,27623765,mark6six_archive_crosscheck_hkjc,2026-07-15
08/026,2008-03-02,5,7,22,30,32,35,13,33964361,mark6six_archive_crosscheck_hkjc,2026-07-15
08/027,2008-03-04,2,5,13,20,21,49,36,28360951,mark6six_archive_crosscheck_hkjc,2026-07-15
08/028,2008-03-06,7,12,24,25,39,44,27,33741829,mark6six_archive_crosscheck_hkjc,2026-07-15
08/029,2008-03-08,16,25,31,36,38,49,29,38442535,mark6six_archive_crosscheck_hkjc,2026-07-15
08/030 EAS,2008-03-11,5,13,15,23,28,40,17,89963207,mark6six_archive_crosscheck_hkjc,2026-07-15
08/031,2008-03-13,12,28,31,33,36,44,7,95668839,mark6six_archive_crosscheck_hkjc,2026-07-15
08/032,2008-03-15,8,10,21,22,30,47,28,25901190,mark6six_archive_crosscheck_hkjc,2026-07-15
08/033,2008-03-18,13,23,28,30,37,44,49,36484095,mark6six_archive_crosscheck_hkjc,2026-07-15
08/034,2008-03-20,4,12,22,26,33,45,8,44897025,mark6six_archive_crosscheck_hkjc,2026-07-15
08/035,2008-03-22,13,18,32,38,48,49,40,23207270,mark6six_archive_crosscheck_hkjc,2026-07-15
08/036,2008-03-25,7,14,15,22,25,35,32,30003264,mark6six_archive_crosscheck_hkjc,2026-07-15
08/037,2008-03-27,3,4,16,32,45,48,23,27439760,mark6six_archive_crosscheck_hkjc,2026-07-15
08/038,2008-03-29,6,9,30,32,39,48,4,30017845,mark6six_archive_crosscheck_hkjc,2026-07-15
08/039,2008-04-01,15,16,27,40,44,49,31,42090348,mark6six_archive_crosscheck_hkjc,2026-07-15
08/040,2008-04-03,1,6,17,28,36,41,31,52479393,mark6six_archive_crosscheck_hkjc,2026-07-15
08/041,2008-04-08,11,13,21,36,39,40,43,88689833,mark6six_archive_crosscheck_hkjc,2026-07-15
08/042,2008-04-13,1,9,22,23,34,38,24,117097302,mark6six_archive_crosscheck_hkjc,2026-07-15
08/043 STE,2008-04-15,8,25,31,38,43,48,23,74866457,mark6six_archive_crosscheck_hkjc,2026-07-15
08/044,2008-04-17,7,10,11,27,31,48,5,28012831,mark6six_archive_crosscheck_hkjc,2026-07-15
08/045,2008-04-19,7,10,16,19,42,46,20,24227575,mark6six_archive_crosscheck_hkjc,2026-07-15
08/046,2008-04-22,8,14,31,36,40,46,9,30011998,mark6six_archive_crosscheck_hkjc,2026-07-15
08/047,2008-04-24,8,12,13,25,31,35,21,35669871,mark6six_archive_crosscheck_hkjc,2026-07-15
08/048,2008-04-26,13,15,17,19,24,32,9,39739856,mark6six_archive_crosscheck_hkjc,2026-07-15
08/049,2008-04-29,20,22,24,25,40,41,35,29560311,mark6six_archive_crosscheck_hkjc,2026-07-15
08/050,2008-05-03,1,3,4,5,37,39,8,41106047,mark6six_archive_crosscheck_hkjc,2026-07-15
08/051,2008-05-06,7,8,13,26,28,49,17,29350013,mark6six_archive_crosscheck_hkjc,2026-07-15
08/052,2008-05-08,16,24,31,35,37,49,39,26705366,mark6six_archive_crosscheck_hkjc,2026-07-15
08/053,2008-05-10,5,6,27,41,47,49,40,24204565,mark6six_archive_crosscheck_hkjc,2026-07-15
08/054,2008-05-13,8,19,26,34,37,40,29,33750385,mark6six_archive_crosscheck_hkjc,2026-07-15
08/055,2008-05-15,7,21,22,38,45,47,40,25979053,mark6six_archive_crosscheck_hkjc,2026-07-15
08/056,2008-05-17,3,18,24,45,46,48,31,24755909,mark6six_archive_crosscheck_hkjc,2026-07-15
08/057 SBD,2008-05-20,1,4,6,23,25,47,49,54287613,mark6six_archive_crosscheck_hkjc,2026-07-15
08/058,2008-05-22,1,19,23,29,34,41,15,25941473,mark6six_archive_crosscheck_hkjc,2026-07-15
08/059,2008-05-24,1,5,12,14,19,31,45,30384206,mark6six_archive_crosscheck_hkjc,2026-07-15
08/060,2008-05-27,22,23,24,28,29,43,6,27461285,mark6six_archive_crosscheck_hkjc,2026-07-15
08/061,2008-05-29,1,6,27,39,44,49,36,25334297,mark6six_archive_crosscheck_hkjc,2026-07-15
08/062,2008-05-31,11,26,31,34,36,42,13,28987230,mark6six_archive_crosscheck_hkjc,2026-07-15
08/063 DBF,2008-06-03,5,32,33,40,41,49,30,77605156,mark6six_archive_crosscheck_hkjc,2026-07-15
08/064,2008-06-07,6,11,14,23,39,45,10,29372124,mark6six_archive_crosscheck_hkjc,2026-07-15
08/065,2008-06-10,2,7,11,20,29,45,48,27185578,mark6six_archive_crosscheck_hkjc,2026-07-15
08/066,2008-06-12,4,6,9,15,22,37,3,31828362,mark6six_archive_crosscheck_hkjc,2026-07-15
08/067,2008-06-14,3,15,19,40,41,44,13,33761447,mark6six_archive_crosscheck_hkjc,2026-07-15
08/068,2008-06-17,3,5,6,13,31,32,15,47589376,mark6six_archive_crosscheck_hkjc,2026-07-15
08/069,2008-06-19,2,11,18,26,39,45,24,28094355,mark6six_archive_crosscheck_hkjc,2026-07-15
08/070,2008-06-21,1,5,13,29,34,44,25,31206068,mark6six_archive_crosscheck_hkjc,2026-07-15
08/071 STE,2008-06-24,8,9,22,27,29,42,38,72557412,mark6six_archive_crosscheck_hkjc,2026-07-15
08/072,2008-06-27,8,33,39,40,46,48,24,89121813,mark6six_archive_crosscheck_hkjc,2026-07-15
08/073,2008-06-29,1,2,7,19,28,34,5,21215564,mark6six_archive_crosscheck_hkjc,2026-07-15
08/074,2008-07-02,3,21,26,29,31,48,1,32813665,mark6six_archive_crosscheck_hkjc,2026-07-15
08/075,2008-07-05,2,6,7,15,20,38,14,45078248,mark6six_archive_crosscheck_hkjc,2026-07-15
08/076,2008-07-08,15,18,19,21,24,26,36,58758896,mark6six_archive_crosscheck_hkjc,2026-07-15
08/077,2008-07-10,5,12,17,18,41,44,32,26792142,mark6six_archive_crosscheck_hkjc,2026-07-15
08/078,2008-07-12,5,21,25,27,38,40,11,30946498,mark6six_archive_crosscheck_hkjc,2026-07-15
08/079,2008-07-15,9,17,19,24,38,47,3,43380589,mark6six_archive_crosscheck_hkjc,2026-07-15
08/080,2008-07-17,15,18,25,27,38,47,2,52398628,mark6six_archive_crosscheck_hkjc,2026-07-15
08/081,2008-07-19,1,18,24,29,35,46,2,24596334,mark6six_archive_crosscheck_hkjc,2026-07-15
08/082,2008-07-22,10,29,33,40,43,45,8,34896895,mark6six_archive_crosscheck_hkjc,2026-07-15
08/083,2008-07-24,5,15,29,31,38,45,48,40159944,mark6six_archive_crosscheck_hkjc,2026-07-15
08/084,2008-07-26,9,10,12,13,41,48,6,24880033,mark6six_archive_crosscheck_hkjc,2026-07-15
08/085 SMR,2008-07-29,7,15,25,34,35,38,6,75518001,mark6six_archive_crosscheck_hkjc,2026-07-15
08/086,2008-07-31,1,8,25,33,34,41,28,85048139,mark6six_archive_crosscheck_hkjc,2026-07-15
08/087,2008-08-02,4,6,8,11,33,35,25,25529823,mark6six_archive_crosscheck_hkjc,2026-07-15
08/088,2008-08-05,6,11,16,38,42,49,40,30626919,mark6six_archive_crosscheck_hkjc,2026-07-15
08/089,2008-08-07,3,17,23,24,30,47,26,31810457,mark6six_archive_crosscheck_hkjc,2026-07-15
08/090,2008-08-09,8,15,19,21,32,42,10,24898736,mark6six_archive_crosscheck_hkjc,2026-07-15
08/091,2008-08-12,10,11,15,26,28,31,43,34131272,mark6six_archive_crosscheck_hkjc,2026-07-15
08/092,2008-08-14,16,20,23,27,41,46,6,40221233,mark6six_archive_crosscheck_hkjc,2026-07-15
08/093,2008-08-16,14,25,32,38,43,46,35,24317763,mark6six_archive_crosscheck_hkjc,2026-07-15
08/094,2008-08-19,7,19,24,26,32,39,20,28387309,mark6six_archive_crosscheck_hkjc,2026-07-15
08/095,2008-08-21,1,3,20,21,35,37,46,31098537,mark6six_archive_crosscheck_hkjc,2026-07-15
08/096,2008-08-23,3,9,10,20,25,34,41,29946843,mark6six_archive_crosscheck_hkjc,2026-07-15
08/097,2008-08-26,2,13,19,25,30,43,44,27681710,mark6six_archive_crosscheck_hkjc,2026-07-15
08/098,2008-08-28,1,21,27,31,34,38,10,31389892,mark6six_archive_crosscheck_hkjc,2026-07-15
08/099,2008-08-30,2,8,10,37,44,49,22,34270616,mark6six_archive_crosscheck_hkjc,2026-07-15
08/100,2008-09-02,9,13,16,22,24,31,18,50319031,mark6six_archive_crosscheck_hkjc,2026-07-15
08/101,2008-09-04,7,17,22,26,31,42,12,65141481,mark6six_archive_crosscheck_hkjc,2026-07-15
08/102,2008-09-06,4,10,18,22,23,38,35,80180575,mark6six_archive_crosscheck_hkjc,2026-07-15
08/103 MAF,2008-09-09,3,7,15,23,29,48,5,105388681,mark6six_archive_crosscheck_hkjc,2026-07-15
08/104,2008-09-11,2,8,12,20,25,49,34,28028845,mark6six_archive_crosscheck_hkjc,2026-07-15
08/105,2008-09-13,3,8,9,16,34,46,42,26411557,mark6six_archive_crosscheck_hkjc,2026-07-15
08/106,2008-09-16,4,9,14,25,36,40,45,32326152,mark6six_archive_crosscheck_hkjc,2026-07-15
08/107,2008-09-18,2,17,34,38,46,49,33,26681126,mark6six_archive_crosscheck_hkjc,2026-07-15
08/108,2008-09-20,4,5,10,27,28,49,46,24585622,mark6six_archive_crosscheck_hkjc,2026-07-15
08/109,2008-09-25,1,4,15,16,29,46,30,42045508,mark6six_archive_crosscheck_hkjc,2026-07-15
08/110,2008-09-27,7,17,33,36,39,44,31,37569733,mark6six_archive_crosscheck_hkjc,2026-07-15
08/111,2008-09-30,11,26,27,39,40,47,34,55781883,mark6six_archive_crosscheck_hkjc,2026-07-15
08/112,2008-10-02,13,17,20,29,32,42,15,67622368,mark6six_archive_crosscheck_hkjc,2026-07-15
08/113,2008-10-04,4,14,16,19,22,35,9,24844910,mark6six_archive_crosscheck_hkjc,2026-07-15
08/114,2008-10-07,4,10,26,34,46,49,5,33742275,mark6six_archive_crosscheck_hkjc,2026-07-15
08/115 SBD,2008-10-09,1,2,12,19,27,38,41,66324768,mark6six_archive_crosscheck_hkjc,2026-07-15
08/116,2008-10-11,8,11,35,37,38,46,27,25234063,mark6six_archive_crosscheck_hkjc,2026-07-15
08/117,2008-10-14,11,14,19,21,41,44,31,34681133,mark6six_archive_crosscheck_hkjc,2026-07-15
08/118,2008-10-16,6,21,31,40,42,44,7,26833726,mark6six_archive_crosscheck_hkjc,2026-07-15
08/119,2008-10-18,3,6,7,9,32,35,24,29324743,mark6six_archive_crosscheck_hkjc,2026-07-15
08/120,2008-10-21,1,8,9,32,35,37,14,38950598,mark6six_archive_crosscheck_hkjc,2026-07-15
08/121,2008-10-23,5,9,19,21,27,46,37,47665584,mark6six_archive_crosscheck_hkjc,2026-07-15
08/122,2008-10-25,3,13,18,20,22,30,39,54034852,mark6six_archive_crosscheck_hkjc,2026-07-15
08/123,2008-10-28,3,10,11,13,26,48,9,78779897,mark6six_archive_crosscheck_hkjc,2026-07-15
08/124,2008-10-30,5,13,23,33,37,40,39,98437363,mark6six_archive_crosscheck_hkjc,2026-07-15
08/125,2008-11-01,11,17,19,23,32,44,25,25560969,mark6six_archive_crosscheck_hkjc,2026-07-15
08/126,2008-11-03,1,8,20,25,38,43,39,26085656,mark6six_archive_crosscheck_hkjc,2026-07-15
08/127,2008-11-06,5,6,28,35,42,43,4,48970365,mark6six_archive_crosscheck_hkjc,2026-07-15
08/128,2008-11-09,1,4,6,15,24,48,43,54642426,mark6six_archive_crosscheck_hkjc,2026-07-15
08/129 STE,2008-11-11,17,19,20,27,32,35,11,71696916,mark6six_archive_crosscheck_hkjc,2026-07-15
08/130,2008-11-13,9,10,20,33,34,43,42,83117323,mark6six_archive_crosscheck_hkjc,2026-07-15
08/131,2008-11-15,2,5,8,24,32,37,35,26393845,mark6six_archive_crosscheck_hkjc,2026-07-15
08/132,2008-11-18,5,11,18,28,29,32,10,37528101,mark6six_archive_crosscheck_hkjc,2026-07-15
08/133,2008-11-20,4,13,31,36,40,41,49,42882294,mark6six_archive_crosscheck_hkjc,2026-07-15
08/134,2008-11-22,1,3,4,17,24,28,7,25767334,mark6six_archive_crosscheck_hkjc,2026-07-15
08/135,2008-11-25,3,9,18,38,46,48,13,35556622,mark6six_archive_crosscheck_hkjc,2026-07-15
08/136,2008-11-27,4,6,14,21,36,46,41,40774183,mark6six_archive_crosscheck_hkjc,2026-07-15
08/137,2008-11-29,5,6,27,33,36,37,48,45720566,mark6six_archive_crosscheck_hkjc,2026-07-15
08/138,2008-12-02,3,13,29,30,31,43,8,29647582,mark6six_archive_crosscheck_hkjc,2026-07-15
08/139,2008-12-04,8,10,28,35,37,47,12,27279254,mark6six_archive_crosscheck_hkjc,2026-07-15
08/140,2008-12-07,4,9,17,26,28,30,1,31492017,mark6six_archive_crosscheck_hkjc,2026-07-15
08/141 SBD,2008-12-09,7,14,21,43,44,47,35,66984116,mark6six_archive_crosscheck_hkjc,2026-07-15
08/142,2008-12-11,1,10,11,41,47,48,20,27211172,mark6six_archive_crosscheck_hkjc,2026-07-15
08/143,2008-12-13,1,7,27,36,40,48,13,25319936,mark6six_archive_crosscheck_hkjc,2026-07-15
08/144,2008-12-16,21,29,32,36,38,44,43,34495071,mark6six_archive_crosscheck_hkjc,2026-07-15
08/145,2008-12-18,2,22,27,31,40,46,13,39727696,mark6six_archive_crosscheck_hkjc,2026-07-15
08/146,2008-12-21,6,13,20,26,34,40,10,27337869,mark6six_archive_crosscheck_hkjc,2026-07-15
08/147 XMS,2008-12-23,22,24,26,29,33,48,46,91681157,mark6six_archive_crosscheck_hkjc,2026-07-15
08/148,2008-12-27,2,17,19,21,24,34,18,124008231,mark6six_archive_crosscheck_hkjc,2026-07-15
08/149,2008-12-30,4,8,18,29,40,47,9,29249504,mark6six_archive_crosscheck_hkjc,2026-07-15
09/001,2009-01-03,2,10,16,21,22,30,26,38686625,mark6six_archive_crosscheck_hkjc,2026-07-15
09/002,2009-01-06,9,14,23,30,42,45,19,48100179,mark6six_archive_crosscheck_hkjc,2026-07-15
09/003,2009-01-08,18,19,22,33,42,46,7,27872885,mark6six_archive_crosscheck_hkjc,2026-07-15
09/004,2009-01-11,3,7,16,19,44,47,31,32979008,mark6six_archive_crosscheck_hkjc,2026-07-15
09/005,2009-01-13,12,15,36,40,41,49,42,41892462,mark6six_archive_crosscheck_hkjc,2026-07-15
09/006,2009-01-15,6,9,10,12,24,32,30,26913079,mark6six_archive_crosscheck_hkjc,2026-07-15
09/007,2009-01-17,1,15,16,28,29,47,37,25862773,mark6six_archive_crosscheck_hkjc,2026-07-15
09/008 CNY,2009-01-20,5,13,22,29,34,42,37,110143413,mark6six_archive_crosscheck_hkjc,2026-07-15
09/009,2009-01-23,5,17,37,38,44,47,12,152457863,mark6six_archive_crosscheck_hkjc,2026-07-15
09/010,2009-01-25,4,12,19,40,44,47,49,24531204,mark6six_archive_crosscheck_hkjc,2026-07-15
09/011,2009-01-27,7,13,17,21,42,45,36,27183768,mark6six_archive_crosscheck_hkjc,2026-07-15
09/012,2009-01-29,6,8,9,17,25,36,4,42399637,mark6six_archive_crosscheck_hkjc,2026-07-15
09/013,2009-01-31,4,9,10,14,24,29,38,51724251,mark6six_archive_crosscheck_hkjc,2026-07-15
09/014,2009-02-03,8,12,26,31,44,46,42,33234733,mark6six_archive_crosscheck_hkjc,2026-07-15
09/015,2009-02-05,3,23,25,36,46,47,20,30190654,mark6six_archive_crosscheck_hkjc,2026-07-15
09/016,2009-02-07,9,12,42,44,45,48,35,33824023,mark6six_archive_crosscheck_hkjc,2026-07-15
09/017,2009-02-10,4,6,14,21,24,48,8,48246308,mark6six_archive_crosscheck_hkjc,2026-07-15
09/018,2009-02-12,10,14,22,28,32,42,36,29029643,mark6six_archive_crosscheck_hkjc,2026-07-15
09/019,2009-02-14,12,17,31,37,39,46,8,32097496,mark6six_archive_crosscheck_hkjc,2026-07-15
09/020 STE,2009-02-17,8,12,15,26,39,44,6,68186091,mark6six_archive_crosscheck_hkjc,2026-07-15
09/021,2009-02-19,6,9,16,26,29,36,8,28212824,mark6six_archive_crosscheck_hkjc,2026-07-15
09/022,2009-02-21,7,8,14,15,20,21,44,26539704,mark6six_archive_crosscheck_hkjc,2026-07-15
09/023,2009-02-24,1,9,32,37,38,47,25,30556763,mark6six_archive_crosscheck_hkjc,2026-07-15
09/024,2009-02-26,14,15,19,23,24,25,2,36121223,mark6six_archive_crosscheck_hkjc,2026-07-15
09/025,2009-02-28,5,15,22,24,34,46,26,41053141,mark6six_archive_crosscheck_hkjc,2026-07-15
09/026,2009-03-03,22,25,30,37,38,49,15,55757035,mark6six_archive_crosscheck_hkjc,2026-07-15
09/027,2009-03-05,2,7,17,20,33,47,45,63475590,mark6six_archive_crosscheck_hkjc,2026-07-15
09/028,2009-03-08,3,4,11,28,37,40,36,28239478,mark6six_archive_crosscheck_hkjc,2026-07-15
09/029 STE,2009-03-10,21,27,32,33,39,48,9,68152250,mark6six_archive_crosscheck_hkjc,2026-07-15
09/030,2009-03-12,2,12,15,16,30,32,5,79256046,mark6six_archive_crosscheck_hkjc,2026-07-15
09/031,2009-03-14,10,16,19,33,42,43,12,26448386,mark6six_archive_crosscheck_hkjc,2026-07-15
09/032,2009-03-17,11,12,14,17,21,37,10,30611627,mark6six_archive_crosscheck_hkjc,2026-07-15
09/033,2009-03-19,6,14,18,21,32,46,43,28601595,mark6six_archive_crosscheck_hkjc,2026-07-15
09/034,2009-03-21,13,23,27,32,34,43,22,31164098,mark6six_archive_crosscheck_hkjc,2026-07-15
09/035,2009-03-24,4,12,15,16,38,46,21,43976134,mark6six_archive_crosscheck_hkjc,2026-07-15
09/036,2009-03-26,5,14,34,36,38,42,19,52685330,mark6six_archive_crosscheck_hkjc,2026-07-15
09/037,2009-03-29,24,32,36,40,42,43,47,27069275,mark6six_archive_crosscheck_hkjc,2026-07-15
09/038,2009-03-31,1,7,15,23,29,35,14,34843390,mark6six_archive_crosscheck_hkjc,2026-07-15
09/039,2009-04-02,7,13,20,33,39,45,30,27971222,mark6six_archive_crosscheck_hkjc,2026-07-15
09/040,2009-04-04,2,6,10,17,18,46,34,29435096,mark6six_archive_crosscheck_hkjc,2026-07-15
09/041 EAS,2009-04-07,4,21,22,29,41,45,14,74055441,mark6six_archive_crosscheck_hkjc,2026-07-15
09/042,2009-04-09,7,9,22,29,44,49,1,26318566,mark6six_archive_crosscheck_hkjc,2026-07-15
09/043,2009-04-11,3,16,25,38,45,47,35,27952782,mark6six_archive_crosscheck_hkjc,2026-07-15
09/044,2009-04-14,2,7,22,27,41,42,5,40435262,mark6six_archive_crosscheck_hkjc,2026-07-15
09/045,2009-04-16,1,11,12,19,28,30,49,48891750,mark6six_archive_crosscheck_hkjc,2026-07-15
09/046,2009-04-18,10,14,22,29,33,48,5,24030389,mark6six_archive_crosscheck_hkjc,2026-07-15
09/047,2009-04-21,4,18,31,41,42,43,24,35289048,mark6six_archive_crosscheck_hkjc,2026-07-15
09/048,2009-04-23,15,20,34,42,45,46,23,26715960,mark6six_archive_crosscheck_hkjc,2026-07-15
09/049,2009-04-25,4,17,34,38,46,49,7,29215389,mark6six_archive_crosscheck_hkjc,2026-07-15
09/050,2009-04-28,3,7,20,34,36,41,39,42908522,mark6six_archive_crosscheck_hkjc,2026-07-15
09/051,2009-04-30,8,11,21,30,38,49,35,50397948,mark6six_archive_crosscheck_hkjc,2026-07-15
09/052,2009-05-02,1,6,18,29,39,48,10,22480389,mark6six_archive_crosscheck_hkjc,2026-07-15
09/053,2009-05-05,5,29,30,31,41,45,47,35349229,mark6six_archive_crosscheck_hkjc,2026-07-15
09/054,2009-05-07,2,3,7,9,16,34,14,26950202,mark6six_archive_crosscheck_hkjc,2026-07-15
09/055,2009-05-10,11,14,21,28,41,48,32,26845908,mark6six_archive_crosscheck_hkjc,2026-07-15
09/056,2009-05-12,9,25,29,36,38,41,23,34858068,mark6six_archive_crosscheck_hkjc,2026-07-15
09/057,2009-05-14,6,23,31,43,46,49,40,42331422,mark6six_archive_crosscheck_hkjc,2026-07-15
09/058,2009-05-16,3,7,11,18,20,27,2,47623438,mark6six_archive_crosscheck_hkjc,2026-07-15
09/059,2009-05-19,28,33,36,38,40,45,4,71645335,mark6six_archive_crosscheck_hkjc,2026-07-15
09/060,2009-05-23,1,8,21,32,37,46,22,29667530,mark6six_archive_crosscheck_hkjc,2026-07-15
09/061 DBF,2009-05-26,11,14,19,25,27,47,20,78208210,mark6six_archive_crosscheck_hkjc,2026-07-15
09/062,2009-05-28,2,12,20,28,46,49,31,23217508,mark6six_archive_crosscheck_hkjc,2026-07-15
09/063,2009-05-30,9,12,14,20,27,36,11,26331677,mark6six_archive_crosscheck_hkjc,2026-07-15
09/064,2009-06-02,5,7,18,26,29,47,2,29192277,mark6six_archive_crosscheck_hkjc,2026-07-15
09/065,2009-06-04,4,9,19,22,24,43,1,32726314,mark6six_archive_crosscheck_hkjc,2026-07-15
09/066,2009-06-06,1,5,8,23,32,48,3,36036957,mark6six_archive_crosscheck_hkjc,2026-07-15
09/067,2009-06-09,7,13,16,35,42,46,25,47834209,mark6six_archive_crosscheck_hkjc,2026-07-15
09/068,2009-06-11,8,11,15,20,33,43,34,56641291,mark6six_archive_crosscheck_hkjc,2026-07-15
09/069,2009-06-14,12,13,25,39,42,43,38,74298944,mark6six_archive_crosscheck_hkjc,2026-07-15
09/070,2009-06-16,16,25,27,30,37,41,36,26778950,mark6six_archive_crosscheck_hkjc,2026-07-15
09/071,2009-06-18,2,11,17,19,22,26,13,26398877,mark6six_archive_crosscheck_hkjc,2026-07-15
09/072,2009-06-20,7,11,24,32,35,49,46,24906257,mark6six_archive_crosscheck_hkjc,2026-07-15
09/073 STE,2009-06-23,1,19,34,39,43,48,45,78059293,mark6six_archive_crosscheck_hkjc,2026-07-15
09/074,2009-06-25,12,19,26,30,36,45,20,25099706,mark6six_archive_crosscheck_hkjc,2026-07-15
09/075,2009-06-27,16,18,21,26,30,48,45,30020146,mark6six_archive_crosscheck_hkjc,2026-07-15
09/076,2009-06-30,5,11,15,17,25,46,24,44166871,mark6six_archive_crosscheck_hkjc,2026-07-15
09/077,2009-07-02,6,19,22,24,29,40,4,49009714,mark6six_archive_crosscheck_hkjc,2026-07-15
09/078,2009-07-04,2,14,17,19,20,49,26,25178074,mark6six_archive_crosscheck_hkjc,2026-07-15
09/079,2009-07-07,6,27,30,38,41,47,20,35314773,mark6six_archive_crosscheck_hkjc,2026-07-15
09/080,2009-07-09,4,24,26,30,31,46,2,26534431,mark6six_archive_crosscheck_hkjc,2026-07-15
09/081,2009-07-11,2,9,18,21,32,47,26,31532265,mark6six_archive_crosscheck_hkjc,2026-07-15
09/082,2009-07-14,2,10,19,39,46,47,41,27995371,mark6six_archive_crosscheck_hkjc,2026-07-15
09/083,2009-07-16,3,5,14,17,29,45,31,26347746,mark6six_archive_crosscheck_hkjc,2026-07-15
09/084,2009-07-18,24,28,29,38,39,41,19,23560581,mark6six_archive_crosscheck_hkjc,2026-07-15
09/085,2009-07-21,1,4,6,13,15,48,39,34796191,mark6six_archive_crosscheck_hkjc,2026-07-15
09/086,2009-07-23,1,3,11,15,39,47,44,38995233,mark6six_archive_crosscheck_hkjc,2026-07-15
09/087,2009-07-25,4,22,23,31,36,47,20,24221673,mark6six_archive_crosscheck_hkjc,2026-07-15
09/088 SMR,2009-07-28,4,11,20,28,46,49,31,70085150,mark6six_archive_crosscheck_hkjc,2026-07-15
09/089,2009-07-30,4,11,12,18,21,40,44,25263507,mark6six_archive_crosscheck_hkjc,2026-07-15
09/090,2009-08-01,1,8,20,45,47,48,11,30435646,mark6six_archive_crosscheck_hkjc,2026-07-15
09/091,2009-08-04,9,27,32,34,36,37,20,40813015,mark6six_archive_crosscheck_hkjc,2026-07-15
09/092,2009-08-06,18,28,38,39,47,48,24,49189396,mark6six_archive_crosscheck_hkjc,2026-07-15
09/093,2009-08-08,5,8,10,11,23,30,42,25451186,mark6six_archive_crosscheck_hkjc,2026-07-15
09/094,2009-08-11,1,15,23,24,31,39,33,29038546,mark6six_archive_crosscheck_hkjc,2026-07-15
09/095,2009-08-13,3,6,18,27,29,37,4,32708123,mark6six_archive_crosscheck_hkjc,2026-07-15
09/096,2009-08-15,6,16,20,23,24,34,42,35746815,mark6six_archive_crosscheck_hkjc,2026-07-15
09/097,2009-08-18,1,3,15,18,20,33,48,50677123,mark6six_archive_crosscheck_hkjc,2026-07-15
09/098,2009-08-20,12,15,22,26,27,29,37,63591115,mark6six_archive_crosscheck_hkjc,2026-07-15
09/099,2009-08-22,3,4,12,29,32,48,16,25115088,mark6six_archive_crosscheck_hkjc,2026-07-15
09/100,2009-08-25,5,11,12,15,24,32,39,35422394,mark6six_archive_crosscheck_hkjc,2026-07-15
09/101,2009-08-27,5,8,17,24,30,42,34,41051580,mark6six_archive_crosscheck_hkjc,2026-07-15
09/102,2009-08-29,4,17,18,26,33,35,40,47617173,mark6six_archive_crosscheck_hkjc,2026-07-15
09/103,2009-09-01,17,19,22,27,40,46,4,70812128,mark6six_archive_crosscheck_hkjc,2026-07-15
09/104,2009-09-04,6,9,14,17,47,49,38,29796211,mark6six_archive_crosscheck_hkjc,2026-07-15
09/105,2009-09-06,9,24,35,40,41,48,31,29930095,mark6six_archive_crosscheck_hkjc,2026-07-15
09/106,2009-09-08,11,13,16,20,21,28,15,42533329,mark6six_archive_crosscheck_hkjc,2026-07-15
09/107,2009-09-10,7,29,31,32,33,35,48,27569197,mark6six_archive_crosscheck_hkjc,2026-07-15
09/108,2009-09-12,1,3,14,17,35,43,47,30754620,mark6six_archive_crosscheck_hkjc,2026-07-15
09/109,2009-09-15,11,14,16,17,35,49,34,37356258,mark6six_archive_crosscheck_hkjc,2026-07-15
09/110,2009-09-17,19,21,24,28,30,48,26,49082557,mark6six_archive_crosscheck_hkjc,2026-07-15
09/111,2009-09-19,20,23,28,37,39,41,26,24181441,mark6six_archive_crosscheck_hkjc,2026-07-15
09/112,2009-09-22,1,5,9,18,24,32,38,34509834,mark6six_archive_crosscheck_hkjc,2026-07-15
09/113,2009-09-24,9,19,22,26,34,36,24,38392456,mark6six_archive_crosscheck_hkjc,2026-07-15
09/114,2009-09-27,1,3,9,30,41,47,19,26207558,mark6six_archive_crosscheck_hkjc,2026-07-15
09/115 MAF,2009-09-29,1,5,15,33,40,48,21,76675076,mark6six_archive_crosscheck_hkjc,2026-07-15
09/116,2009-10-03,4,6,11,16,22,39,10,29699995,mark6six_archive_crosscheck_hkjc,2026-07-15
09/117,2009-10-06,12,15,17,24,36,49,14,28634713,mark6six_archive_crosscheck_hkjc,2026-07-15
09/118,2009-10-08,21,31,33,35,39,44,28,34998790,mark6six_archive_crosscheck_hkjc,2026-07-15
09/119,2009-10-10,2,12,16,19,20,49,4,39070225,mark6six_archive_crosscheck_hkjc,2026-07-15
09/120,2009-10-13,13,15,18,36,43,45,7,28469081,mark6six_archive_crosscheck_hkjc,2026-07-15
09/121,2009-10-15,15,17,22,37,39,47,26,26767829,mark6six_archive_crosscheck_hkjc,2026-07-15
09/122,2009-10-18,2,4,15,20,32,42,48,31493587,mark6six_archive_crosscheck_hkjc,2026-07-15
09/123,2009-10-20,8,26,34,36,39,46,35,38343673,mark6six_archive_crosscheck_hkjc,2026-07-15
09/124,2009-10-22,1,2,24,29,40,47,7,47203615,mark6six_archive_crosscheck_hkjc,2026-07-15
09/125,2009-10-24,22,25,26,34,41,45,15,57055406,mark6six_archive_crosscheck_hkjc,2026-07-15
09/126,2009-10-27,13,16,31,35,41,42,36,26967501,mark6six_archive_crosscheck_hkjc,2026-07-15
09/127,2009-10-29,13,14,15,16,18,44,48,32891874,mark6six_archive_crosscheck_hkjc,2026-07-15
09/128,2009-10-31,11,25,27,29,30,44,23,41106877,mark6six_archive_crosscheck_hkjc,2026-07-15
09/129,2009-11-03,3,19,33,42,43,45,44,55030646,mark6six_archive_crosscheck_hkjc,2026-07-15
09/130,2009-11-05,3,9,13,31,40,42,30,26289729,mark6six_archive_crosscheck_hkjc,2026-07-15
09/131,2009-11-08,2,17,27,32,35,38,41,32914892,mark6six_archive_crosscheck_hkjc,2026-07-15
09/132,2009-11-10,2,8,18,22,24,35,17,26893255,mark6six_archive_crosscheck_hkjc,2026-07-15
09/133,2009-11-12,1,6,9,10,20,46,14,32141683,mark6six_archive_crosscheck_hkjc,2026-07-15
09/134,2009-11-14,3,6,15,26,28,42,21,24443446,mark6six_archive_crosscheck_hkjc,2026-07-15
09/135,2009-11-17,2,4,9,28,42,43,45,30841355,mark6six_archive_crosscheck_hkjc,2026-07-15
09/136,2009-11-19,11,13,19,35,41,45,24,37693803,mark6six_archive_crosscheck_hkjc,2026-07-15
09/137,2009-11-21,2,8,23,28,38,45,21,43896883,mark6six_archive_crosscheck_hkjc,2026-07-15
09/138 STE,2009-11-24,7,21,24,33,35,45,26,65955252,mark6six_archive_crosscheck_hkjc,2026-07-15
09/139,2009-11-26,1,3,9,17,18,42,7,78128031,mark6six_archive_crosscheck_hkjc,2026-07-15
09/140,2009-11-28,1,5,25,32,38,39,4,25004142,mark6six_archive_crosscheck_hkjc,2026-07-15
09/141,2009-12-01,4,5,10,17,39,44,24,29016142,mark6six_archive_crosscheck_hkjc,2026-07-15
09/142,2009-12-03,10,15,20,21,34,46,4,27198411,mark6six_archive_crosscheck_hkjc,2026-07-15
09/143,2009-12-05,1,14,17,23,35,38,31,30779516,mark6six_archive_crosscheck_hkjc,2026-07-15
09/144,2009-12-08,6,12,23,29,31,35,21,28370956,mark6six_archive_crosscheck_hkjc,2026-07-15
09/145,2009-12-10,4,8,15,16,34,49,45,32470186,mark6six_archive_crosscheck_hkjc,2026-07-15
09/146,2009-12-12,8,9,37,40,46,49,41,35121571,mark6six_archive_crosscheck_hkjc,2026-07-15
09/147,2009-12-15,10,27,28,40,46,47,18,50113669,mark6six_archive_crosscheck_hkjc,2026-07-15
09/148,2009-12-17,2,4,30,37,43,49,10,24971908,mark6six_archive_crosscheck_hkjc,2026-07-15
09/149,2009-12-20,2,4,24,28,32,45,38,33255236,mark6six_archive_crosscheck_hkjc,2026-07-15
09/150 XMS,2009-12-22,6,23,30,33,43,44,10,80240130,mark6six_archive_crosscheck_hkjc,2026-07-15
09/151,2009-12-24,20,22,26,27,31,44,49,92249753,mark6six_archive_crosscheck_hkjc,2026-07-15
09/152,2009-12-26,6,17,21,27,36,42,23,22510037,mark6six_archive_crosscheck_hkjc,2026-07-15
09/153,2009-12-29,9,27,33,38,39,40,14,28663382,mark6six_archive_crosscheck_hkjc,2026-07-15
09/154,2009-12-31,26,28,31,33,40,41,19,36642181,mark6six_archive_crosscheck_hkjc,2026-07-15
10/001,2010-01-02,11,13,16,18,21,22,6,37912596,mark6six_archive_crosscheck_hkjc,2026-07-15
10/002,2010-01-05,5,14,16,22,26,28,27,29541793,mark6six_archive_crosscheck_hkjc,2026-07-15
10/003,2010-01-07,5,14,16,25,45,48,42,34950858,mark6six_archive_crosscheck_hkjc,2026-07-15
10/004,2010-01-09,4,8,16,39,40,45,10,39594809,mark6six_archive_crosscheck_hkjc,2026-07-15
10/005,2010-01-12,9,23,25,29,30,48,1,55635198,mark6six_archive_crosscheck_hkjc,2026-07-15
10/006,2010-01-14,21,26,27,35,38,48,41,26900313,mark6six_archive_crosscheck_hkjc,2026-07-15
10/007,2010-01-17,5,18,19,28,35,45,27,36060558,mark6six_archive_crosscheck_hkjc,2026-07-15
10/008,2010-01-19,2,3,9,24,33,41,40,44880911,mark6six_archive_crosscheck_hkjc,2026-07-15
10/009,2010-01-21,6,7,17,24,41,48,16,55945818,mark6six_archive_crosscheck_hkjc,2026-07-15
10/010,2010-01-23,18,19,26,34,39,46,2,25371963,mark6six_archive_crosscheck_hkjc,2026-07-15
10/011,2010-01-26,8,9,17,31,37,38,2,36537694,mark6six_archive_crosscheck_hkjc,2026-07-15
10/012,2010-01-28,3,9,15,32,43,46,28,43159386,mark6six_archive_crosscheck_hkjc,2026-07-15
10/013,2010-01-30,2,4,6,30,32,34,40,25179240,mark6six_archive_crosscheck_hkjc,2026-07-15
10/014,2010-02-02,1,10,13,14,38,39,41,31610376,mark6six_archive_crosscheck_hkjc,2026-07-15
10/015,2010-02-04,9,20,25,36,42,47,13,35970379,mark6six_archive_crosscheck_hkjc,2026-07-15
10/016,2010-02-06,1,5,13,16,24,41,14,26149782,mark6six_archive_crosscheck_hkjc,2026-07-15
10/017 CNY,2010-02-09,4,8,10,13,14,49,7,101668618,mark6six_archive_crosscheck_hkjc,2026-07-15
10/018,2010-02-11,21,24,27,32,35,36,16,27936326,mark6six_archive_crosscheck_hkjc,2026-07-15
10/019,2010-02-13,5,21,26,27,28,29,44,26204440,mark6six_archive_crosscheck_hkjc,2026-07-15
10/020,2010-02-15,1,7,17,20,29,49,19,22278489,mark6six_archive_crosscheck_hkjc,2026-07-15
10/021,2010-02-18,4,5,7,11,28,32,3,37447445,mark6six_archive_crosscheck_hkjc,2026-07-15
10/022,2010-02-20,3,4,11,15,32,45,1,37392609,mark6six_archive_crosscheck_hkjc,2026-07-15
10/023,2010-02-23,8,19,43,44,48,49,46,60061602,mark6six_archive_crosscheck_hkjc,2026-07-15
10/024,2010-02-25,11,20,31,37,44,47,46,28273443,mark6six_archive_crosscheck_hkjc,2026-07-15
10/025,2010-02-27,16,17,18,22,25,36,47,32699329,mark6six_archive_crosscheck_hkjc,2026-07-15
10/026,2010-03-02,1,6,10,21,28,35,46,48534300,mark6six_archive_crosscheck_hkjc,2026-07-15
10/027,2010-03-04,10,11,24,33,34,38,16,56402010,mark6six_archive_crosscheck_hkjc,2026-07-15
10/028,2010-03-07,3,12,26,28,31,46,16,75040047,mark6six_archive_crosscheck_hkjc,2026-07-15
10/029,2010-03-09,9,13,14,17,28,45,20,27325933,mark6six_archive_crosscheck_hkjc,2026-07-15
10/030,2010-03-11,10,14,35,40,43,48,21,35822473,mark6six_archive_crosscheck_hkjc,2026-07-15
10/031,2010-03-13,1,4,14,18,22,39,48,42757647,mark6six_archive_crosscheck_hkjc,2026-07-15
10/032,2010-03-16,4,16,28,37,38,47,30,57205179,mark6six_archive_crosscheck_hkjc,2026-07-15
10/033,2010-03-18,4,19,30,37,39,41,31,69789983,mark6six_archive_crosscheck_hkjc,2026-07-15
10/034,2010-03-20,8,12,29,33,39,45,36,89010274,mark6six_archive_crosscheck_hkjc,2026-07-15
10/035,2010-03-23,7,11,22,27,32,46,17,151852842,mark6six_archive_crosscheck_hkjc,2026-07-15
10/036,2010-03-25,14,16,29,44,45,47,42,27196108,mark6six_archive_crosscheck_hkjc,2026-07-15
10/037,2010-03-27,1,3,8,22,36,44,29,32791733,mark6six_archive_crosscheck_hkjc,2026-07-15
10/038 EAS,2010-03-30,2,22,29,31,40,48,20,86822603,mark6six_archive_crosscheck_hkjc,2026-07-15
10/039,2010-04-01,20,21,23,31,42,43,41,27907970,mark6six_archive_crosscheck_hkjc,2026-07-15
10/040,2010-04-03,11,23,35,37,40,43,30,30128397,mark6six_archive_crosscheck_hkjc,2026-07-15
10/041,2010-04-06,11,20,25,35,42,45,8,43412049,mark6six_archive_crosscheck_hkjc,2026-07-15
10/042,2010-04-08,3,5,25,30,33,37,35,54496820,mark6six_archive_crosscheck_hkjc,2026-07-15
10/043,2010-04-11,2,7,20,36,38,41,40,28428393,mark6six_archive_crosscheck_hkjc,2026-07-15
10/044,2010-04-13,31,32,33,37,42,46,17,34547453,mark6six_archive_crosscheck_hkjc,2026-07-15
10/045,2010-04-15,19,21,30,35,36,37,33,26392868,mark6six_archive_crosscheck_hkjc,2026-07-15
10/046,2010-04-17,1,2,24,38,42,49,19,30163181,mark6six_archive_crosscheck_hkjc,2026-07-15
10/047 STE,2010-04-20,6,17,25,27,35,40,32,71497707,mark6six_archive_crosscheck_hkjc,2026-07-15
10/048,2010-04-22,1,16,23,29,39,46,17,25859157,mark6six_archive_crosscheck_hkjc,2026-07-15
10/049,2010-04-24,5,12,16,23,29,39,11,30791727,mark6six_archive_crosscheck_hkjc,2026-07-15
10/050,2010-04-27,3,13,18,21,22,33,8,29009976,mark6six_archive_crosscheck_hkjc,2026-07-15
10/051,2010-04-29,5,7,24,26,41,49,3,25195454,mark6six_archive_crosscheck_hkjc,2026-07-15
10/052,2010-05-02,7,16,26,28,41,44,24,31645273,mark6six_archive_crosscheck_hkjc,2026-07-15
10/053,2010-05-04,19,24,34,40,41,46,15,39075626,mark6six_archive_crosscheck_hkjc,2026-07-15
10/054,2010-05-06,2,31,37,38,39,40,44,26221422,mark6six_archive_crosscheck_hkjc,2026-07-15
10/055,2010-05-09,1,5,8,21,27,34,20,32519578,mark6six_archive_crosscheck_hkjc,2026-07-15
10/056,2010-05-11,15,26,29,34,35,40,9,28161898,mark6six_archive_crosscheck_hkjc,2026-07-15
10/057,2010-05-13,16,22,31,37,39,49,32,34598822,mark6six_archive_crosscheck_hkjc,2026-07-15
10/058,2010-05-15,1,29,32,39,44,47,17,38147963,mark6six_archive_crosscheck_hkjc,2026-07-15
10/059 STE,2010-05-18,4,7,12,20,39,48,14,67949731,mark6six_archive_crosscheck_hkjc,2026-07-15
10/060,2010-05-20,4,10,11,15,22,37,49,73148922,mark6six_archive_crosscheck_hkjc,2026-07-15
10/061,2010-05-22,12,17,18,26,29,33,41,23768326,mark6six_archive_crosscheck_hkjc,2026-07-15
10/062,2010-05-25,14,18,30,40,43,46,27,35224501,mark6six_archive_crosscheck_hkjc,2026-07-15
10/063,2010-05-27,9,22,28,32,33,49,18,41072509,mark6six_archive_crosscheck_hkjc,2026-07-15
10/064,2010-05-29,4,16,25,26,33,42,30,47263141,mark6six_archive_crosscheck_hkjc,2026-07-15
10/065,2010-06-01,7,11,13,24,28,46,26,70753536,mark6six_archive_crosscheck_hkjc,2026-07-15
10/066,2010-06-03,5,16,19,26,42,44,6,86357629,mark6six_archive_crosscheck_hkjc,2026-07-15
10/067,2010-06-05,9,15,30,37,38,40,1,109840852,mark6six_archive_crosscheck_hkjc,2026-07-15
10/068 DBF,2010-06-08,7,8,12,21,23,47,10,81731437,mark6six_archive_crosscheck_hkjc,2026-07-15
10/069,2010-06-10,8,26,32,35,36,49,24,79972849,mark6six_archive_crosscheck_hkjc,2026-07-15
10/070,2010-06-13,2,11,19,20,21,40,43,28598276,mark6six_archive_crosscheck_hkjc,2026-07-15
10/071,2010-06-15,5,10,18,21,35,49,11,27968662,mark6six_archive_crosscheck_hkjc,2026-07-15
10/072,2010-06-17,5,11,15,42,45,48,14,31544795,mark6six_archive_crosscheck_hkjc,2026-07-15
10/073,2010-06-19,2,8,12,13,27,35,37,37836032,mark6six_archive_crosscheck_hkjc,2026-07-15
10/074,2010-06-22,2,4,9,20,35,40,44,29106820,mark6six_archive_crosscheck_hkjc,2026-07-15
10/075,2010-06-24,5,23,26,31,34,49,24,32180260,mark6six_archive_crosscheck_hkjc,2026-07-15
10/076,2010-06-26,7,13,15,20,21,41,2,37475683,mark6six_archive_crosscheck_hkjc,2026-07-15
10/077,2010-06-29,8,11,21,38,41,48,49,28232086,mark6six_archive_crosscheck_hkjc,2026-07-15
10/078,2010-07-03,2,13,14,21,45,49,19,36893441,mark6six_archive_crosscheck_hkjc,2026-07-15
10/079,2010-07-06,14,17,21,29,42,46,49,42185959,mark6six_archive_crosscheck_hkjc,2026-07-15
10/080,2010-07-08,4,16,40,43,46,47,27,25884380,mark6six_archive_crosscheck_hkjc,2026-07-15
10/081,2010-07-10,2,22,25,27,35,42,13,30392817,mark6six_archive_crosscheck_hkjc,2026-07-15
10/082,2010-07-13,2,3,5,25,43,48,24,27695400,mark6six_archive_crosscheck_hkjc,2026-07-15
10/083,2010-07-15,2,10,16,18,41,44,31,31235149,mark6six_archive_crosscheck_hkjc,2026-07-15
10/084,2010-07-17,7,12,30,34,40,48,33,34231600,mark6six_archive_crosscheck_hkjc,2026-07-15
10/085 SMR,2010-07-20,5,13,26,29,40,47,42,69107318,mark6six_archive_crosscheck_hkjc,2026-07-15
10/086,2010-07-24,6,15,22,25,33,42,24,34620619,mark6six_archive_crosscheck_hkjc,2026-07-15
10/087,2010-07-27,4,17,23,28,43,46,22,34098859,mark6six_archive_crosscheck_hkjc,2026-07-15
10/088,2010-07-29,12,13,38,41,44,49,22,37818128,mark6six_archive_crosscheck_hkjc,2026-07-15
10/089,2010-07-31,12,28,29,33,35,37,22,48795208,mark6six_archive_crosscheck_hkjc,2026-07-15
10/090,2010-08-03,9,17,26,31,35,36,42,69197703,mark6six_archive_crosscheck_hkjc,2026-07-15
10/091,2010-08-05,8,30,42,46,48,49,7,25386746,mark6six_archive_crosscheck_hkjc,2026-07-15
10/092,2010-08-07,3,18,34,41,45,46,37,31770955,mark6six_archive_crosscheck_hkjc,2026-07-15
10/093,2010-08-10,5,8,12,20,30,39,23,46101536,mark6six_archive_crosscheck_hkjc,2026-07-15
10/094,2010-08-12,6,17,29,33,42,48,34,52512588,mark6six_archive_crosscheck_hkjc,2026-07-15
10/095,2010-08-14,6,12,17,34,38,46,43,24799649,mark6six_archive_crosscheck_hkjc,2026-07-15
10/096,2010-08-17,2,5,8,22,25,35,16,34482760,mark6six_archive_crosscheck_hkjc,2026-07-15
10/097,2010-08-19,8,12,30,43,46,48,35,25969095,mark6six_archive_crosscheck_hkjc,2026-07-15
10/098,2010-08-21,18,21,34,37,40,49,28,29827938,mark6six_archive_crosscheck_hkjc,2026-07-15
10/099,2010-08-24,6,9,11,16,25,37,45,41011751,mark6six_archive_crosscheck_hkjc,2026-07-15
10/100,2010-08-26,1,7,9,10,36,44,37,47810452,mark6six_archive_crosscheck_hkjc,2026-07-15
10/101,2010-08-28,1,3,6,7,36,49,42,22914916,mark6six_archive_crosscheck_hkjc,2026-07-15
10/102,2010-08-30,6,16,39,40,46,49,41,23312235,mark6six_archive_crosscheck_hkjc,2026-07-15
10/103,2010-09-02,3,7,11,20,23,48,38,39104569,mark6six_archive_crosscheck_hkjc,2026-07-15
10/104,2010-09-04,17,19,25,34,43,45,47,22905735,mark6six_archive_crosscheck_hkjc,2026-07-15
10/105,2010-09-07,2,3,16,42,43,45,27,31785835,mark6six_archive_crosscheck_hkjc,2026-07-15
10/106,2010-09-09,2,4,19,34,37,41,5,36701524,mark6six_archive_crosscheck_hkjc,2026-07-15
10/107,2010-09-11,10,20,24,35,36,39,12,43069901,mark6six_archive_crosscheck_hkjc,2026-07-15
10/108,2010-09-14,3,4,7,22,30,39,6,64263302,mark6six_archive_crosscheck_hkjc,2026-07-15
10/109,2010-09-16,5,8,31,46,47,49,34,76918176,mark6six_archive_crosscheck_hkjc,2026-07-15
10/110,2010-09-19,12,17,19,26,33,40,25,24631768,mark6six_archive_crosscheck_hkjc,2026-07-15
10/111 MAF,2010-09-21,10,13,23,35,36,48,47,77449805,mark6six_archive_crosscheck_hkjc,2026-07-15
10/112,2010-09-25,16,23,30,37,39,43,5,28014994,mark6six_archive_crosscheck_hkjc,2026-07-15
10/113,2010-09-28,7,30,31,42,45,49,46,33204565,mark6six_archive_crosscheck_hkjc,2026-07-15
10/114,2010-09-30,9,18,21,22,26,29,27,36715118,mark6six_archive_crosscheck_hkjc,2026-07-15
10/115,2010-10-02,7,16,17,21,27,36,6,36441544,mark6six_archive_crosscheck_hkjc,2026-07-15
10/116,2010-10-05,5,6,8,16,29,31,12,54165390,mark6six_archive_crosscheck_hkjc,2026-07-15
10/117,2010-10-07,14,15,21,22,32,40,2,24578756,mark6six_archive_crosscheck_hkjc,2026-07-15
10/118,2010-10-09,22,37,41,42,44,45,27,28417243,mark6six_archive_crosscheck_hkjc,2026-07-15
10/119,2010-10-12,9,13,21,24,38,46,27,27792821,mark6six_archive_crosscheck_hkjc,2026-07-15
10/120,2010-10-14,4,7,10,26,42,47,13,24014976,mark6six_archive_crosscheck_hkjc,2026-07-15
10/121,2010-10-16,1,29,30,44,45,49,41,25098042,mark6six_archive_crosscheck_hkjc,2026-07-15
10/122,2010-10-19,2,20,29,38,39,43,37,35424615,mark6six_archive_crosscheck_hkjc,2026-07-15
10/123,2010-10-21,4,9,23,35,46,49,18,39853236,mark6six_archive_crosscheck_hkjc,2026-07-15
10/124,2010-10-23,1,28,33,41,42,45,8,21378467,mark6six_archive_crosscheck_hkjc,2026-07-15
10/125,2010-10-26,3,8,14,20,33,41,32,31276404,mark6six_archive_crosscheck_hkjc,2026-07-15
10/126,2010-10-28,8,9,17,31,36,47,46,34887281,mark6six_archive_crosscheck_hkjc,2026-07-15
10/127,2010-10-30,7,8,12,24,30,49,27,21738137,mark6six_archive_crosscheck_hkjc,2026-07-15
10/128,2010-11-02,5,17,24,25,36,45,15,31219817,mark6six_archive_crosscheck_hkjc,2026-07-15
10/129,2010-11-04,5,9,25,27,33,44,17,23579528,mark6six_archive_crosscheck_hkjc,2026-07-15
10/130 ANN,2010-11-09,4,15,41,43,45,49,18,75939693,mark6six_archive_crosscheck_hkjc,2026-07-15
10/131,2010-11-11,5,6,15,28,29,43,48,66989785,mark6six_archive_crosscheck_hkjc,2026-07-15
10/132,2010-11-13,7,18,21,28,47,48,35,45195821,mark6six_archive_crosscheck_hkjc,2026-07-15
10/133,2010-11-16,3,12,20,39,46,49,19,56396898,mark6six_archive_crosscheck_hkjc,2026-07-15
10/134,2010-11-18,6,20,30,33,39,47,23,41264389,mark6six_archive_crosscheck_hkjc,2026-07-15
10/135,2010-11-20,3,6,9,29,30,33,14,43971392,mark6six_archive_crosscheck_hkjc,2026-07-15
10/136,2010-11-23,1,10,11,24,30,49,35,29558927,mark6six_archive_crosscheck_hkjc,2026-07-15
10/137,2010-11-25,17,22,28,31,39,45,8,26804375,mark6six_archive_crosscheck_hkjc,2026-07-15
10/138,2010-11-27,13,17,25,26,43,44,42,30245380,mark6six_archive_crosscheck_hkjc,2026-07-15
10/139,2010-11-30,3,14,16,19,45,48,9,39833040,mark6six_archive_crosscheck_hkjc,2026-07-15
10/140,2010-12-02,6,11,17,31,40,41,34,44807854,mark6six_archive_crosscheck_hkjc,2026-07-15
10/141,2010-12-05,9,10,20,42,46,47,27,35967933,mark6six_archive_crosscheck_hkjc,2026-07-15
10/142,2010-12-07,12,13,18,20,28,48,14,42730883,mark6six_archive_crosscheck_hkjc,2026-07-15
10/143,2010-12-09,4,10,20,25,33,36,37,49105928,mark6six_archive_crosscheck_hkjc,2026-07-15
10/144,2010-12-11,15,18,22,24,27,30,10,52883848,mark6six_archive_crosscheck_hkjc,2026-07-15
10/145,2010-12-14,3,7,28,29,38,48,40,30050141,mark6six_archive_crosscheck_hkjc,2026-07-15
10/146,2010-12-16,12,13,18,19,27,29,10,32967763,mark6six_archive_crosscheck_hkjc,2026-07-15
10/147,2010-12-18,15,19,34,39,44,45,23,36134015,mark6six_archive_crosscheck_hkjc,2026-07-15
10/148,2010-12-20,4,5,12,16,18,41,7,35498735,mark6six_archive_crosscheck_hkjc,2026-07-15
10/149 XMS,2010-12-22,3,4,15,24,35,41,36,84601264,mark6six_archive_crosscheck_hkjc,2026-07-15
10/150,2010-12-25,1,2,4,13,43,48,11,31657679,mark6six_archive_crosscheck_hkjc,2026-07-15
10/151,2010-12-28,8,23,28,31,36,37,12,35333464,mark6six_archive_crosscheck_hkjc,2026-07-15
10/152,2010-12-30,4,13,18,20,36,39,12,40461626,mark6six_archive_crosscheck_hkjc,2026-07-15
11/001,2011-01-02,1,13,20,24,37,39,3,48883539,mark6six_archive_crosscheck_hkjc,2026-07-15
11/002,2011-01-04,4,9,16,20,38,39,40,54885360,mark6six_archive_crosscheck_hkjc,2026-07-15
11/003,2011-01-06,4,7,14,15,19,26,43,65122179,mark6six_archive_crosscheck_hkjc,2026-07-15
11/004,2011-01-08,10,12,18,21,27,33,4,44500350,mark6six_archive_crosscheck_hkjc,2026-07-15
11/005 STE,2011-01-11,1,2,29,37,42,48,38,65742705,mark6six_archive_crosscheck_hkjc,2026-07-15
11/006,2011-01-13,17,19,25,36,40,44,10,67217735,mark6six_archive_crosscheck_hkjc,2026-07-15
11/007,2011-01-15,13,18,29,31,32,46,2,28312668,mark6six_archive_crosscheck_hkjc,2026-07-15
11/008,2011-01-18,9,15,21,31,33,41,37,40799809,mark6six_archive_crosscheck_hkjc,2026-07-15
11/009,2011-01-20,5,21,28,30,37,42,48,30415429,mark6six_archive_crosscheck_hkjc,2026-07-15
11/010,2011-01-22,1,15,30,39,45,49,37,33807220,mark6six_archive_crosscheck_hkjc,2026-07-15
11/011,2011-01-25,9,14,16,17,21,26,20,43480285,mark6six_archive_crosscheck_hkjc,2026-07-15
11/012,2011-01-27,1,6,14,25,29,35,48,48381942,mark6six_archive_crosscheck_hkjc,2026-07-15
11/013,2011-01-29,5,8,9,10,29,49,46,55839467,mark6six_archive_crosscheck_hkjc,2026-07-15
11/014,2011-02-01,1,8,22,32,46,48,9,36803494,mark6six_archive_crosscheck_hkjc,2026-07-15
11/015,2011-02-03,6,8,10,28,36,37,21,32400524,mark6six_archive_crosscheck_hkjc,2026-07-15
11/016 CNY,2011-02-06,1,2,16,27,31,47,19,86445363,mark6six_archive_crosscheck_hkjc,2026-07-15
11/017,2011-02-08,11,21,27,28,32,34,17,33419499,mark6six_archive_crosscheck_hkjc,2026-07-15
11/018,2011-02-10,2,3,9,18,20,36,12,39767865,mark6six_archive_crosscheck_hkjc,2026-07-15
11/019,2011-02-13,10,13,20,24,37,47,16,43860802,mark6six_archive_crosscheck_hkjc,2026-07-15
11/020,2011-02-15,16,17,18,27,38,41,30,37832411,mark6six_archive_crosscheck_hkjc,2026-07-15
11/021,2011-02-17,9,24,25,30,35,37,45,46613470,mark6six_archive_crosscheck_hkjc,2026-07-15
11/022,2011-02-19,13,16,18,23,34,42,40,28612695,mark6six_archive_crosscheck_hkjc,2026-07-15
11/023,2011-02-22,3,8,21,22,28,48,5,38932125,mark6six_archive_crosscheck_hkjc,2026-07-15
11/024,2011-02-24,7,26,27,29,30,41,44,40402605,mark6six_archive_crosscheck_hkjc,2026-07-15
11/025,2011-02-26,1,24,28,33,37,47,49,29250840,mark6six_archive_crosscheck_hkjc,2026-07-15
11/026,2011-03-01,4,25,30,41,43,45,29,40389120,mark6six_archive_crosscheck_hkjc,2026-07-15
11/027,2011-03-03,8,9,13,17,33,49,30,44721597,mark6six_archive_crosscheck_hkjc,2026-07-15
11/028,2011-03-05,2,7,16,25,29,34,10,48084311,mark6six_archive_crosscheck_hkjc,2026-07-15
11/029,2011-03-08,4,15,23,33,37,47,22,32332300,mark6six_archive_crosscheck_hkjc,2026-07-15
11/030,2011-03-10,2,6,21,45,46,49,28,29824866,mark6six_archive_crosscheck_hkjc,2026-07-15
11/031,2011-03-13,6,14,26,27,30,43,21,34672197,mark6six_archive_crosscheck_hkjc,2026-07-15
11/032,2011-03-15,4,11,15,16,35,42,9,38049006,mark6six_archive_crosscheck_hkjc,2026-07-15
11/033,2011-03-17,4,5,23,31,39,48,20,45003357,mark6six_archive_crosscheck_hkjc,2026-07-15
11/034,2011-03-19,8,12,24,31,33,41,20,48073604,mark6six_archive_crosscheck_hkjc,2026-07-15
11/035 STE,2011-03-22,18,24,26,34,38,45,15,72424267,mark6six_archive_crosscheck_hkjc,2026-07-15
11/036,2011-03-24,10,16,17,38,42,43,13,77283230,mark6six_archive_crosscheck_hkjc,2026-07-15
11/037,2011-03-26,2,12,20,25,31,47,29,90309645,mark6six_archive_crosscheck_hkjc,2026-07-15
11/038,2011-03-29,1,2,9,20,24,49,43,30808737,mark6six_archive_crosscheck_hkjc,2026-07-15
11/039,2011-03-31,6,23,24,38,39,40,32,29542332,mark6six_archive_crosscheck_hkjc,2026-07-15
11/040,2011-04-02,3,12,15,31,36,49,11,28310678,mark6six_archive_crosscheck_hkjc,2026-07-15
11/041,2011-04-05,8,10,26,29,41,44,9,36217980,mark6six_archive_crosscheck_hkjc,2026-07-15
11/042,2011-04-07,1,5,21,26,31,43,22,44118236,mark6six_archive_crosscheck_hkjc,2026-07-15
11/043,2011-04-10,6,10,24,34,37,47,12,50627666,mark6six_archive_crosscheck_hkjc,2026-07-15
11/044,2011-04-12,2,4,9,12,21,31,10,29216641,mark6six_archive_crosscheck_hkjc,2026-07-15
11/045,2011-04-14,12,14,23,32,37,39,28,31427980,mark6six_archive_crosscheck_hkjc,2026-07-15
11/046,2011-04-16,1,16,17,26,31,36,45,33728030,mark6six_archive_crosscheck_hkjc,2026-07-15
11/047 EAS,2011-04-19,1,8,18,20,22,46,28,78952880,mark6six_archive_crosscheck_hkjc,2026-07-15
11/048,2011-04-21,1,6,9,10,22,26,35,79369908,mark6six_archive_crosscheck_hkjc,2026-07-15
11/049,2011-04-23,2,4,26,30,31,43,38,25734501,mark6six_archive_crosscheck_hkjc,2026-07-15
11/050,2011-04-26,11,15,25,29,30,49,47,37409831,mark6six_archive_crosscheck_hkjc,2026-07-15
11/051,2011-04-28,1,6,15,30,33,49,3,33995839,mark6six_archive_crosscheck_hkjc,2026-07-15
11/052,2011-04-30,9,10,23,29,30,34,36,37467825,mark6six_archive_crosscheck_hkjc,2026-07-15
11/053,2011-05-03,2,3,13,23,34,38,5,48129777,mark6six_archive_crosscheck_hkjc,2026-07-15
11/054,2011-05-05,5,6,15,20,32,48,22,53422590,mark6six_archive_crosscheck_hkjc,2026-07-15
11/055,2011-05-08,10,14,26,29,39,41,6,63928210,mark6six_archive_crosscheck_hkjc,2026-07-15
11/056,2011-05-12,4,9,25,28,39,45,30,84454895,mark6six_archive_crosscheck_hkjc,2026-07-15
11/057,2011-05-14,4,10,15,22,33,35,48,87186700,mark6six_archive_crosscheck_hkjc,2026-07-15
11/058,2011-05-17,12,14,27,35,46,49,31,159101978,mark6six_archive_crosscheck_hkjc,2026-07-15
11/059,2011-05-20,13,15,18,30,32,48,8,342962710,mark6six_archive_crosscheck_hkjc,2026-07-15
11/060,2011-05-22,15,17,22,36,45,47,35,25550252,mark6six_archive_crosscheck_hkjc,2026-07-15
11/061,2011-05-24,11,20,31,33,39,48,4,41565375,mark6six_archive_crosscheck_hkjc,2026-07-15
11/062,2011-05-26,5,6,22,37,44,48,23,51154026,mark6six_archive_crosscheck_hkjc,2026-07-15
11/063,2011-05-28,7,13,34,38,43,44,10,42781899,mark6six_archive_crosscheck_hkjc,2026-07-15
11/064,2011-05-31,1,4,10,24,30,39,8,37959699,mark6six_archive_crosscheck_hkjc,2026-07-15
11/065,2011-06-02,2,7,18,23,39,47,17,40355452,mark6six_archive_crosscheck_hkjc,2026-07-15
11/066,2011-06-04,7,8,33,36,46,49,18,44301987,mark6six_archive_crosscheck_hkjc,2026-07-15
11/067 DBF,2011-06-07,22,24,33,36,42,49,38,92463430,mark6six_archive_crosscheck_hkjc,2026-07-15
11/068,2011-06-09,3,5,6,15,39,42,35,32373901,mark6six_archive_crosscheck_hkjc,2026-07-15
11/069,2011-06-12,1,4,13,17,35,44,22,39576203,mark6six_archive_crosscheck_hkjc,2026-07-15
11/070,2011-06-14,12,13,19,22,39,48,46,35255320,mark6six_archive_crosscheck_hkjc,2026-07-15
11/071,2011-06-16,4,12,26,44,47,48,2,41724340,mark6six_archive_crosscheck_hkjc,2026-07-15
11/072,2011-06-18,14,16,38,44,48,49,39,46343205,mark6six_archive_crosscheck_hkjc,2026-07-15
11/073,2011-06-21,9,10,16,21,32,47,38,33001451,mark6six_archive_crosscheck_hkjc,2026-07-15
11/074,2011-06-23,2,15,27,32,43,49,42,35540886,mark6six_archive_crosscheck_hkjc,2026-07-15
11/075,2011-06-25,4,23,24,30,34,45,19,39887175,mark6six_archive_crosscheck_hkjc,2026-07-15
11/076,2011-06-28,4,15,17,43,45,47,38,49056896,mark6six_archive_crosscheck_hkjc,2026-07-15
11/077,2011-06-30,10,20,40,46,48,49,13,57434811,mark6six_archive_crosscheck_hkjc,2026-07-15
11/078,2011-07-02,5,13,31,33,34,35,27,62473042,mark6six_archive_crosscheck_hkjc,2026-07-15
11/079,2011-07-05,9,16,22,28,30,32,37,92140292,mark6six_archive_crosscheck_hkjc,2026-07-15
11/080,2011-07-07,10,14,29,35,40,46,30,30764033,mark6six_archive_crosscheck_hkjc,2026-07-15
11/081,2011-07-09,1,10,11,13,42,48,15,35624330,mark6six_archive_crosscheck_hkjc,2026-07-15
11/082,2011-07-12,16,18,28,33,41,45,29,34030400,mark6six_archive_crosscheck_hkjc,2026-07-15
11/083,2011-07-14,11,13,33,37,45,48,36,36565480,mark6six_archive_crosscheck_hkjc,2026-07-15
11/084,2011-07-16,11,17,20,31,48,49,35,29039326,mark6six_archive_crosscheck_hkjc,2026-07-15
11/085 SMR,2011-07-19,3,10,31,40,41,43,20,81348033,mark6six_archive_crosscheck_hkjc,2026-07-15
11/086,2011-07-21,6,18,26,28,30,49,22,82552099,mark6six_archive_crosscheck_hkjc,2026-07-15
11/087,2011-07-24,7,8,27,29,37,48,21,102999064,mark6six_archive_crosscheck_hkjc,2026-07-15
11/088,2011-07-26,15,25,26,34,35,41,10,67713944,mark6six_archive_crosscheck_hkjc,2026-07-15
11/089,2011-07-28,11,21,30,36,42,47,34,73849714,mark6six_archive_crosscheck_hkjc,2026-07-15
11/090,2011-07-30,6,29,44,45,46,47,30,33644596,mark6six_archive_crosscheck_hkjc,2026-07-15
11/091,2011-08-02,11,14,21,24,25,47,36,44312716,mark6six_archive_crosscheck_hkjc,2026-07-15
11/092,2011-08-04,2,11,25,32,34,39,31,46944341,mark6six_archive_crosscheck_hkjc,2026-07-15
11/093,2011-08-06,9,30,31,34,42,45,24,51628156,mark6six_archive_crosscheck_hkjc,2026-07-15
11/094,2011-08-09,5,6,11,25,45,48,34,66185681,mark6six_archive_crosscheck_hkjc,2026-07-15
11/095,2011-08-11,4,6,7,25,35,37,48,74824663,mark6six_archive_crosscheck_hkjc,2026-07-15
11/096,2011-08-13,11,18,23,31,37,49,10,30696647,mark6six_archive_crosscheck_hkjc,2026-07-15
11/097,2011-08-16,5,8,9,10,22,38,7,41740730,mark6six_archive_crosscheck_hkjc,2026-07-15
11/098,2011-08-18,5,14,17,43,45,49,12,45806753,mark6six_archive_crosscheck_hkjc,2026-07-15
11/099,2011-08-20,13,15,17,23,26,47,1,48006147,mark6six_archive_crosscheck_hkjc,2026-07-15
11/100,2011-08-23,11,24,25,36,41,45,40,59856919,mark6six_archive_crosscheck_hkjc,2026-07-15
11/101,2011-08-25,6,10,17,20,25,28,2,65433423,mark6six_archive_crosscheck_hkjc,2026-07-15
11/102,2011-08-27,9,10,19,27,29,45,30,29222198,mark6six_archive_crosscheck_hkjc,2026-07-15
11/103,2011-08-30,9,15,24,46,48,49,6,36058501,mark6six_archive_crosscheck_hkjc,2026-07-15
11/104,2011-09-02,2,29,33,34,44,49,42,34633979,mark6six_archive_crosscheck_hkjc,2026-07-15
11/105,2011-09-04,4,18,21,22,39,46,29,35517904,mark6six_archive_crosscheck_hkjc,2026-07-15
11/106,2011-09-06,1,4,7,21,23,44,17,43718081,mark6six_archive_crosscheck_hkjc,2026-07-15
11/107,2011-09-08,14,18,22,30,39,44,32,31954366,mark6six_archive_crosscheck_hkjc,2026-07-15
11/108,2011-09-10,15,19,36,44,45,49,16,38305066,mark6six_archive_crosscheck_hkjc,2026-07-15
11/109 MAF,2011-09-13,11,13,16,19,28,46,22,111922296,mark6six_archive_crosscheck_hkjc,2026-07-15
11/110,2011-09-15,5,7,13,29,41,49,25,98579063,mark6six_archive_crosscheck_hkjc,2026-07-15
11/111,2011-09-17,6,12,14,25,35,43,42,64072858,mark6six_archive_crosscheck_hkjc,2026-07-15
11/112,2011-09-20,10,27,33,40,47,48,13,36298504,mark6six_archive_crosscheck_hkjc,2026-07-15
11/113,2011-09-22,8,10,19,27,39,44,6,34909079,mark6six_archive_crosscheck_hkjc,2026-07-15
11/114,2011-09-24,6,16,18,28,34,40,38,38674999,mark6six_archive_crosscheck_hkjc,2026-07-15
11/115,2011-09-27,4,22,23,37,40,49,13,47883595,mark6six_archive_crosscheck_hkjc,2026-07-15
11/116,2011-10-02,9,14,22,37,41,45,5,60165159,mark6six_archive_crosscheck_hkjc,2026-07-15
11/117,2011-10-04,1,4,9,15,37,39,47,30814243,mark6six_archive_crosscheck_hkjc,2026-07-15
11/118,2011-10-08,4,8,24,26,37,41,33,44606687,mark6six_archive_crosscheck_hkjc,2026-07-15
11/119,2011-10-11,2,6,22,25,33,39,46,45894566,mark6six_archive_crosscheck_hkjc,2026-07-15
11/120,2011-10-13,2,8,28,30,33,40,23,47908626,mark6six_archive_crosscheck_hkjc,2026-07-15
11/121,2011-10-15,11,24,28,37,41,43,13,53372245,mark6six_archive_crosscheck_hkjc,2026-07-15
11/122,2011-10-18,4,9,23,37,47,48,14,71866623,mark6six_archive_crosscheck_hkjc,2026-07-15
11/123,2011-10-20,2,16,23,32,34,35,40,29899395,mark6six_archive_crosscheck_hkjc,2026-07-15
11/124,2011-10-22,1,11,18,20,26,30,47,34983206,mark6six_archive_crosscheck_hkjc,2026-07-15
11/125 STE,2011-10-25,17,22,26,27,29,35,44,81998348,mark6six_archive_crosscheck_hkjc,2026-07-15
11/126,2011-10-27,1,9,22,43,46,48,49,30372377,mark6six_archive_crosscheck_hkjc,2026-07-15
11/127,2011-10-29,5,12,15,17,18,39,47,34275117,mark6six_archive_crosscheck_hkjc,2026-07-15
11/128,2011-11-01,8,15,19,21,24,44,10,46298012,mark6six_archive_crosscheck_hkjc,2026-07-15
11/129,2011-11-03,1,3,21,34,41,44,43,48225209,mark6six_archive_crosscheck_hkjc,2026-07-15
11/130,2011-11-06,1,3,7,11,16,34,49,57963521,mark6six_archive_crosscheck_hkjc,2026-07-15
11/131,2011-11-08,2,23,30,34,40,42,48,68915150,mark6six_archive_crosscheck_hkjc,2026-07-15
11/132,2011-11-10,4,7,9,20,37,49,33,30855328,mark6six_archive_crosscheck_hkjc,2026-07-15
11/133,2011-11-12,10,17,29,33,42,48,35,35727668,mark6six_archive_crosscheck_hkjc,2026-07-15
11/134,2011-11-15,7,11,14,25,26,30,29,48402879,mark6six_archive_crosscheck_hkjc,2026-07-15
11/135,2011-11-17,3,6,23,24,42,44,35,50448764,mark6six_archive_crosscheck_hkjc,2026-07-15
11/136,2011-11-19,10,12,13,14,22,47,21,30613702,mark6six_archive_crosscheck_hkjc,2026-07-15
11/137,2011-11-22,7,21,24,31,43,47,5,41861269,mark6six_archive_crosscheck_hkjc,2026-07-15
11/138,2011-11-24,3,5,19,35,38,41,32,46401264,mark6six_archive_crosscheck_hkjc,2026-07-15
11/139,2011-11-26,4,22,33,39,42,47,14,49434499,mark6six_archive_crosscheck_hkjc,2026-07-15
11/140,2011-11-29,3,6,13,37,40,42,29,67745359,mark6six_archive_crosscheck_hkjc,2026-07-15
11/141,2011-12-01,1,3,8,22,28,33,5,77194239,mark6six_archive_crosscheck_hkjc,2026-07-15
11/142,2011-12-03,2,3,9,18,23,37,31,28798685,mark6six_archive_crosscheck_hkjc,2026-07-15
11/143,2011-12-06,1,2,5,6,11,43,25,40206868,mark6six_archive_crosscheck_hkjc,2026-07-15
11/144,2011-12-08,5,20,22,28,36,48,1,43934065,mark6six_archive_crosscheck_hkjc,2026-07-15
11/145,2011-12-10,3,14,21,25,27,42,34,34430922,mark6six_archive_crosscheck_hkjc,2026-07-15
11/146,2011-12-13,3,25,32,36,38,40,31,45111327,mark6six_archive_crosscheck_hkjc,2026-07-15
11/147,2011-12-15,9,21,29,34,43,47,32,47837502,mark6six_archive_crosscheck_hkjc,2026-07-15
11/148,2011-12-18,1,2,23,35,38,46,5,54784706,mark6six_archive_crosscheck_hkjc,2026-07-15
11/149 XMS,2011-12-20,26,29,31,37,43,49,2,95020661,mark6six_archive_crosscheck_hkjc,2026-07-15
11/150,2011-12-22,5,16,18,28,37,49,24,32661416,mark6six_archive_crosscheck_hkjc,2026-07-15
11/151,2011-12-24,1,4,17,24,27,43,41,37647017,mark6six_archive_crosscheck_hkjc,2026-07-15
11/152,2011-12-26,8,30,31,37,38,48,5,23683821,mark6six_archive_crosscheck_hkjc,2026-07-15
11/153,2011-12-29,7,10,21,23,29,39,1,41025568,mark6six_archive_crosscheck_hkjc,2026-07-15
11/154,2011-12-31,2,3,27,40,44,49,38,43332819,mark6six_archive_crosscheck_hkjc,2026-07-15
12/001,2012-01-03,5,12,31,34,37,45,10,41183501,mark6six_archive_crosscheck_hkjc,2026-07-15
12/002,2012-01-05,9,11,33,43,46,48,2,43406215,mark6six_archive_crosscheck_hkjc,2026-07-15
12/003,2012-01-07,3,7,10,31,32,35,30,47701437,mark6six_archive_crosscheck_hkjc,2026-07-15
12/004,2012-01-10,3,20,26,31,32,35,12,35006668,mark6six_archive_crosscheck_hkjc,2026-07-15
12/005,2012-01-12,15,27,32,36,44,48,47,39381002,mark6six_archive_crosscheck_hkjc,2026-07-15
12/006,2012-01-14,10,13,20,24,29,36,14,43197007,mark6six_archive_crosscheck_hkjc,2026-07-15
12/007,2012-01-17,16,23,24,35,36,44,1,34740268,mark6six_archive_crosscheck_hkjc,2026-07-15
12/008,2012-01-19,1,2,14,18,25,39,31,40077668,mark6six_archive_crosscheck_hkjc,2026-07-15
12/009,2012-01-22,10,14,18,20,34,47,41,49532713,mark6six_archive_crosscheck_hkjc,2026-07-15
12/010 CNY,2012-01-26,3,10,11,17,29,34,15,129184005,mark6six_archive_crosscheck_hkjc,2026-07-15
12/011,2012-01-31,22,27,28,29,42,46,49,201428850,mark6six_archive_crosscheck_hkjc,2026-07-15
12/012,2012-02-02,14,20,21,38,45,46,47,33968081,mark6six_archive_crosscheck_hkjc,2026-07-15
12/013,2012-02-04,6,12,16,20,27,38,7,40750547,mark6six_archive_crosscheck_hkjc,2026-07-15
12/014,2012-02-07,11,16,30,34,41,45,47,37524293,mark6six_archive_crosscheck_hkjc,2026-07-15
12/015,2012-02-09,3,12,20,33,34,41,43,40309262,mark6six_archive_crosscheck_hkjc,2026-07-15
12/016,2012-02-12,7,9,33,34,39,41,48,49136937,mark6six_archive_crosscheck_hkjc,2026-07-15
12/017,2012-02-14,10,14,21,37,39,49,25,43035930,mark6six_archive_crosscheck_hkjc,2026-07-15
12/018,2012-02-16,4,12,18,25,42,44,8,49764063,mark6six_archive_crosscheck_hkjc,2026-07-15
12/019,2012-02-18,5,12,16,17,41,46,15,32786117,mark6six_archive_crosscheck_hkjc,2026-07-15
12/020,2012-02-21,1,11,12,15,35,49,17,43934272,mark6six_archive_crosscheck_hkjc,2026-07-15
12/021,2012-02-23,1,5,15,22,43,47,37,46262452,mark6six_archive_crosscheck_hkjc,2026-07-15
12/022,2012-02-25,12,14,24,26,27,49,22,50808536,mark6six_archive_crosscheck_hkjc,2026-07-15
12/023,2012-02-28,8,9,24,28,37,49,47,66889282,mark6six_archive_crosscheck_hkjc,2026-07-15
12/024,2012-03-01,25,30,31,34,40,47,13,77515307,mark6six_archive_crosscheck_hkjc,2026-07-15
12/025,2012-03-03,1,3,4,8,21,28,5,96315167,mark6six_archive_crosscheck_hkjc,2026-07-15
12/026,2012-03-06,3,7,28,31,33,36,32,35457403,mark6six_archive_crosscheck_hkjc,2026-07-15
12/027,2012-03-08,3,5,9,17,35,36,43,33121073,mark6six_archive_crosscheck_hkjc,2026-07-15
12/028,2012-03-11,10,23,33,39,42,48,34,36274165,mark6six_archive_crosscheck_hkjc,2026-07-15
12/029,2012-03-13,7,8,26,43,47,48,12,32733797,mark6six_archive_crosscheck_hkjc,2026-07-15
12/030,2012-03-15,4,28,31,34,48,49,6,38792307,mark6six_archive_crosscheck_hkjc,2026-07-15
12/031,2012-03-17,4,6,13,18,23,45,15,43909972,mark6six_archive_crosscheck_hkjc,2026-07-15
12/032,2012-03-20,11,13,18,29,44,46,37,60075662,mark6six_archive_crosscheck_hkjc,2026-07-15
12/033,2012-03-22,2,35,38,47,48,49,41,44084707,mark6six_archive_crosscheck_hkjc,2026-07-15
12/034,2012-03-24,3,23,32,35,43,49,34,48198800,mark6six_archive_crosscheck_hkjc,2026-07-15
12/035,2012-03-27,2,7,17,25,30,43,38,60663409,mark6six_archive_crosscheck_hkjc,2026-07-15
12/036,2012-03-29,10,16,21,28,29,31,8,31211076,mark6six_archive_crosscheck_hkjc,2026-07-15
12/037,2012-03-31,11,19,30,33,37,44,18,37426753,mark6six_archive_crosscheck_hkjc,2026-07-15
12/038 EAS,2012-04-03,20,21,28,44,46,47,42,103026035,mark6six_archive_crosscheck_hkjc,2026-07-15
12/039,2012-04-05,13,15,17,18,41,45,14,52037809,mark6six_archive_crosscheck_hkjc,2026-07-15
12/040,2012-04-07,3,14,22,24,34,49,44,29830321,mark6six_archive_crosscheck_hkjc,2026-07-15
12/041,2012-04-10,4,11,16,26,42,47,6,39608787,mark6six_archive_crosscheck_hkjc,2026-07-15
12/042,2012-04-12,2,11,16,17,25,28,41,44023673,mark6six_archive_crosscheck_hkjc,2026-07-15
12/043,2012-04-14,3,15,19,20,32,40,25,48234912,mark6six_archive_crosscheck_hkjc,2026-07-15
12/044,2012-04-17,6,7,17,19,35,46,4,60491095,mark6six_archive_crosscheck_hkjc,2026-07-15
12/045,2012-04-19,5,12,13,20,37,41,23,68139653,mark6six_archive_crosscheck_hkjc,2026-07-15
12/046,2012-04-22,1,3,11,21,41,42,2,84090395,mark6six_archive_crosscheck_hkjc,2026-07-15
12/047,2012-04-24,1,17,28,29,31,34,45,31861666,mark6six_archive_crosscheck_hkjc,2026-07-15
12/048,2012-04-26,7,10,11,17,22,30,14,37290401,mark6six_archive_crosscheck_hkjc,2026-07-15
12/049,2012-04-28,11,17,19,20,29,32,38,40829811,mark6six_archive_crosscheck_hkjc,2026-07-15
12/050,2012-05-01,5,17,19,26,32,33,22,52369801,mark6six_archive_crosscheck_hkjc,2026-07-15
12/051,2012-05-03,2,20,28,46,47,49,3,57629143,mark6six_archive_crosscheck_hkjc,2026-07-15
12/052,2012-05-05,4,11,17,29,39,49,8,31028197,mark6six_archive_crosscheck_hkjc,2026-07-15
12/053,2012-05-08,4,9,10,17,33,34,35,41758827,mark6six_archive_crosscheck_hkjc,2026-07-15
12/054,2012-05-10,13,17,23,32,34,46,41,44033536,mark6six_archive_crosscheck_hkjc,2026-07-15
12/055,2012-05-13,16,21,30,34,39,45,4,53611476,mark6six_archive_crosscheck_hkjc,2026-07-15
12/056,2012-05-15,5,14,16,22,23,33,32,56894756,mark6six_archive_crosscheck_hkjc,2026-07-15
12/057,2012-05-17,1,10,15,21,27,37,40,66813866,mark6six_archive_crosscheck_hkjc,2026-07-15
12/058,2012-05-20,3,17,23,26,41,47,33,30489776,mark6six_archive_crosscheck_hkjc,2026-07-15
12/059,2012-05-22,1,8,22,26,32,37,41,38415154,mark6six_archive_crosscheck_hkjc,2026-07-15
12/060,2012-05-24,2,5,8,29,40,47,34,44061862,mark6six_archive_crosscheck_hkjc,2026-07-15
12/061,2012-05-26,9,10,20,22,38,49,7,29036301,mark6six_archive_crosscheck_hkjc,2026-07-15
12/062,2012-05-29,8,18,20,22,31,37,46,33175665,mark6six_archive_crosscheck_hkjc,2026-07-15
12/063,2012-05-31,4,9,24,31,39,47,38,33828222,mark6six_archive_crosscheck_hkjc,2026-07-15
12/064,2012-06-02,9,14,19,20,43,47,37,36033730,mark6six_archive_crosscheck_hkjc,2026-07-15
12/065,2012-06-05,10,21,26,34,35,43,37,47912779,mark6six_archive_crosscheck_hkjc,2026-07-15
12/066,2012-06-07,4,17,20,29,39,48,9,52834536,mark6six_archive_crosscheck_hkjc,2026-07-15
12/067,2012-06-10,8,15,18,37,39,44,6,66001273,mark6six_archive_crosscheck_hkjc,2026-07-15
12/068,2012-06-12,7,14,16,25,30,36,32,81568359,mark6six_archive_crosscheck_hkjc,2026-07-15
12/069,2012-06-16,2,4,6,7,13,29,9,127756978,mark6six_archive_crosscheck_hkjc,2026-07-15
12/070,2012-06-19,10,13,26,40,42,48,24,33991068,mark6six_archive_crosscheck_hkjc,2026-07-15
12/071 DBF,2012-06-21,2,5,8,13,17,35,28,90481987,mark6six_archive_crosscheck_hkjc,2026-07-15
12/072,2012-06-23,9,14,17,34,40,48,39,30328336,mark6six_archive_crosscheck_hkjc,2026-07-15
12/073,2012-06-26,6,19,26,28,37,49,47,41424639,mark6six_archive_crosscheck_hkjc,2026-07-15
12/074,2012-06-28,3,6,14,19,27,36,24,31679371,mark6six_archive_crosscheck_hkjc,2026-07-15
12/075,2012-06-30,10,13,28,32,37,41,1,29722428,mark6six_archive_crosscheck_hkjc,2026-07-15
12/076,2012-07-03,6,10,12,14,31,38,20,38214283,mark6six_archive_crosscheck_hkjc,2026-07-15
12/077,2012-07-05,2,3,11,24,26,27,44,42640598,mark6six_archive_crosscheck_hkjc,2026-07-15
12/078,2012-07-07,1,4,5,22,44,46,37,45674602,mark6six_archive_crosscheck_hkjc,2026-07-15
12/079,2012-07-10,4,7,13,28,36,49,3,58042219,mark6six_archive_crosscheck_hkjc,2026-07-15
12/080,2012-07-12,2,13,33,39,40,44,43,30882410,mark6six_archive_crosscheck_hkjc,2026-07-15
12/081,2012-07-14,2,6,16,24,41,46,27,34229212,mark6six_archive_crosscheck_hkjc,2026-07-15
12/082,2012-07-17,8,11,17,24,30,49,3,47079659,mark6six_archive_crosscheck_hkjc,2026-07-15
12/083,2012-07-19,9,20,30,34,35,46,29,48520746,mark6six_archive_crosscheck_hkjc,2026-07-15
12/084,2012-07-21,7,19,23,30,34,45,13,51194492,mark6six_archive_crosscheck_hkjc,2026-07-15
12/085,2012-07-24,10,11,15,22,23,45,31,29671737,mark6six_archive_crosscheck_hkjc,2026-07-15
12/086,2012-07-26,9,11,13,22,24,44,32,35385209,mark6six_archive_crosscheck_hkjc,2026-07-15
12/087,2012-07-28,18,25,38,40,44,45,5,39306513,mark6six_archive_crosscheck_hkjc,2026-07-15
12/088 SMR,2012-07-31,2,10,16,23,35,47,1,92663222,mark6six_archive_crosscheck_hkjc,2026-07-15
12/089,2012-08-02,9,11,12,22,28,49,7,29800817,mark6six_archive_crosscheck_hkjc,2026-07-15
12/090,2012-08-04,8,15,20,41,42,49,12,35176642,mark6six_archive_crosscheck_hkjc,2026-07-15
12/091,2012-08-07,2,9,13,40,44,46,10,34598377,mark6six_archive_crosscheck_hkjc,2026-07-15
12/092,2012-08-09,10,13,20,22,42,46,48,30943057,mark6six_archive_crosscheck_hkjc,2026-07-15
12/093,2012-08-11,5,11,12,31,41,42,16,34202309,mark6six_archive_crosscheck_hkjc,2026-07-15
12/094,2012-08-14,2,13,16,34,37,47,28,32891775,mark6six_archive_crosscheck_hkjc,2026-07-15
12/095,2012-08-16,5,6,13,19,23,34,8,35900184,mark6six_archive_crosscheck_hkjc,2026-07-15
12/096,2012-08-18,7,10,22,32,34,48,45,40312266,mark6six_archive_crosscheck_hkjc,2026-07-15
12/097,2012-08-21,1,7,12,17,36,38,48,49102118,mark6six_archive_crosscheck_hkjc,2026-07-15
12/098,2012-08-23,13,15,25,28,45,47,5,55637856,mark6six_archive_crosscheck_hkjc,2026-07-15
12/099,2012-08-25,3,7,21,22,38,47,27,28836441,mark6six_archive_crosscheck_hkjc,2026-07-15
12/100,2012-08-28,7,17,24,29,47,49,45,38465847,mark6six_archive_crosscheck_hkjc,2026-07-15
12/101,2012-08-30,7,11,15,21,26,34,38,29993890,mark6six_archive_crosscheck_hkjc,2026-07-15
12/102,2012-09-01,9,12,15,19,21,47,38,35287432,mark6six_archive_crosscheck_hkjc,2026-07-15
12/103,2012-09-04,20,24,34,36,43,45,3,45001750,mark6six_archive_crosscheck_hkjc,2026-07-15
12/104,2012-09-06,6,13,33,38,41,43,29,48728398,mark6six_archive_crosscheck_hkjc,2026-07-15
12/105,2012-09-09,4,7,12,15,27,34,37,59093685,mark6six_archive_crosscheck_hkjc,2026-07-15
12/106,2012-09-11,4,11,25,27,39,41,43,68381765,mark6six_archive_crosscheck_hkjc,2026-07-15
12/107,2012-09-13,16,20,22,31,42,48,43,30818456,mark6six_archive_crosscheck_hkjc,2026-07-15
12/108,2012-09-15,6,7,18,21,27,48,42,35319525,mark6six_archive_crosscheck_hkjc,2026-07-15
12/109 MAF,2012-09-18,15,26,27,38,42,43,39,169597225,mark6six_archive_crosscheck_hkjc,2026-07-15
12/110,2012-09-22,2,13,33,35,38,49,40,285575400,mark6six_archive_crosscheck_hkjc,2026-07-15
12/111,2012-09-25,1,4,17,20,28,32,47,33913347,mark6six_archive_crosscheck_hkjc,2026-07-15
12/112,2012-09-27,1,3,10,15,17,40,28,32970230,mark6six_archive_crosscheck_hkjc,2026-07-15
12/113,2012-09-29,2,8,16,17,20,26,32,37103767,mark6six_archive_crosscheck_hkjc,2026-07-15
12/114,2012-10-02,12,24,25,33,37,44,13,42104644,mark6six_archive_crosscheck_hkjc,2026-07-15
12/115,2012-10-07,1,10,12,13,29,47,9,64746580,mark6six_archive_crosscheck_hkjc,2026-07-15
12/116,2012-10-09,15,17,21,22,27,36,16,59056096,mark6six_archive_crosscheck_hkjc,2026-07-15
12/117,2012-10-11,1,3,11,18,40,46,35,71109958,mark6six_archive_crosscheck_hkjc,2026-07-15
12/118,2012-10-13,5,6,11,26,33,41,4,83493915,mark6six_archive_crosscheck_hkjc,2026-07-15
12/119,2012-10-16,9,17,27,35,39,44,40,62002507,mark6six_archive_crosscheck_hkjc,2026-07-15
12/120,2012-10-18,4,6,10,14,16,29,26,67706001,mark6six_archive_crosscheck_hkjc,2026-07-15
12/121,2012-10-20,4,19,31,34,37,44,6,75257369,mark6six_archive_crosscheck_hkjc,2026-07-15
12/122,2012-10-23,11,28,29,41,45,47,21,97094262,mark6six_archive_crosscheck_hkjc,2026-07-15
12/123,2012-10-25,8,17,23,40,41,43,28,31802589,mark6six_archive_crosscheck_hkjc,2026-07-15
12/124,2012-10-27,26,28,30,34,36,39,1,38214207,mark6six_archive_crosscheck_hkjc,2026-07-15
12/125 STE,2012-10-30,1,20,28,30,34,40,19,84010751,mark6six_archive_crosscheck_hkjc,2026-07-15
12/126,2012-11-01,15,18,24,28,34,42,2,76083680,mark6six_archive_crosscheck_hkjc,2026-07-15
12/127,2012-11-03,1,12,33,36,46,48,41,85234238,mark6six_archive_crosscheck_hkjc,2026-07-15
12/128,2012-11-06,1,6,8,28,37,39,42,35041901,mark6six_archive_crosscheck_hkjc,2026-07-15
12/129,2012-11-08,15,26,31,37,44,47,43,40107495,mark6six_archive_crosscheck_hkjc,2026-07-15
12/130,2012-11-11,9,26,28,35,45,47,25,49622420,mark6six_archive_crosscheck_hkjc,2026-07-15
12/131,2012-11-13,3,5,25,26,29,30,31,32416894,mark6six_archive_crosscheck_hkjc,2026-07-15
12/132,2012-11-15,18,20,36,41,46,48,21,38255531,mark6six_archive_crosscheck_hkjc,2026-07-15
12/133,2012-11-17,7,12,24,39,43,48,30,29851038,mark6six_archive_crosscheck_hkjc,2026-07-15
12/134,2012-11-20,2,11,20,37,45,47,13,35963490,mark6six_archive_crosscheck_hkjc,2026-07-15
12/135,2012-11-22,9,22,26,30,44,49,31,37883911,mark6six_archive_crosscheck_hkjc,2026-07-15
12/136,2012-11-24,2,3,4,15,23,40,13,41976562,mark6six_archive_crosscheck_hkjc,2026-07-15
12/137,2012-11-27,8,20,21,24,34,47,10,48969789,mark6six_archive_crosscheck_hkjc,2026-07-15
12/138,2012-11-29,13,17,26,28,32,34,6,53426139,mark6six_archive_crosscheck_hkjc,2026-07-15
12/139,2012-12-01,10,16,17,27,36,38,47,61150819,mark6six_archive_crosscheck_hkjc,2026-07-15
12/140,2012-12-04,7,10,11,18,37,47,4,82169646,mark6six_archive_crosscheck_hkjc,2026-07-15
12/141,2012-12-06,1,6,38,41,43,45,48,92978025,mark6six_archive_crosscheck_hkjc,2026-07-15
12/142,2012-12-08,15,22,30,33,34,47,38,30118674,mark6six_archive_crosscheck_hkjc,2026-07-15
12/143,2012-12-11,2,15,28,41,42,49,24,42677796,mark6six_archive_crosscheck_hkjc,2026-07-15
12/144,2012-12-13,6,9,29,31,42,47,14,48179351,mark6six_archive_crosscheck_hkjc,2026-07-15
12/145,2012-12-15,18,21,28,33,41,47,48,52735687,mark6six_archive_crosscheck_hkjc,2026-07-15
12/146,2012-12-18,8,14,21,41,45,48,34,65451595,mark6six_archive_crosscheck_hkjc,2026-07-15
12/147,2012-12-20,4,12,25,34,36,40,49,31491290,mark6six_archive_crosscheck_hkjc,2026-07-15
12/148,2012-12-23,9,27,28,32,34,43,2,39934909,mark6six_archive_crosscheck_hkjc,2026-07-15
12/149,2012-12-25,12,18,23,24,46,49,14,42186989,mark6six_archive_crosscheck_hkjc,2026-07-15
12/150,2012-12-27,4,7,29,39,44,47,23,47920082,mark6six_archive_crosscheck_hkjc,2026-07-15
12/151,2012-12-29,1,6,9,11,33,39,40,53431978,mark6six_archive_crosscheck_hkjc,2026-07-15
12/152,2012-12-31,5,6,25,30,32,48,45,67859848,mark6six_archive_crosscheck_hkjc,2026-07-15
13/001 SBD,2013-01-03,17,25,32,33,46,48,39,118029979,mark6six_archive_crosscheck_hkjc,2026-07-15
13/002,2013-01-08,14,19,20,21,29,49,7,161430634,mark6six_archive_crosscheck_hkjc,2026-07-15
13/003,2013-01-10,2,9,24,34,41,45,48,32599347,mark6six_archive_crosscheck_hkjc,2026-07-15
13/004,2013-01-13,3,6,19,21,31,49,7,42194389,mark6six_archive_crosscheck_hkjc,2026-07-15
13/005,2013-01-15,3,4,7,24,27,31,13,47778499,mark6six_archive_crosscheck_hkjc,2026-07-15
13/006,2013-01-17,2,8,14,25,43,44,11,32969568,mark6six_archive_crosscheck_hkjc,2026-07-15
13/007,2013-01-19,3,12,19,21,31,48,26,37997742,mark6six_archive_crosscheck_hkjc,2026-07-15
13/008,2013-01-22,2,4,20,22,30,37,1,48777028,mark6six_archive_crosscheck_hkjc,2026-07-15
13/009,2013-01-24,1,2,3,9,20,49,24,50914760,mark6six_archive_crosscheck_hkjc,2026-07-15
13/010,2013-01-26,2,29,41,42,45,48,5,30736434,mark6six_archive_crosscheck_hkjc,2026-07-15
13/011,2013-01-29,8,20,26,36,44,47,28,34678339,mark6six_archive_crosscheck_hkjc,2026-07-15
13/012,2013-01-31,16,22,27,35,38,46,32,37924648,mark6six_archive_crosscheck_hkjc,2026-07-15
13/013,2013-02-03,2,17,23,39,47,48,22,33798067,mark6six_archive_crosscheck_hkjc,2026-07-15
13/014,2013-02-05,5,19,31,32,34,45,13,40955886,mark6six_archive_crosscheck_hkjc,2026-07-15
13/015,2013-02-07,3,8,12,18,22,33,37,40760830,mark6six_archive_crosscheck_hkjc,2026-07-15
13/016,2013-02-09,4,8,10,35,46,47,32,33033204,mark6six_archive_crosscheck_hkjc,2026-07-15
13/017 CNY,2013-02-14,11,16,24,27,36,48,47,131175195,mark6six_archive_crosscheck_hkjc,2026-07-15
13/018,2013-02-16,3,12,30,35,37,38,18,31900166,mark6six_archive_crosscheck_hkjc,2026-07-15
13/019,2013-02-19,5,18,19,32,40,44,34,44382179,mark6six_archive_crosscheck_hkjc,2026-07-15
13/020,2013-02-21,11,14,21,22,32,49,7,33967032,mark6six_archive_crosscheck_hkjc,2026-07-15
13/021,2013-02-23,12,19,23,30,35,36,15,31282363,mark6six_archive_crosscheck_hkjc,2026-07-15
13/022,2013-02-26,1,4,15,16,18,36,21,42655454,mark6six_archive_crosscheck_hkjc,2026-07-15
13/023,2013-02-28,10,11,23,26,28,30,17,45702260,mark6six_archive_crosscheck_hkjc,2026-07-15
13/024,2013-03-03,7,8,26,31,35,39,37,54715967,mark6six_archive_crosscheck_hkjc,2026-07-15
13/025,2013-03-05,4,6,8,35,36,43,5,59619108,mark6six_archive_crosscheck_hkjc,2026-07-15
13/026,2013-03-07,8,9,24,35,39,41,2,70085613,mark6six_archive_crosscheck_hkjc,2026-07-15
13/027,2013-03-09,9,18,24,34,40,43,28,30148619,mark6six_archive_crosscheck_hkjc,2026-07-15
13/028,2013-03-12,13,15,17,30,38,45,4,41692046,mark6six_archive_crosscheck_hkjc,2026-07-15
13/029,2013-03-14,3,4,15,16,17,46,12,45139708,mark6six_archive_crosscheck_hkjc,2026-07-15
13/030,2013-03-16,6,9,31,41,45,47,18,29849974,mark6six_archive_crosscheck_hkjc,2026-07-15
13/031,2013-03-19,3,12,15,28,29,34,8,39276508,mark6six_archive_crosscheck_hkjc,2026-07-15
13/032,2013-03-21,1,4,13,22,39,42,34,43170760,mark6six_archive_crosscheck_hkjc,2026-07-15
13/033,2013-03-23,6,9,17,25,33,42,27,46944592,mark6six_archive_crosscheck_hkjc,2026-07-15
13/034 EAS,2013-03-26,10,15,26,35,40,44,11,87678628,mark6six_archive_crosscheck_hkjc,2026-07-15
13/035,2013-03-28,12,17,31,38,44,45,43,29467109,mark6six_archive_crosscheck_hkjc,2026-07-15
13/036,2013-03-30,4,6,19,25,34,43,17,30931736,mark6six_archive_crosscheck_hkjc,2026-07-15
13/037,2013-04-02,2,4,9,31,33,46,5,41379596,mark6six_archive_crosscheck_hkjc,2026-07-15
13/038,2013-04-04,2,7,11,15,17,27,4,28770162,mark6six_archive_crosscheck_hkjc,2026-07-15
13/039,2013-04-06,10,12,16,29,41,48,25,31763824,mark6six_archive_crosscheck_hkjc,2026-07-15
13/040,2013-04-09,2,3,25,28,35,43,39,40937736,mark6six_archive_crosscheck_hkjc,2026-07-15
13/041,2013-04-11,11,18,20,24,29,49,2,42650352,mark6six_archive_crosscheck_hkjc,2026-07-15
13/042,2013-04-13,8,16,29,40,46,47,18,36824931,mark6six_archive_crosscheck_hkjc,2026-07-15
13/043,2013-04-16,11,15,21,27,38,43,48,49778420,mark6six_archive_crosscheck_hkjc,2026-07-15
13/044,2013-04-18,4,5,14,17,22,39,9,38979850,mark6six_archive_crosscheck_hkjc,2026-07-15
13/045,2013-04-21,9,10,15,33,40,49,48,30593087,mark6six_archive_crosscheck_hkjc,2026-07-15
13/046,2013-04-23,7,20,23,29,35,41,6,38275151,mark6six_archive_crosscheck_hkjc,2026-07-15
13/047,2013-04-25,14,15,17,22,38,48,19,41887781,mark6six_archive_crosscheck_hkjc,2026-07-15
13/048,2013-04-27,4,7,16,23,26,28,9,45108692,mark6six_archive_crosscheck_hkjc,2026-07-15
13/049,2013-04-30,4,18,24,30,31,49,36,57651884,mark6six_archive_crosscheck_hkjc,2026-07-15
13/050,2013-05-02,1,5,28,31,44,46,14,44248131,mark6six_archive_crosscheck_hkjc,2026-07-15
13/051,2013-05-04,1,10,29,40,44,49,33,49577572,mark6six_archive_crosscheck_hkjc,2026-07-15
13/052,2013-05-07,5,9,14,24,29,37,36,71568032,mark6six_archive_crosscheck_hkjc,2026-07-15
13/053,2013-05-09,12,14,15,16,22,34,13,82698344,mark6six_archive_crosscheck_hkjc,2026-07-15
13/054,2013-05-12,1,6,11,16,20,25,22,31373459,mark6six_archive_crosscheck_hkjc,2026-07-15
13/055,2013-05-14,2,11,16,19,44,47,27,37270330,mark6six_archive_crosscheck_hkjc,2026-07-15
13/056,2013-05-16,7,18,27,32,42,48,17,40834305,mark6six_archive_crosscheck_hkjc,2026-07-15
13/057,2013-05-19,4,14,24,30,43,48,34,30110924,mark6six_archive_crosscheck_hkjc,2026-07-15
13/058,2013-05-21,11,12,16,18,23,31,36,36126326,mark6six_archive_crosscheck_hkjc,2026-07-15
13/059,2013-05-23,12,24,27,45,47,49,6,40667482,mark6six_archive_crosscheck_hkjc,2026-07-15
13/060,2013-05-25,3,8,10,25,26,40,38,45624115,mark6six_archive_crosscheck_hkjc,2026-07-15
13/061,2013-05-28,1,4,5,6,9,25,27,32689258,mark6six_archive_crosscheck_hkjc,2026-07-15
13/062,2013-05-30,15,17,22,27,36,46,23,29980083,mark6six_archive_crosscheck_hkjc,2026-07-15
13/063,2013-06-01,1,23,27,36,45,49,7,29578374,mark6six_archive_crosscheck_hkjc,2026-07-15
13/064,2013-06-04,9,17,26,36,40,48,2,40341214,mark6six_archive_crosscheck_hkjc,2026-07-15
13/065,2013-06-06,10,16,20,28,32,48,30,42906733,mark6six_archive_crosscheck_hkjc,2026-07-15
13/066,2013-06-09,15,18,22,24,42,44,28,32665444,mark6six_archive_crosscheck_hkjc,2026-07-15
13/067 DBF,2013-06-11,1,14,21,35,39,40,5,133452185,mark6six_archive_crosscheck_hkjc,2026-07-15
13/068,2013-06-13,3,11,26,32,35,43,1,68671567,mark6six_archive_crosscheck_hkjc,2026-07-15
13/069,2013-06-15,9,14,27,29,42,45,44,72299395,mark6six_archive_crosscheck_hkjc,2026-07-15
13/070,2013-06-18,9,22,23,31,45,47,39,34535797,mark6six_archive_crosscheck_hkjc,2026-07-15
13/071,2013-06-20,11,14,16,29,31,46,30,30884182,mark6six_archive_crosscheck_hkjc,2026-07-15
13/072,2013-06-22,23,25,34,40,42,46,39,29162709,mark6six_archive_crosscheck_hkjc,2026-07-15
13/073,2013-06-25,17,20,29,35,38,40,22,39586013,mark6six_archive_crosscheck_hkjc,2026-07-15
13/074,2013-06-27,16,34,37,42,47,48,17,43289101,mark6six_archive_crosscheck_hkjc,2026-07-15
13/075,2013-06-29,1,3,4,26,34,37,14,47433065,mark6six_archive_crosscheck_hkjc,2026-07-15
13/076,2013-07-02,7,19,28,33,43,45,13,56478658,mark6six_archive_crosscheck_hkjc,2026-07-15
13/077,2013-07-06,6,9,27,29,43,47,17,83263998,mark6six_archive_crosscheck_hkjc,2026-07-15
13/078,2013-07-09,1,4,15,38,40,46,49,89860511,mark6six_archive_crosscheck_hkjc,2026-07-15
13/079,2013-07-11,14,26,28,38,39,45,8,100386281,mark6six_archive_crosscheck_hkjc,2026-07-15
13/080,2013-07-13,7,14,18,23,32,46,42,64362027,mark6six_archive_crosscheck_hkjc,2026-07-15
13/081 SMR,2013-07-16,3,18,19,20,37,47,25,93496029,mark6six_archive_crosscheck_hkjc,2026-07-15
13/082,2013-07-18,14,18,28,32,36,46,44,87674813,mark6six_archive_crosscheck_hkjc,2026-07-15
13/083,2013-07-21,3,17,20,26,33,47,34,125779952,mark6six_archive_crosscheck_hkjc,2026-07-15
13/084,2013-07-23,6,8,17,22,28,32,20,31445786,mark6six_archive_crosscheck_hkjc,2026-07-15
13/085,2013-07-25,20,23,27,32,34,49,30,32854469,mark6six_archive_crosscheck_hkjc,2026-07-15
13/086,2013-07-27,1,3,7,22,28,36,21,31218814,mark6six_archive_crosscheck_hkjc,2026-07-15
13/087,2013-07-30,8,12,31,33,42,44,49,38353899,mark6six_archive_crosscheck_hkjc,2026-07-15
13/088,2013-08-01,6,8,10,19,20,22,42,40301356,mark6six_archive_crosscheck_hkjc,2026-07-15
13/089,2013-08-03,5,6,12,23,38,39,48,37208568,mark6six_archive_crosscheck_hkjc,2026-07-15
13/090,2013-08-06,4,11,15,19,32,44,42,34841808,mark6six_archive_crosscheck_hkjc,2026-07-15
13/091,2013-08-08,13,15,23,25,26,29,9,38490105,mark6six_archive_crosscheck_hkjc,2026-07-15
13/092,2013-08-10,3,10,20,30,41,44,31,40870246,mark6six_archive_crosscheck_hkjc,2026-07-15
13/093,2013-08-13,1,6,31,41,42,49,44,48985871,mark6six_archive_crosscheck_hkjc,2026-07-15
13/094,2013-08-15,10,16,22,26,31,42,23,52327571,mark6six_archive_crosscheck_hkjc,2026-07-15
13/095,2013-08-17,9,14,30,31,32,49,1,63192570,mark6six_archive_crosscheck_hkjc,2026-07-15
13/096,2013-08-20,13,14,15,31,46,48,36,80103560,mark6six_archive_crosscheck_hkjc,2026-07-15
13/097,2013-08-22,1,16,25,33,41,49,46,92630564,mark6six_archive_crosscheck_hkjc,2026-07-15
13/098,2013-08-24,3,6,10,14,15,20,33,29656629,mark6six_archive_crosscheck_hkjc,2026-07-15
13/099,2013-08-27,9,14,29,30,32,36,20,34390619,mark6six_archive_crosscheck_hkjc,2026-07-15
13/100,2013-08-29,24,25,28,35,38,47,16,38132822,mark6six_archive_crosscheck_hkjc,2026-07-15
13/101,2013-08-31,3,6,17,18,42,43,36,41210052,mark6six_archive_crosscheck_hkjc,2026-07-15
13/102,2013-09-03,21,25,26,33,35,39,17,52269772,mark6six_archive_crosscheck_hkjc,2026-07-15
13/103,2013-09-05,1,7,22,28,29,49,37,30750197,mark6six_archive_crosscheck_hkjc,2026-07-15
13/104,2013-09-07,7,10,17,18,28,30,6,36648286,mark6six_archive_crosscheck_hkjc,2026-07-15
13/105,2013-09-10,8,12,19,39,48,49,17,44439814,mark6six_archive_crosscheck_hkjc,2026-07-15
13/106,2013-09-12,1,14,26,28,31,48,36,47072568,mark6six_archive_crosscheck_hkjc,2026-07-15
13/107,2013-09-14,6,21,29,39,40,47,33,30021678,mark6six_archive_crosscheck_hkjc,2026-07-15
13/108,2013-09-16,17,22,31,39,45,47,49,31008824,mark6six_archive_crosscheck_hkjc,2026-07-15
13/109 MAF,2013-09-19,3,15,18,26,45,49,41,161584207,mark6six_archive_crosscheck_hkjc,2026-07-15
13/110,2013-09-21,22,25,35,36,39,47,31,66728177,mark6six_archive_crosscheck_hkjc,2026-07-15
13/111,2013-09-24,13,25,26,29,30,39,19,82917426,mark6six_archive_crosscheck_hkjc,2026-07-15
13/112,2013-09-26,3,6,7,9,11,28,34,104675185,mark6six_archive_crosscheck_hkjc,2026-07-15
13/113,2013-09-28,33,39,40,43,48,49,34,31237130,mark6six_archive_crosscheck_hkjc,2026-07-15
13/114,2013-09-30,1,11,29,40,43,44,4,30355885,mark6six_archive_crosscheck_hkjc,2026-07-15
13/115,2013-10-03,14,17,26,32,35,41,15,48862692,mark6six_archive_crosscheck_hkjc,2026-07-15
13/116,2013-10-05,4,6,9,29,31,36,20,39432042,mark6six_archive_crosscheck_hkjc,2026-07-15
13/117,2013-10-08,1,3,6,7,15,27,30,51385237,mark6six_archive_crosscheck_hkjc,2026-07-15
13/118,2013-10-10,8,9,11,16,17,38,20,33284946,mark6six_archive_crosscheck_hkjc,2026-07-15
13/119,2013-10-13,24,28,35,37,42,48,38,39667804,mark6six_archive_crosscheck_hkjc,2026-07-15
13/120,2013-10-15,4,20,27,33,41,46,12,43395498,mark6six_archive_crosscheck_hkjc,2026-07-15
13/121,2013-10-17,1,11,24,35,44,45,49,40490457,mark6six_archive_crosscheck_hkjc,2026-07-15
13/122,2013-10-19,1,10,31,41,44,47,18,35298297,mark6six_archive_crosscheck_hkjc,2026-07-15
13/123,2013-10-22,5,9,34,36,41,49,26,46750892,mark6six_archive_crosscheck_hkjc,2026-07-15
13/124,2013-10-24,9,10,22,24,43,44,30,48669269,mark6six_archive_crosscheck_hkjc,2026-07-15
13/125,2013-10-26,6,15,30,38,47,48,40,29376359,mark6six_archive_crosscheck_hkjc,2026-07-15
13/126,2013-10-29,1,20,22,25,34,47,17,39265357,mark6six_archive_crosscheck_hkjc,2026-07-15
13/127,2013-10-31,2,9,29,43,46,47,21,44849354,mark6six_archive_crosscheck_hkjc,2026-07-15
13/128,2013-11-02,8,18,19,29,31,34,36,49773403,mark6six_archive_crosscheck_hkjc,2026-07-15
13/129,2013-11-05,4,22,25,37,38,42,20,45919322,mark6six_archive_crosscheck_hkjc,2026-07-15
13/130,2013-11-07,4,9,14,26,30,42,21,50343853,mark6six_archive_crosscheck_hkjc,2026-07-15
13/131,2013-11-10,13,31,32,35,39,42,16,57159863,mark6six_archive_crosscheck_hkjc,2026-07-15
13/132,2013-11-12,18,19,21,28,47,49,46,65977260,mark6six_archive_crosscheck_hkjc,2026-07-15
13/133,2013-11-14,3,8,10,25,29,34,32,30822750,mark6six_archive_crosscheck_hkjc,2026-07-15
13/134,2013-11-16,1,8,17,32,39,43,48,36025904,mark6six_archive_crosscheck_hkjc,2026-07-15
13/135,2013-11-19,12,27,35,44,47,49,36,48445488,mark6six_archive_crosscheck_hkjc,2026-07-15
13/136,2013-11-21,3,6,8,23,25,49,4,39646555,mark6six_archive_crosscheck_hkjc,2026-07-15
13/137,2013-11-23,3,18,20,21,30,41,13,35083788,mark6six_archive_crosscheck_hkjc,2026-07-15
13/138,2013-11-26,9,10,12,31,34,44,18,44206096,mark6six_archive_crosscheck_hkjc,2026-07-15
13/139,2013-11-28,3,6,21,33,34,43,9,45331946,mark6six_archive_crosscheck_hkjc,2026-07-15
13/140,2013-11-30,2,15,19,34,42,45,14,48920127,mark6six_archive_crosscheck_hkjc,2026-07-15
13/141,2013-12-03,1,17,24,29,39,40,21,68205230,mark6six_archive_crosscheck_hkjc,2026-07-15
13/142,2013-12-05,1,16,17,19,26,46,29,83692379,mark6six_archive_crosscheck_hkjc,2026-07-15
13/143,2013-12-07,5,18,24,26,41,44,20,92942714,mark6six_archive_crosscheck_hkjc,2026-07-15
13/144,2013-12-10,1,8,17,30,36,46,16,149624782,mark6six_archive_crosscheck_hkjc,2026-07-15
13/145,2013-12-12,10,19,24,28,31,34,27,31367167,mark6six_archive_crosscheck_hkjc,2026-07-15
13/146,2013-12-14,6,14,15,38,46,49,29,35264384,mark6six_archive_crosscheck_hkjc,2026-07-15
13/147,2013-12-17,1,8,15,19,20,33,47,44650817,mark6six_archive_crosscheck_hkjc,2026-07-15
13/148,2013-12-19,4,14,31,39,43,47,27,51473920,mark6six_archive_crosscheck_hkjc,2026-07-15
13/149,2013-12-22,12,13,18,41,43,49,39,63168173,mark6six_archive_crosscheck_hkjc,2026-07-15
13/150,2013-12-25,4,21,25,45,47,49,6,37210957,mark6six_archive_crosscheck_hkjc,2026-07-15
13/151,2013-12-28,4,9,20,32,42,43,5,41281122,mark6six_archive_crosscheck_hkjc,2026-07-15
13/152,2013-12-31,7,9,12,40,42,44,14,51829303,mark6six_archive_crosscheck_hkjc,2026-07-15
14/001 SBD,2014-01-02,1,36,38,43,46,49,21,104057565,mark6six_archive_crosscheck_hkjc,2026-07-15
14/002,2014-01-04,6,16,31,32,44,49,43,31151973,mark6six_archive_crosscheck_hkjc,2026-07-15
14/003,2014-01-07,9,16,30,31,38,41,46,44242000,mark6six_archive_crosscheck_hkjc,2026-07-15
14/004,2014-01-09,4,15,16,28,39,45,25,48702069,mark6six_archive_crosscheck_hkjc,2026-07-15
14/005,2014-01-12,3,16,36,39,42,44,17,56568555,mark6six_archive_crosscheck_hkjc,2026-07-15
14/006,2014-01-14,9,11,27,31,33,34,21,32186606,mark6six_archive_crosscheck_hkjc,2026-07-15
14/007,2014-01-16,9,15,16,17,18,37,33,38672617,mark6six_archive_crosscheck_hkjc,2026-07-15
14/008,2014-01-18,3,17,18,26,28,44,38,43230682,mark6six_archive_crosscheck_hkjc,2026-07-15
14/009,2014-01-21,8,20,23,34,37,49,44,35152208,mark6six_archive_crosscheck_hkjc,2026-07-15
14/010,2014-01-23,4,5,18,21,27,31,7,39811383,mark6six_archive_crosscheck_hkjc,2026-07-15
14/011,2014-01-25,5,20,37,38,43,48,6,43722460,mark6six_archive_crosscheck_hkjc,2026-07-15
14/012,2014-01-28,4,20,27,30,31,37,18,59207724,mark6six_archive_crosscheck_hkjc,2026-07-15
14/013,2014-01-30,2,3,4,16,26,36,45,49680279,mark6six_archive_crosscheck_hkjc,2026-07-15
14/014 CNY,2014-02-04,11,13,15,39,48,49,37,125815762,mark6six_archive_crosscheck_hkjc,2026-07-15
14/015,2014-02-06,26,27,32,33,37,45,39,61722146,mark6six_archive_crosscheck_hkjc,2026-07-15
14/016,2014-02-09,20,21,35,37,47,48,14,35368580,mark6six_archive_crosscheck_hkjc,2026-07-15
14/017,2014-02-11,7,10,24,25,27,29,19,40048108,mark6six_archive_crosscheck_hkjc,2026-07-15
14/018,2014-02-13,19,23,25,40,46,49,30,38466994,mark6six_archive_crosscheck_hkjc,2026-07-15
14/019,2014-02-15,2,14,30,32,36,45,11,42464185,mark6six_archive_crosscheck_hkjc,2026-07-15
14/020,2014-02-18,15,21,23,25,34,45,35,36100835,mark6six_archive_crosscheck_hkjc,2026-07-15
14/021,2014-02-20,3,5,24,26,31,40,45,33024865,mark6six_archive_crosscheck_hkjc,2026-07-15
14/022,2014-02-22,2,23,24,29,33,35,14,36995816,mark6six_archive_crosscheck_hkjc,2026-07-15
14/023,2014-02-25,8,26,39,40,41,43,5,50097476,mark6six_archive_crosscheck_hkjc,2026-07-15
14/024,2014-02-27,5,9,15,24,28,35,44,52103657,mark6six_archive_crosscheck_hkjc,2026-07-15
14/025,2014-03-02,11,16,19,21,38,46,34,61840880,mark6six_archive_crosscheck_hkjc,2026-07-15
14/026,2014-03-04,3,13,16,19,27,33,22,71323197,mark6six_archive_crosscheck_hkjc,2026-07-15
14/027,2014-03-06,6,10,20,27,39,46,38,83943987,mark6six_archive_crosscheck_hkjc,2026-07-15
14/028,2014-03-08,2,3,16,17,24,32,40,29756893,mark6six_archive_crosscheck_hkjc,2026-07-15
14/029,2014-03-11,4,6,15,28,30,33,27,40951373,mark6six_archive_crosscheck_hkjc,2026-07-15
14/030,2014-03-13,7,10,17,19,20,22,30,44768441,mark6six_archive_crosscheck_hkjc,2026-07-15
14/031,2014-03-15,2,15,21,24,29,46,27,47541831,mark6six_archive_crosscheck_hkjc,2026-07-15
14/032,2014-03-18,2,17,23,35,42,48,27,44551899,mark6six_archive_crosscheck_hkjc,2026-07-15
14/033,2014-03-20,1,9,18,25,37,48,14,47413194,mark6six_archive_crosscheck_hkjc,2026-07-15
14/034,2014-03-22,11,20,21,26,34,49,4,29951365,mark6six_archive_crosscheck_hkjc,2026-07-15
14/035,2014-03-25,22,28,35,36,44,45,6,39580382,mark6six_archive_crosscheck_hkjc,2026-07-15
14/036,2014-03-27,7,23,35,42,45,49,36,42430218,mark6six_archive_crosscheck_hkjc,2026-07-15
14/037,2014-03-29,2,10,12,18,24,33,11,43182929,mark6six_archive_crosscheck_hkjc,2026-07-15
14/038,2014-04-01,22,33,36,43,48,49,25,55072818,mark6six_archive_crosscheck_hkjc,2026-07-15
14/039,2014-04-03,4,9,25,26,27,28,3,62178045,mark6six_archive_crosscheck_hkjc,2026-07-15
14/040,2014-04-05,10,19,38,39,44,45,31,28693843,mark6six_archive_crosscheck_hkjc,2026-07-15
14/041,2014-04-08,11,24,31,45,46,47,6,41439738,mark6six_archive_crosscheck_hkjc,2026-07-15
14/042,2014-04-10,4,18,21,31,42,49,25,38022212,mark6six_archive_crosscheck_hkjc,2026-07-15
14/043,2014-04-12,6,18,20,28,43,45,13,29077211,mark6six_archive_crosscheck_hkjc,2026-07-15
14/044,2014-04-15,6,14,16,28,41,45,27,38850103,mark6six_archive_crosscheck_hkjc,2026-07-15
14/045,2014-04-17,12,14,17,23,24,45,42,42388389,mark6six_archive_crosscheck_hkjc,2026-07-15
14/046,2014-04-19,20,21,32,35,46,47,3,43015698,mark6six_archive_crosscheck_hkjc,2026-07-15
14/047,2014-04-22,1,3,12,29,36,41,14,57660970,mark6six_archive_crosscheck_hkjc,2026-07-15
14/048,2014-04-24,1,17,28,32,39,40,16,30656203,mark6six_archive_crosscheck_hkjc,2026-07-15
14/049,2014-04-26,9,12,22,27,36,47,46,33922771,mark6six_archive_crosscheck_hkjc,2026-07-15
14/050,2014-04-29,2,8,15,26,37,45,14,42967089,mark6six_archive_crosscheck_hkjc,2026-07-15
14/051,2014-05-01,1,14,28,29,37,43,30,35585385,mark6six_archive_crosscheck_hkjc,2026-07-15
14/052,2014-05-03,2,6,13,16,30,36,25,40850870,mark6six_archive_crosscheck_hkjc,2026-07-15
14/053,2014-05-06,10,23,33,36,39,44,30,47788375,mark6six_archive_crosscheck_hkjc,2026-07-15
14/054,2014-05-08,2,10,12,30,37,39,48,51249535,mark6six_archive_crosscheck_hkjc,2026-07-15
14/055,2014-05-11,11,16,26,38,45,49,5,42991756,mark6six_archive_crosscheck_hkjc,2026-07-15
14/056,2014-05-13,9,20,22,32,35,41,8,46804774,mark6six_archive_crosscheck_hkjc,2026-07-15
14/057,2014-05-15,9,12,16,24,34,35,7,30055366,mark6six_archive_crosscheck_hkjc,2026-07-15
14/058,2014-05-18,9,12,21,27,37,45,7,35462451,mark6six_archive_crosscheck_hkjc,2026-07-15
14/059,2014-05-20,10,16,33,34,44,47,6,29282558,mark6six_archive_crosscheck_hkjc,2026-07-15
14/060,2014-05-22,9,17,28,31,35,37,19,34851413,mark6six_archive_crosscheck_hkjc,2026-07-15
14/061,2014-05-24,2,4,14,30,39,41,49,37785420,mark6six_archive_crosscheck_hkjc,2026-07-15
14/062 DBF,2014-05-27,3,10,16,30,34,44,1,87305096,mark6six_archive_crosscheck_hkjc,2026-07-15
14/063,2014-05-29,4,14,19,24,26,48,35,86144548,mark6six_archive_crosscheck_hkjc,2026-07-15
14/064,2014-05-31,2,10,28,32,37,47,31,96037741,mark6six_archive_crosscheck_hkjc,2026-07-15
14/065,2014-06-02,3,13,19,20,36,39,15,51817947,mark6six_archive_crosscheck_hkjc,2026-07-15
14/066,2014-06-04,10,11,25,33,40,46,6,78900058,mark6six_archive_crosscheck_hkjc,2026-07-15
14/067,2014-06-07,4,8,13,19,44,48,27,99778571,mark6six_archive_crosscheck_hkjc,2026-07-15
14/068,2014-06-10,1,30,32,35,37,44,40,73000021,mark6six_archive_crosscheck_hkjc,2026-07-15
14/069,2014-06-12,3,18,21,41,44,45,15,75933311,mark6six_archive_crosscheck_hkjc,2026-07-15
14/070,2014-06-17,3,4,15,16,23,45,21,113767277,mark6six_archive_crosscheck_hkjc,2026-07-15
14/071,2014-06-19,3,17,24,30,31,44,7,31508201,mark6six_archive_crosscheck_hkjc,2026-07-15
14/072,2014-06-21,2,17,37,40,45,49,48,36026717,mark6six_archive_crosscheck_hkjc,2026-07-15
14/073,2014-06-24,18,24,25,30,31,35,36,47227071,mark6six_archive_crosscheck_hkjc,2026-07-15
14/074,2014-06-26,2,20,40,42,47,48,28,47628261,mark6six_archive_crosscheck_hkjc,2026-07-15
14/075,2014-06-29,15,23,26,38,46,47,21,55769521,mark6six_archive_crosscheck_hkjc,2026-07-15
14/076,2014-07-03,14,17,34,37,43,48,20,71915651,mark6six_archive_crosscheck_hkjc,2026-07-15
14/077,2014-07-05,10,14,32,36,37,38,47,69278624,mark6six_archive_crosscheck_hkjc,2026-07-15
14/078,2014-07-08,4,16,22,27,38,39,36,34174220,mark6six_archive_crosscheck_hkjc,2026-07-15
14/079,2014-07-10,1,2,9,17,22,25,8,39134651,mark6six_archive_crosscheck_hkjc,2026-07-15
14/080,2014-07-12,3,11,13,23,40,49,43,35402185,mark6six_archive_crosscheck_hkjc,2026-07-15
14/081,2014-07-15,2,5,9,32,41,42,44,43416519,mark6six_archive_crosscheck_hkjc,2026-07-15
14/082,2014-07-17,1,20,28,30,42,43,10,42771826,mark6six_archive_crosscheck_hkjc,2026-07-15
14/083,2014-07-19,1,9,30,40,41,48,49,44722477,mark6six_archive_crosscheck_hkjc,2026-07-15
14/084 SMR,2014-07-22,1,3,14,16,24,41,13,87078367,mark6six_archive_crosscheck_hkjc,2026-07-15
14/085,2014-07-24,4,5,21,31,36,38,14,53348951,mark6six_archive_crosscheck_hkjc,2026-07-15
14/086,2014-07-26,1,4,15,17,36,42,40,41701310,mark6six_archive_crosscheck_hkjc,2026-07-15
14/087,2014-07-29,11,13,15,31,37,47,19,33901192,mark6six_archive_crosscheck_hkjc,2026-07-15
14/088,2014-07-31,12,22,27,35,44,48,38,34700090,mark6six_archive_crosscheck_hkjc,2026-07-15
14/089,2014-08-02,3,22,23,26,42,48,28,34155016,mark6six_archive_crosscheck_hkjc,2026-07-15
14/090,2014-08-05,5,7,8,18,24,29,14,34235446,mark6six_archive_crosscheck_hkjc,2026-07-15
14/091,2014-08-07,5,14,31,32,36,46,11,31704781,mark6six_archive_crosscheck_hkjc,2026-07-15
14/092,2014-08-09,1,9,15,31,33,41,37,36471190,mark6six_archive_crosscheck_hkjc,2026-07-15
14/093,2014-08-12,7,9,27,31,36,39,32,43432605,mark6six_archive_crosscheck_hkjc,2026-07-15
14/094,2014-08-14,4,8,14,23,48,49,11,44180085,mark6six_archive_crosscheck_hkjc,2026-07-15
14/095,2014-08-16,23,26,27,37,42,46,15,38335971,mark6six_archive_crosscheck_hkjc,2026-07-15
14/096,2014-08-19,2,5,27,32,42,46,16,39296442,mark6six_archive_crosscheck_hkjc,2026-07-15
14/097,2014-08-21,10,14,26,29,30,31,18,41762062,mark6six_archive_crosscheck_hkjc,2026-07-15
14/098,2014-08-23,4,12,14,24,32,38,13,43826314,mark6six_archive_crosscheck_hkjc,2026-07-15
14/099,2014-08-26,25,29,32,33,37,44,47,51982500,mark6six_archive_crosscheck_hkjc,2026-07-15
14/100,2014-08-28,11,17,24,27,31,38,49,53773752,mark6six_archive_crosscheck_hkjc,2026-07-15
14/101,2014-08-30,15,18,24,27,39,49,6,44392511,mark6six_archive_crosscheck_hkjc,2026-07-15
14/102,2014-09-02,26,28,37,43,45,47,25,43288786,mark6six_archive_crosscheck_hkjc,2026-07-15
14/103 MAF,2014-09-04,11,14,34,36,43,46,1,137263254,mark6six_archive_crosscheck_hkjc,2026-07-15
14/104,2014-09-09,7,25,27,36,39,42,31,238344532,mark6six_archive_crosscheck_hkjc,2026-07-15
14/105,2014-09-13,3,12,40,43,48,49,32,348420150,mark6six_archive_crosscheck_hkjc,2026-07-15
14/106,2014-09-16,4,15,17,22,34,43,35,34297976,mark6six_archive_crosscheck_hkjc,2026-07-15
14/107,2014-09-18,6,16,20,25,27,45,29,41943261,mark6six_archive_crosscheck_hkjc,2026-07-15
14/108,2014-09-20,3,16,32,38,40,48,27,49573696,mark6six_archive_crosscheck_hkjc,2026-07-15
14/109,2014-09-23,12,13,20,28,41,43,23,63917161,mark6six_archive_crosscheck_hkjc,2026-07-15
14/110,2014-09-25,3,19,42,44,48,49,38,68320291,mark6six_archive_crosscheck_hkjc,2026-07-15
14/111,2014-09-28,6,10,12,26,28,35,24,84635761,mark6six_archive_crosscheck_hkjc,2026-07-15
14/112,2014-09-30,10,16,20,39,45,46,47,31661651,mark6six_archive_crosscheck_hkjc,2026-07-15
14/113,2014-10-02,4,10,24,29,33,35,7,36017384,mark6six_archive_crosscheck_hkjc,2026-07-15
14/114,2014-10-04,5,14,22,24,27,45,8,41702744,mark6six_archive_crosscheck_hkjc,2026-07-15
14/115,2014-10-07,12,13,26,33,42,49,48,53040922,mark6six_archive_crosscheck_hkjc,2026-07-15
14/116,2014-10-09,2,12,14,23,40,46,39,56578669,mark6six_archive_crosscheck_hkjc,2026-07-15
14/117,2014-10-11,26,29,34,35,37,47,8,62061064,mark6six_archive_crosscheck_hkjc,2026-07-15
14/118,2014-10-14,1,5,8,17,20,37,33,76854443,mark6six_archive_crosscheck_hkjc,2026-07-15
14/119,2014-10-16,4,9,34,39,48,49,18,80722958,mark6six_archive_crosscheck_hkjc,2026-07-15
14/120,2014-10-18,12,19,22,36,40,47,25,57561889,mark6six_archive_crosscheck_hkjc,2026-07-15
14/121,2014-10-21,6,9,17,18,29,34,42,67221780,mark6six_archive_crosscheck_hkjc,2026-07-15
14/122,2014-10-23,11,14,28,29,37,41,19,51807582,mark6six_archive_crosscheck_hkjc,2026-07-15
14/123,2014-10-25,1,13,39,40,41,43,18,53541786,mark6six_archive_crosscheck_hkjc,2026-07-15
14/124,2014-10-28,16,26,30,37,43,47,31,34882486,mark6six_archive_crosscheck_hkjc,2026-07-15
14/125,2014-10-30,3,19,29,36,47,49,33,36475473,mark6six_archive_crosscheck_hkjc,2026-07-15
14/126,2014-11-01,9,10,11,20,26,44,31,39371744,mark6six_archive_crosscheck_hkjc,2026-07-15
14/127,2014-11-04,16,23,29,30,37,38,33,48550821,mark6six_archive_crosscheck_hkjc,2026-07-15
14/128,2014-11-06,4,10,12,14,29,48,3,50613303,mark6six_archive_crosscheck_hkjc,2026-07-15
14/129,2014-11-08,7,8,15,32,34,39,43,30258501,mark6six_archive_crosscheck_hkjc,2026-07-15
14/130,2014-11-11,3,5,9,19,48,49,26,41303033,mark6six_archive_crosscheck_hkjc,2026-07-15
14/131,2014-11-13,21,36,41,42,46,49,6,32257002,mark6six_archive_crosscheck_hkjc,2026-07-15
14/132,2014-11-16,7,15,32,33,34,43,10,38872246,mark6six_archive_crosscheck_hkjc,2026-07-15
14/133,2014-11-18,2,6,17,24,37,49,46,41456080,mark6six_archive_crosscheck_hkjc,2026-07-15
14/134,2014-11-20,8,16,19,33,35,46,12,45756162,mark6six_archive_crosscheck_hkjc,2026-07-15
14/135,2014-11-22,2,12,17,27,32,33,44,49373270,mark6six_archive_crosscheck_hkjc,2026-07-15
14/136,2014-11-25,6,35,41,42,44,47,19,61484064,mark6six_archive_crosscheck_hkjc,2026-07-15
14/137,2014-11-27,2,20,22,30,40,45,44,78128337,mark6six_archive_crosscheck_hkjc,2026-07-15
14/138,2014-11-29,7,26,29,32,33,37,31,29829284,mark6six_archive_crosscheck_hkjc,2026-07-15
14/139,2014-12-02,1,4,13,27,47,49,33,41191959,mark6six_archive_crosscheck_hkjc,2026-07-15
14/140,2014-12-04,1,8,20,27,33,36,35,31402586,mark6six_archive_crosscheck_hkjc,2026-07-15
14/141,2014-12-06,17,18,21,25,40,48,16,37539604,mark6six_archive_crosscheck_hkjc,2026-07-15
14/142,2014-12-09,3,4,13,29,31,41,46,47621637,mark6six_archive_crosscheck_hkjc,2026-07-15
14/143,2014-12-11,1,7,13,32,35,39,31,31104410,mark6six_archive_crosscheck_hkjc,2026-07-15
14/144,2014-12-13,12,14,17,20,40,48,19,30292619,mark6six_archive_crosscheck_hkjc,2026-07-15
14/145,2014-12-16,1,7,14,31,34,42,16,40605674,mark6six_archive_crosscheck_hkjc,2026-07-15
14/146,2014-12-18,6,8,10,21,25,29,33,42595494,mark6six_archive_crosscheck_hkjc,2026-07-15
14/147,2014-12-21,2,25,30,36,37,43,22,32233284,mark6six_archive_crosscheck_hkjc,2026-07-15
14/148,2014-12-23,1,4,12,14,35,47,33,37470601,mark6six_archive_crosscheck_hkjc,2026-07-15
14/149,2014-12-25,12,19,24,43,46,47,30,37508283,mark6six_archive_crosscheck_hkjc,2026-07-15
14/150,2014-12-27,14,15,28,31,32,48,40,36799713,mark6six_archive_crosscheck_hkjc,2026-07-15
14/151,2014-12-29,1,25,30,33,39,40,7,32654367,mark6six_archive_crosscheck_hkjc,2026-07-15
14/152,2014-12-31,10,19,25,32,33,37,27,51468624,mark6six_archive_crosscheck_hkjc,2026-07-15
15/001 SBD,2015-01-03,8,15,31,35,42,44,39,110142321,mark6six_archive_crosscheck_hkjc,2026-07-15
15/002,2015-01-06,3,14,16,18,38,49,29,109913789,mark6six_archive_crosscheck_hkjc,2026-07-15
15/003,2015-01-08,8,18,19,28,37,44,13,33062422,mark6six_archive_crosscheck_hkjc,2026-07-15
15/004,2015-01-11,10,21,24,33,40,47,5,41574820,mark6six_archive_crosscheck_hkjc,2026-07-15
15/005,2015-01-13,16,21,27,37,40,43,14,32035107,mark6six_archive_crosscheck_hkjc,2026-07-15
15/006,2015-01-15,1,2,14,37,43,49,24,40090489,mark6six_archive_crosscheck_hkjc,2026-07-15
15/007,2015-01-17,14,15,16,25,27,30,11,44069021,mark6six_archive_crosscheck_hkjc,2026-07-15
15/008,2015-01-20,5,7,9,13,15,29,47,54721001,mark6six_archive_crosscheck_hkjc,2026-07-15
15/009,2015-01-22,8,16,21,30,42,46,32,31691957,mark6six_archive_crosscheck_hkjc,2026-07-15
15/010,2015-01-24,17,18,20,26,31,32,6,36295869,mark6six_archive_crosscheck_hkjc,2026-07-15
15/011,2015-01-27,4,5,10,13,28,35,12,34216992,mark6six_archive_crosscheck_hkjc,2026-07-15
15/012,2015-01-29,6,15,25,29,32,46,9,37474008,mark6six_archive_crosscheck_hkjc,2026-07-15
15/013,2015-01-31,5,7,14,17,46,47,27,40910216,mark6six_archive_crosscheck_hkjc,2026-07-15
15/014,2015-02-03,11,34,36,43,47,49,21,52081993,mark6six_archive_crosscheck_hkjc,2026-07-15
15/015,2015-02-05,13,16,17,18,22,45,10,54698085,mark6six_archive_crosscheck_hkjc,2026-07-15
15/016,2015-02-08,5,7,17,18,27,48,30,69048674,mark6six_archive_crosscheck_hkjc,2026-07-15
15/017,2015-02-10,2,17,23,30,34,41,14,51023695,mark6six_archive_crosscheck_hkjc,2026-07-15
15/018,2015-02-12,7,9,10,14,22,31,35,57649011,mark6six_archive_crosscheck_hkjc,2026-07-15
15/019,2015-02-14,2,10,12,21,25,35,26,32906586,mark6six_archive_crosscheck_hkjc,2026-07-15
15/020,2015-02-17,14,22,28,33,44,46,25,46760301,mark6six_archive_crosscheck_hkjc,2026-07-15
15/021 CNY,2015-02-22,15,20,28,29,42,46,35,118079100,mark6six_archive_crosscheck_hkjc,2026-07-15
15/022,2015-02-24,17,18,28,32,33,48,37,102577388,mark6six_archive_crosscheck_hkjc,2026-07-15
15/023,2015-02-26,10,12,20,22,25,33,27,35897466,mark6six_archive_crosscheck_hkjc,2026-07-15
15/024,2015-02-28,6,9,23,25,41,43,38,37936961,mark6six_archive_crosscheck_hkjc,2026-07-15
15/025,2015-03-03,13,17,25,27,46,49,19,47708279,mark6six_archive_crosscheck_hkjc,2026-07-15
15/026,2015-03-05,2,6,10,20,38,40,46,34547106,mark6six_archive_crosscheck_hkjc,2026-07-15
15/027,2015-03-07,6,8,12,16,32,49,37,38507955,mark6six_archive_crosscheck_hkjc,2026-07-15
15/028,2015-03-10,1,18,22,27,45,48,25,48816206,mark6six_archive_crosscheck_hkjc,2026-07-15
15/029,2015-03-12,14,17,23,24,25,37,34,33303545,mark6six_archive_crosscheck_hkjc,2026-07-15
15/030,2015-03-14,4,21,25,29,32,37,27,32077271,mark6six_archive_crosscheck_hkjc,2026-07-15
15/031,2015-03-17,1,5,11,23,34,47,14,35403876,mark6six_archive_crosscheck_hkjc,2026-07-15
15/032,2015-03-19,12,15,17,30,31,43,46,32319540,mark6six_archive_crosscheck_hkjc,2026-07-15
15/033,2015-03-22,7,26,30,33,34,38,5,34214267,mark6six_archive_crosscheck_hkjc,2026-07-15
15/034,2015-03-24,2,5,13,37,42,44,27,37305842,mark6six_archive_crosscheck_hkjc,2026-07-15
15/035,2015-03-26,2,6,9,16,39,49,29,44064334,mark6six_archive_crosscheck_hkjc,2026-07-15
15/036,2015-03-28,6,11,16,29,30,37,34,29946620,mark6six_archive_crosscheck_hkjc,2026-07-15
15/037,2015-03-31,2,5,10,27,36,46,7,42017289,mark6six_archive_crosscheck_hkjc,2026-07-15
15/038,2015-04-02,4,12,20,37,42,47,35,37060391,mark6six_archive_crosscheck_hkjc,2026-07-15
15/039,2015-04-04,9,12,26,29,44,45,19,28604606,mark6six_archive_crosscheck_hkjc,2026-07-15
15/040,2015-04-06,21,24,26,42,43,46,4,29545139,mark6six_archive_crosscheck_hkjc,2026-07-15
15/041,2015-04-09,10,11,31,34,37,38,14,46472061,mark6six_archive_crosscheck_hkjc,2026-07-15
15/042,2015-04-11,6,17,18,19,20,42,25,35879353,mark6six_archive_crosscheck_hkjc,2026-07-15
15/043,2015-04-14,30,31,35,40,42,48,6,49109666,mark6six_archive_crosscheck_hkjc,2026-07-15
15/044,2015-04-16,1,3,5,20,35,39,28,40892357,mark6six_archive_crosscheck_hkjc,2026-07-15
15/045,2015-04-18,12,17,29,31,41,47,38,42419139,mark6six_archive_crosscheck_hkjc,2026-07-15
15/046,2015-04-21,3,13,20,24,43,48,49,54169599,mark6six_archive_crosscheck_hkjc,2026-07-15
15/047,2015-04-23,3,4,7,8,26,36,31,57842053,mark6six_archive_crosscheck_hkjc,2026-07-15
15/048,2015-04-25,12,19,21,24,36,49,23,45272566,mark6six_archive_crosscheck_hkjc,2026-07-15
15/049,2015-04-28,1,8,28,31,36,45,9,60811257,mark6six_archive_crosscheck_hkjc,2026-07-15
15/050,2015-04-30,6,8,30,34,36,42,12,67374811,mark6six_archive_crosscheck_hkjc,2026-07-15
15/051,2015-05-02,7,10,12,16,26,49,40,30004655,mark6six_archive_crosscheck_hkjc,2026-07-15
15/052,2015-05-05,11,13,41,42,43,49,29,41401936,mark6six_archive_crosscheck_hkjc,2026-07-15
15/053,2015-05-07,3,7,14,21,25,29,6,46923517,mark6six_archive_crosscheck_hkjc,2026-07-15
15/054,2015-05-10,2,13,15,38,39,44,8,56481277,mark6six_archive_crosscheck_hkjc,2026-07-15
15/055,2015-05-12,3,7,15,25,26,47,10,62873572,mark6six_archive_crosscheck_hkjc,2026-07-15
15/056,2015-05-14,5,17,22,34,38,48,2,72033316,mark6six_archive_crosscheck_hkjc,2026-07-15
15/057,2015-05-17,21,32,36,37,44,46,47,31759150,mark6six_archive_crosscheck_hkjc,2026-07-15
15/058,2015-05-19,21,27,28,33,37,48,13,38092299,mark6six_archive_crosscheck_hkjc,2026-07-15
15/059,2015-05-21,16,18,19,36,42,47,46,44488341,mark6six_archive_crosscheck_hkjc,2026-07-15
15/060,2015-05-23,5,10,13,43,44,45,7,47273723,mark6six_archive_crosscheck_hkjc,2026-07-15
15/061,2015-05-26,7,10,15,37,42,45,41,63746524,mark6six_archive_crosscheck_hkjc,2026-07-15
15/062,2015-05-28,2,7,20,23,44,47,30,47726247,mark6six_archive_crosscheck_hkjc,2026-07-15
15/063,2015-05-30,9,16,28,36,42,45,2,41712166,mark6six_archive_crosscheck_hkjc,2026-07-15
15/064,2015-06-02,11,12,15,21,38,42,25,34116961,mark6six_archive_crosscheck_hkjc,2026-07-15
15/065,2015-06-04,18,24,28,31,39,49,44,31931576,mark6six_archive_crosscheck_hkjc,2026-07-15
15/066,2015-06-06,9,11,14,22,27,49,44,35702780,mark6six_archive_crosscheck_hkjc,2026-07-15
15/067,2015-06-09,7,12,16,17,20,25,31,34272364,mark6six_archive_crosscheck_hkjc,2026-07-15
15/068,2015-06-11,10,13,35,38,42,44,27,37025285,mark6six_archive_crosscheck_hkjc,2026-07-15
15/069,2015-06-13,10,12,24,25,26,33,23,39521829,mark6six_archive_crosscheck_hkjc,2026-07-15
15/070 DBF,2015-06-16,13,16,24,26,40,44,42,103855355,mark6six_archive_crosscheck_hkjc,2026-07-15
15/071,2015-06-18,4,11,12,24,35,46,3,92662145,mark6six_archive_crosscheck_hkjc,2026-07-15
15/072,2015-06-20,12,16,31,34,42,48,37,29200200,mark6six_archive_crosscheck_hkjc,2026-07-15
15/073,2015-06-23,3,10,26,33,42,46,44,39714477,mark6six_archive_crosscheck_hkjc,2026-07-15
15/074,2015-06-25,1,5,26,28,40,49,15,43013877,mark6six_archive_crosscheck_hkjc,2026-07-15
15/075,2015-06-28,8,9,18,33,41,43,15,50971766,mark6six_archive_crosscheck_hkjc,2026-07-15
15/076,2015-06-30,12,14,21,27,38,43,15,55525175,mark6six_archive_crosscheck_hkjc,2026-07-15
15/077,2015-07-02,4,11,23,32,44,48,49,45061164,mark6six_archive_crosscheck_hkjc,2026-07-15
15/078,2015-07-04,9,24,32,34,43,47,35,50640479,mark6six_archive_crosscheck_hkjc,2026-07-15
15/079,2015-07-07,9,19,28,29,38,40,33,64109325,mark6six_archive_crosscheck_hkjc,2026-07-15
15/080,2015-07-11,2,5,17,22,27,28,37,41593905,mark6six_archive_crosscheck_hkjc,2026-07-15
15/081,2015-07-14,7,8,10,13,20,38,5,41582761,mark6six_archive_crosscheck_hkjc,2026-07-15
15/082,2015-07-16,16,18,22,23,35,38,25,42444471,mark6six_archive_crosscheck_hkjc,2026-07-15
15/083,2015-07-18,13,20,23,24,46,47,39,44443353,mark6six_archive_crosscheck_hkjc,2026-07-15
15/084 SMR,2015-07-21,4,14,15,19,41,42,10,93970000,mark6six_archive_crosscheck_hkjc,2026-07-15
15/085,2015-07-23,10,33,40,43,45,49,38,89830641,mark6six_archive_crosscheck_hkjc,2026-07-15
15/086,2015-07-26,4,11,15,26,28,30,13,129093710,mark6six_archive_crosscheck_hkjc,2026-07-15
15/087,2015-07-28,12,25,32,33,34,35,45,31343999,mark6six_archive_crosscheck_hkjc,2026-07-15
15/088,2015-07-30,4,5,11,17,24,48,46,38682123,mark6six_archive_crosscheck_hkjc,2026-07-15
15/089,2015-08-01,14,20,28,31,32,47,18,44277853,mark6six_archive_crosscheck_hkjc,2026-07-15
15/090,2015-08-04,5,9,13,15,21,23,12,54747865,mark6six_archive_crosscheck_hkjc,2026-07-15
15/091,2015-08-06,22,23,35,40,41,42,16,44185876,mark6six_archive_crosscheck_hkjc,2026-07-15
15/092,2015-08-08,10,12,19,25,42,46,37,47899342,mark6six_archive_crosscheck_hkjc,2026-07-15
15/093,2015-08-11,22,26,27,28,36,47,12,59953302,mark6six_archive_crosscheck_hkjc,2026-07-15
15/094,2015-08-13,1,4,8,21,22,24,46,47576462,mark6six_archive_crosscheck_hkjc,2026-07-15
15/095,2015-08-15,2,6,13,25,30,33,20,52278102,mark6six_archive_crosscheck_hkjc,2026-07-15
15/096,2015-08-18,7,17,34,41,43,49,1,64066249,mark6six_archive_crosscheck_hkjc,2026-07-15
15/097,2015-08-20,4,5,18,23,32,44,6,65681205,mark6six_archive_crosscheck_hkjc,2026-07-15
15/098,2015-08-22,2,26,31,32,36,37,12,78130351,mark6six_archive_crosscheck_hkjc,2026-07-15
15/099,2015-08-25,3,15,16,39,41,42,36,35401366,mark6six_archive_crosscheck_hkjc,2026-07-15
15/100,2015-08-27,9,13,29,30,39,45,48,37238226,mark6six_archive_crosscheck_hkjc,2026-07-15
15/101,2015-08-29,9,22,28,32,37,39,47,41457798,mark6six_archive_crosscheck_hkjc,2026-07-15
15/102,2015-09-01,5,6,8,10,31,36,17,42290675,mark6six_archive_crosscheck_hkjc,2026-07-15
15/103,2015-09-03,12,16,34,36,42,45,41,37226144,mark6six_archive_crosscheck_hkjc,2026-07-15
15/104,2015-09-05,15,16,20,26,36,40,46,41756615,mark6six_archive_crosscheck_hkjc,2026-07-15
15/105,2015-09-08,1,4,13,22,32,41,26,50285222,mark6six_archive_crosscheck_hkjc,2026-07-15
15/106,2015-09-10,1,11,13,23,35,36,34,52873907,mark6six_archive_crosscheck_hkjc,2026-07-15
15/107,2015-09-12,5,13,21,25,38,40,17,58975220,mark6six_archive_crosscheck_hkjc,2026-07-15
15/108,2015-09-15,3,5,17,22,25,27,46,74871295,mark6six_archive_crosscheck_hkjc,2026-07-15
15/109,2015-09-17,1,4,9,17,35,41,37,85294212,mark6six_archive_crosscheck_hkjc,2026-07-15
15/110 MAF,2015-09-22,2,11,12,25,36,43,10,199871814,mark6six_archive_crosscheck_hkjc,2026-07-15
15/111,2015-09-24,4,10,15,16,24,28,49,93436580,mark6six_archive_crosscheck_hkjc,2026-07-15
15/112,2015-09-26,6,15,16,18,37,43,2,92380671,mark6six_archive_crosscheck_hkjc,2026-07-15
15/113,2015-09-30,9,10,23,28,37,46,34,136250054,mark6six_archive_crosscheck_hkjc,2026-07-15
15/114,2015-10-03,8,10,16,30,39,40,6,36798072,mark6six_archive_crosscheck_hkjc,2026-07-15
15/115,2015-10-06,2,7,9,22,32,46,26,43307363,mark6six_archive_crosscheck_hkjc,2026-07-15
15/116,2015-10-08,8,17,28,34,39,40,14,47312626,mark6six_archive_crosscheck_hkjc,2026-07-15
15/117,2015-10-11,4,21,22,35,36,46,40,55081039,mark6six_archive_crosscheck_hkjc,2026-07-15
15/118,2015-10-13,1,4,22,30,33,34,26,58661876,mark6six_archive_crosscheck_hkjc,2026-07-15
15/119,2015-10-15,17,18,26,30,33,34,29,34119797,mark6six_archive_crosscheck_hkjc,2026-07-15
15/120,2015-10-17,2,12,19,33,34,48,24,38046569,mark6six_archive_crosscheck_hkjc,2026-07-15
15/121,2015-10-19,7,11,15,38,39,46,25,33988939,mark6six_archive_crosscheck_hkjc,2026-07-15
15/122,2015-10-21,1,14,16,25,40,48,17,47677752,mark6six_archive_crosscheck_hkjc,2026-07-15
15/123,2015-10-24,18,27,28,34,35,45,2,57196145,mark6six_archive_crosscheck_hkjc,2026-07-15
15/124,2015-10-27,20,22,31,33,39,44,10,35370900,mark6six_archive_crosscheck_hkjc,2026-07-15
15/125 STU,2015-10-29,4,5,6,22,31,46,47,78945235,mark6six_archive_crosscheck_hkjc,2026-07-15
15/126,2015-10-31,4,10,28,37,42,48,8,30882745,mark6six_archive_crosscheck_hkjc,2026-07-15
15/127,2015-11-03,7,12,13,25,34,38,15,42814140,mark6six_archive_crosscheck_hkjc,2026-07-15
15/128,2015-11-05,5,10,11,25,27,44,7,45336898,mark6six_archive_crosscheck_hkjc,2026-07-15
15/129,2015-11-07,6,16,27,34,44,48,1,46475420,mark6six_archive_crosscheck_hkjc,2026-07-15
15/130,2015-11-10,4,14,28,42,43,47,3,36058986,mark6six_archive_crosscheck_hkjc,2026-07-15
15/131,2015-11-12,10,20,24,28,33,45,19,39774538,mark6six_archive_crosscheck_hkjc,2026-07-15
15/132,2015-11-15,13,15,24,28,41,45,20,45547271,mark6six_archive_crosscheck_hkjc,2026-07-15
15/133,2015-11-17,12,13,31,33,35,47,21,50557246,mark6six_archive_crosscheck_hkjc,2026-07-15
15/134,2015-11-19,13,15,25,40,41,48,19,31445008,mark6six_archive_crosscheck_hkjc,2026-07-15
15/135,2015-11-22,9,20,30,33,38,39,37,39764633,mark6six_archive_crosscheck_hkjc,2026-07-15
15/136,2015-11-24,17,21,22,36,41,44,38,43040391,mark6six_archive_crosscheck_hkjc,2026-07-15
15/137,2015-11-26,10,17,25,26,39,44,7,46186621,mark6six_archive_crosscheck_hkjc,2026-07-15
15/138,2015-11-28,15,21,24,25,28,31,48,49707832,mark6six_archive_crosscheck_hkjc,2026-07-15
15/139,2015-12-01,8,9,10,22,33,40,28,34244736,mark6six_archive_crosscheck_hkjc,2026-07-15
15/140,2015-12-03,4,11,14,41,42,44,10,37386018,mark6six_archive_crosscheck_hkjc,2026-07-15
15/141,2015-12-05,6,16,19,34,35,46,9,29752829,mark6six_archive_crosscheck_hkjc,2026-07-15
15/142,2015-12-08,9,10,25,40,48,49,32,39977331,mark6six_archive_crosscheck_hkjc,2026-07-15
15/143,2015-12-10,9,24,29,32,34,47,42,31340945,mark6six_archive_crosscheck_hkjc,2026-07-15
15/144,2015-12-12,16,18,27,35,42,44,33,31334690,mark6six_archive_crosscheck_hkjc,2026-07-15
15/145,2015-12-15,18,22,40,41,48,49,42,40638725,mark6six_archive_crosscheck_hkjc,2026-07-15
15/146,2015-12-17,18,20,24,36,44,45,39,41774248,mark6six_archive_crosscheck_hkjc,2026-07-15
15/147,2015-12-20,6,11,16,20,43,45,21,32293857,mark6six_archive_crosscheck_hkjc,2026-07-15
15/148,2015-12-22,11,28,36,38,44,48,26,39023464,mark6six_archive_crosscheck_hkjc,2026-07-15
15/149,2015-12-24,12,18,20,28,33,47,25,43457391,mark6six_archive_crosscheck_hkjc,2026-07-15
15/150,2015-12-26,1,8,33,37,42,47,7,42225661,mark6six_archive_crosscheck_hkjc,2026-07-15
15/151,2015-12-29,3,5,20,30,33,38,28,55753074,mark6six_archive_crosscheck_hkjc,2026-07-15
15/152,2015-12-31,2,11,12,22,24,25,3,62348733,mark6six_archive_crosscheck_hkjc,2026-07-15
16/001 SBD,2016-01-02,6,8,11,32,34,41,47,111729038,mark6six_archive_crosscheck_hkjc,2026-07-15
16/002,2016-01-05,2,5,7,18,30,45,11,122881098,mark6six_archive_crosscheck_hkjc,2026-07-15
16/003,2016-01-07,6,9,11,29,43,47,8,34842788,mark6six_archive_crosscheck_hkjc,2026-07-15
16/004,2016-01-10,4,8,15,18,30,45,38,43632963,mark6six_archive_crosscheck_hkjc,2026-07-15
16/005,2016-01-12,8,13,15,35,44,45,47,49548124,mark6six_archive_crosscheck_hkjc,2026-07-15
16/006,2016-01-14,1,2,10,23,32,49,26,56637640,mark6six_archive_crosscheck_hkjc,2026-07-15
16/007,2016-01-16,1,2,6,37,40,43,24,44094640,mark6six_archive_crosscheck_hkjc,2026-07-15
16/008,2016-01-19,8,18,20,25,30,39,13,60259413,mark6six_archive_crosscheck_hkjc,2026-07-15
16/009,2016-01-21,2,12,33,40,45,47,9,46580521,mark6six_archive_crosscheck_hkjc,2026-07-15
16/010,2016-01-23,7,8,12,14,23,32,5,30813059,mark6six_archive_crosscheck_hkjc,2026-07-15
16/011,2016-01-26,5,9,22,26,27,40,13,38933594,mark6six_archive_crosscheck_hkjc,2026-07-15
16/012,2016-01-28,8,20,30,34,42,48,36,39950603,mark6six_archive_crosscheck_hkjc,2026-07-15
16/013,2016-01-30,1,5,29,32,39,44,4,44901369,mark6six_archive_crosscheck_hkjc,2026-07-15
16/014,2016-02-02,18,28,30,33,34,36,2,55447401,mark6six_archive_crosscheck_hkjc,2026-07-15
16/015,2016-02-04,7,13,15,35,38,45,32,36453488,mark6six_archive_crosscheck_hkjc,2026-07-15
16/016,2016-02-07,11,13,15,19,21,29,41,39171989,mark6six_archive_crosscheck_hkjc,2026-07-15
16/017 CNY,2016-02-11,3,4,17,30,35,47,10,120336644,mark6six_archive_crosscheck_hkjc,2026-07-15
16/018,2016-02-13,8,14,24,29,36,43,31,33723116,mark6six_archive_crosscheck_hkjc,2026-07-15
16/019,2016-02-16,18,21,22,34,42,43,24,48182858,mark6six_archive_crosscheck_hkjc,2026-07-15
16/020,2016-02-18,13,20,38,39,41,45,46,51232046,mark6six_archive_crosscheck_hkjc,2026-07-15
16/021,2016-02-20,12,20,39,44,47,49,45,34473261,mark6six_archive_crosscheck_hkjc,2026-07-15
16/022,2016-02-23,9,15,24,27,44,45,47,51276856,mark6six_archive_crosscheck_hkjc,2026-07-15
16/023,2016-02-25,3,6,22,24,45,47,7,49997292,mark6six_archive_crosscheck_hkjc,2026-07-15
16/024,2016-02-27,6,9,11,20,27,44,42,54208592,mark6six_archive_crosscheck_hkjc,2026-07-15
16/025 ANN,2016-03-01,11,16,19,21,30,33,31,446395296,mark6six_archive_crosscheck_hkjc,2026-07-15
16/026,2016-03-03,1,2,5,7,16,45,33,37216037,mark6six_archive_crosscheck_hkjc,2026-07-15
16/027,2016-03-05,17,26,29,32,48,49,40,40820572,mark6six_archive_crosscheck_hkjc,2026-07-15
16/028,2016-03-08,3,4,16,30,34,39,14,52529547,mark6six_archive_crosscheck_hkjc,2026-07-15
16/029,2016-03-10,9,14,24,30,33,48,43,35372752,mark6six_archive_crosscheck_hkjc,2026-07-15
16/030,2016-03-12,3,23,33,36,41,49,2,39183478,mark6six_archive_crosscheck_hkjc,2026-07-15
16/031,2016-03-15,1,6,19,26,28,41,39,48401450,mark6six_archive_crosscheck_hkjc,2026-07-15
16/032,2016-03-17,3,8,15,16,17,38,35,52991029,mark6six_archive_crosscheck_hkjc,2026-07-15
16/033,2016-03-19,23,25,35,39,42,43,14,32370053,mark6six_archive_crosscheck_hkjc,2026-07-15
16/034,2016-03-22,5,10,18,24,27,49,39,43237087,mark6six_archive_crosscheck_hkjc,2026-07-15
16/035,2016-03-24,16,18,21,25,35,46,13,31611728,mark6six_archive_crosscheck_hkjc,2026-07-15
16/036,2016-03-26,17,24,38,44,46,47,27,34416587,mark6six_archive_crosscheck_hkjc,2026-07-15
16/037,2016-03-29,9,12,13,22,30,31,28,43665541,mark6six_archive_crosscheck_hkjc,2026-07-15
16/038,2016-04-02,4,6,29,34,36,45,47,47612006,mark6six_archive_crosscheck_hkjc,2026-07-15
16/039,2016-04-05,4,10,21,30,35,43,7,45676156,mark6six_archive_crosscheck_hkjc,2026-07-15
16/040,2016-04-07,8,21,25,32,34,45,31,48771580,mark6six_archive_crosscheck_hkjc,2026-07-15
16/041,2016-04-09,3,6,13,38,43,44,31,40929150,mark6six_archive_crosscheck_hkjc,2026-07-15
16/042,2016-04-12,21,25,28,33,46,48,10,51386592,mark6six_archive_crosscheck_hkjc,2026-07-15
16/043,2016-04-14,14,21,25,27,44,46,3,42564768,mark6six_archive_crosscheck_hkjc,2026-07-15
16/044,2016-04-17,16,24,28,35,45,46,38,46271339,mark6six_archive_crosscheck_hkjc,2026-07-15
16/045,2016-04-19,5,8,30,34,45,48,3,52034790,mark6six_archive_crosscheck_hkjc,2026-07-15
16/046,2016-04-21,3,5,14,15,39,41,21,60595924,mark6six_archive_crosscheck_hkjc,2026-07-15
16/047,2016-04-23,2,10,16,35,46,47,49,68295359,mark6six_archive_crosscheck_hkjc,2026-07-15
16/048,2016-04-26,1,3,25,27,28,45,12,91234839,mark6six_archive_crosscheck_hkjc,2026-07-15
16/049,2016-04-30,11,20,28,29,44,49,40,147556973,mark6six_archive_crosscheck_hkjc,2026-07-15
16/050,2016-05-05,6,7,12,15,27,36,29,235990985,mark6six_archive_crosscheck_hkjc,2026-07-15
16/051,2016-05-10,20,26,28,32,40,45,43,350471901,mark6six_archive_crosscheck_hkjc,2026-07-15
16/052,2016-05-12,4,12,19,20,27,49,21,36454079,mark6six_archive_crosscheck_hkjc,2026-07-15
16/053,2016-05-15,2,11,25,28,36,46,42,43293096,mark6six_archive_crosscheck_hkjc,2026-07-15
16/054,2016-05-17,1,19,23,24,32,40,35,36676426,mark6six_archive_crosscheck_hkjc,2026-07-15
16/055,2016-05-19,2,8,20,24,37,39,18,43538318,mark6six_archive_crosscheck_hkjc,2026-07-15
16/056,2016-05-21,6,13,23,25,44,48,11,45337573,mark6six_archive_crosscheck_hkjc,2026-07-15
16/057,2016-05-24,14,18,33,34,35,46,42,37368734,mark6six_archive_crosscheck_hkjc,2026-07-15
16/058,2016-05-26,9,15,36,38,46,48,22,41989634,mark6six_archive_crosscheck_hkjc,2026-07-15
16/059,2016-05-28,21,23,32,33,36,42,20,43057874,mark6six_archive_crosscheck_hkjc,2026-07-15
16/060,2016-05-31,21,24,36,38,39,44,49,36258249,mark6six_archive_crosscheck_hkjc,2026-07-15
16/061,2016-06-02,3,4,19,24,26,34,38,34163569,mark6six_archive_crosscheck_hkjc,2026-07-15
16/062,2016-06-04,8,16,21,32,38,48,11,36522960,mark6six_archive_crosscheck_hkjc,2026-07-15
16/063,2016-06-06,2,5,8,12,20,49,47,31165111,mark6six_archive_crosscheck_hkjc,2026-07-15
16/064,2016-06-08,4,13,34,36,42,48,19,48176130,mark6six_archive_crosscheck_hkjc,2026-07-15
16/065,2016-06-11,10,14,23,29,40,42,11,54783133,mark6six_archive_crosscheck_hkjc,2026-07-15
16/066,2016-06-14,13,15,30,36,44,49,37,64100768,mark6six_archive_crosscheck_hkjc,2026-07-15
16/067,2016-06-16,19,22,27,29,45,48,4,68362653,mark6six_archive_crosscheck_hkjc,2026-07-15
16/068,2016-06-18,4,5,8,12,34,37,24,32405053,mark6six_archive_crosscheck_hkjc,2026-07-15
16/069,2016-06-21,9,10,20,21,38,39,49,41656253,mark6six_archive_crosscheck_hkjc,2026-07-15
16/070,2016-06-23,6,9,21,35,48,49,29,43180821,mark6six_archive_crosscheck_hkjc,2026-07-15
16/071,2016-06-25,10,15,22,38,42,43,18,44545953,mark6six_archive_crosscheck_hkjc,2026-07-15
16/072,2016-06-28,7,13,23,30,32,48,36,45057208,mark6six_archive_crosscheck_hkjc,2026-07-15
16/073,2016-06-30,2,5,6,7,16,29,35,46468294,mark6six_archive_crosscheck_hkjc,2026-07-15
16/074,2016-07-02,2,8,16,32,33,37,5,31258661,mark6six_archive_crosscheck_hkjc,2026-07-15
16/075,2016-07-05,1,6,13,17,34,44,38,41965751,mark6six_archive_crosscheck_hkjc,2026-07-15
16/076,2016-07-07,13,14,21,31,38,44,22,45122563,mark6six_archive_crosscheck_hkjc,2026-07-15
16/077,2016-07-09,7,19,20,28,30,31,29,47505745,mark6six_archive_crosscheck_hkjc,2026-07-15
16/078,2016-07-12,12,20,31,32,35,45,18,62453477,mark6six_archive_crosscheck_hkjc,2026-07-15
16/079,2016-07-14,16,21,30,36,38,47,48,33853850,mark6six_archive_crosscheck_hkjc,2026-07-15
16/080,2016-07-16,1,2,7,16,24,34,36,38075019,mark6six_archive_crosscheck_hkjc,2026-07-15
16/081 SMR,2016-07-19,7,21,27,33,46,47,4,149707089,mark6six_archive_crosscheck_hkjc,2026-07-15
16/082,2016-07-22,10,11,22,41,44,46,35,195054501,mark6six_archive_crosscheck_hkjc,2026-07-15
16/083,2016-07-24,11,18,26,31,39,44,24,96225046,mark6six_archive_crosscheck_hkjc,2026-07-15
16/084,2016-07-26,3,14,17,21,28,49,12,34132637,mark6six_archive_crosscheck_hkjc,2026-07-15
16/085,2016-07-28,12,20,24,35,39,47,15,42258493,mark6six_archive_crosscheck_hkjc,2026-07-15
16/086,2016-07-30,9,21,29,33,35,48,28,41301316,mark6six_archive_crosscheck_hkjc,2026-07-15
16/087,2016-08-02,7,11,12,19,21,39,49,33349936,mark6six_archive_crosscheck_hkjc,2026-07-15
16/088,2016-08-04,10,16,34,41,45,47,7,39743010,mark6six_archive_crosscheck_hkjc,2026-07-15
16/089,2016-08-06,2,17,23,32,36,40,3,34111314,mark6six_archive_crosscheck_hkjc,2026-07-15
16/090,2016-08-09,5,9,13,22,34,39,40,36331042,mark6six_archive_crosscheck_hkjc,2026-07-15
16/091,2016-08-11,10,11,19,23,30,38,13,40682664,mark6six_archive_crosscheck_hkjc,2026-07-15
16/092,2016-08-13,3,4,11,23,44,47,24,43768215,mark6six_archive_crosscheck_hkjc,2026-07-15
16/093,2016-08-16,5,12,14,20,27,46,26,50146104,mark6six_archive_crosscheck_hkjc,2026-07-15
16/094,2016-08-18,3,17,20,22,45,46,30,55039851,mark6six_archive_crosscheck_hkjc,2026-07-15
16/095,2016-08-20,2,3,15,28,46,48,33,59404718,mark6six_archive_crosscheck_hkjc,2026-07-15
16/096,2016-08-23,14,16,24,25,43,44,3,79392309,mark6six_archive_crosscheck_hkjc,2026-07-15
16/097,2016-08-25,4,20,34,35,40,47,3,56255099,mark6six_archive_crosscheck_hkjc,2026-07-15
16/098,2016-08-27,3,6,13,24,37,43,30,32349060,mark6six_archive_crosscheck_hkjc,2026-07-15
16/099,2016-08-30,14,20,21,31,34,42,25,43191955,mark6six_archive_crosscheck_hkjc,2026-07-15
16/100,2016-09-01,8,11,13,30,34,49,2,39507677,mark6six_archive_crosscheck_hkjc,2026-07-15
16/101,2016-09-04,8,25,26,28,38,43,22,45802000,mark6six_archive_crosscheck_hkjc,2026-07-15
16/102,2016-09-06,11,15,33,41,43,48,27,43861879,mark6six_archive_crosscheck_hkjc,2026-07-15
16/103,2016-09-08,3,4,5,26,45,48,14,46696732,mark6six_archive_crosscheck_hkjc,2026-07-15
16/104,2016-09-10,7,16,32,37,38,46,22,47678029,mark6six_archive_crosscheck_hkjc,2026-07-15
16/105 MAF,2016-09-13,1,13,19,21,38,49,23,173013664,mark6six_archive_crosscheck_hkjc,2026-07-15
16/106,2016-09-15,24,25,34,35,44,49,30,35401214,mark6six_archive_crosscheck_hkjc,2026-07-15
16/107,2016-09-17,3,18,21,25,31,42,26,37545147,mark6six_archive_crosscheck_hkjc,2026-07-15
16/108,2016-09-20,4,16,19,27,41,44,25,47588946,mark6six_archive_crosscheck_hkjc,2026-07-15
16/109,2016-09-22,5,30,38,43,44,47,14,41455850,mark6six_archive_crosscheck_hkjc,2026-07-15
16/110,2016-09-24,1,17,20,34,43,44,42,46035258,mark6six_archive_crosscheck_hkjc,2026-07-15
16/111,2016-09-27,12,16,19,23,28,32,27,35507837,mark6six_archive_crosscheck_hkjc,2026-07-15
16/112,2016-09-29,14,20,28,33,41,48,40,38983073,mark6six_archive_crosscheck_hkjc,2026-07-15
16/113,2016-10-02,7,8,21,22,34,46,6,43875706,mark6six_archive_crosscheck_hkjc,2026-07-15
16/114,2016-10-04,2,6,10,28,38,40,30,49409715,mark6six_archive_crosscheck_hkjc,2026-07-15
16/115,2016-10-06,5,11,13,19,33,48,34,42975530,mark6six_archive_crosscheck_hkjc,2026-07-15
16/116,2016-10-09,12,26,28,36,45,49,9,50444713,mark6six_archive_crosscheck_hkjc,2026-07-15
16/117,2016-10-11,16,19,24,28,36,42,13,32701374,mark6six_archive_crosscheck_hkjc,2026-07-15
16/118,2016-10-13,2,9,16,27,32,40,46,39346088,mark6six_archive_crosscheck_hkjc,2026-07-15
16/119,2016-10-15,7,12,18,27,28,40,10,40495746,mark6six_archive_crosscheck_hkjc,2026-07-15
16/120,2016-10-18,8,27,28,30,38,41,12,49527524,mark6six_archive_crosscheck_hkjc,2026-07-15
16/121,2016-10-20,2,4,7,15,28,45,19,40782879,mark6six_archive_crosscheck_hkjc,2026-07-15
16/122,2016-10-22,3,12,13,20,33,43,35,39347881,mark6six_archive_crosscheck_hkjc,2026-07-15
16/123 STE,2016-10-25,7,8,12,17,22,29,14,131171453,mark6six_archive_crosscheck_hkjc,2026-07-15
16/124,2016-10-27,8,16,17,34,35,44,41,33568510,mark6six_archive_crosscheck_hkjc,2026-07-15
16/125,2016-10-29,22,26,32,38,43,47,42,36865902,mark6six_archive_crosscheck_hkjc,2026-07-15
16/126,2016-11-01,1,2,21,31,33,36,8,48075501,mark6six_archive_crosscheck_hkjc,2026-07-15
16/127,2016-11-03,6,14,18,22,30,38,47,48176818,mark6six_archive_crosscheck_hkjc,2026-07-15
16/128,2016-11-05,9,12,31,39,42,46,48,50833134,mark6six_archive_crosscheck_hkjc,2026-07-15
16/129,2016-11-08,3,5,6,11,34,42,28,67173953,mark6six_archive_crosscheck_hkjc,2026-07-15
16/130,2016-11-10,3,17,38,39,46,49,37,32365780,mark6six_archive_crosscheck_hkjc,2026-07-15
16/131,2016-11-13,2,16,27,29,34,41,42,41380026,mark6six_archive_crosscheck_hkjc,2026-07-15
16/132,2016-11-15,10,15,17,18,27,40,26,46087431,mark6six_archive_crosscheck_hkjc,2026-07-15
16/133,2016-11-17,5,18,26,28,30,45,33,52672914,mark6six_archive_crosscheck_hkjc,2026-07-15
16/134,2016-11-19,2,6,23,24,37,42,32,58227586,mark6six_archive_crosscheck_hkjc,2026-07-15
16/135,2016-11-22,12,13,16,18,38,40,5,74063471,mark6six_archive_crosscheck_hkjc,2026-07-15
16/136,2016-11-24,3,9,24,31,38,49,41,82193372,mark6six_archive_crosscheck_hkjc,2026-07-15
16/137,2016-11-26,1,2,3,4,7,10,33,89142376,mark6six_archive_crosscheck_hkjc,2026-07-15
16/138,2016-11-29,4,11,18,22,24,49,25,35709168,mark6six_archive_crosscheck_hkjc,2026-07-15
16/139,2016-12-01,9,15,18,21,24,37,16,34501896,mark6six_archive_crosscheck_hkjc,2026-07-15
16/140,2016-12-03,8,13,23,30,47,48,7,38291968,mark6six_archive_crosscheck_hkjc,2026-07-15
16/141,2016-12-06,3,7,17,29,32,49,11,47731773,mark6six_archive_crosscheck_hkjc,2026-07-15
16/142,2016-12-08,9,24,26,28,37,39,29,41952244,mark6six_archive_crosscheck_hkjc,2026-07-15
16/143,2016-12-10,7,22,32,33,34,39,45,33005201,mark6six_archive_crosscheck_hkjc,2026-07-15
16/144,2016-12-13,7,14,26,31,38,44,37,43247428,mark6six_archive_crosscheck_hkjc,2026-07-15
16/145,2016-12-15,15,19,20,32,33,34,23,38736961,mark6six_archive_crosscheck_hkjc,2026-07-15
16/146,2016-12-18,3,10,21,26,28,38,29,39713694,mark6six_archive_crosscheck_hkjc,2026-07-15
16/147,2016-12-20,5,28,32,34,37,48,39,44044595,mark6six_archive_crosscheck_hkjc,2026-07-15
16/148,2016-12-23,4,14,16,25,32,35,47,52784003,mark6six_archive_crosscheck_hkjc,2026-07-15
16/149,2016-12-25,3,4,10,26,37,43,41,39435160,mark6six_archive_crosscheck_hkjc,2026-07-15
16/150,2016-12-29,2,11,13,15,17,21,26,59905335,mark6six_archive_crosscheck_hkjc,2026-07-15
16/151,2016-12-31,8,9,12,15,17,28,33,57457946,mark6six_archive_crosscheck_hkjc,2026-07-15
17/001 SBD,2017-01-03,4,11,22,29,37,46,18,143310824,mark6six_archive_crosscheck_hkjc,2026-07-15
17/002,2017-01-05,5,14,20,21,36,49,39,34934979,mark6six_archive_crosscheck_hkjc,2026-07-15
17/003,2017-01-07,7,10,14,29,45,46,19,39774959,mark6six_archive_crosscheck_hkjc,2026-07-15
17/004,2017-01-10,2,7,14,26,38,39,12,51680720,mark6six_archive_crosscheck_hkjc,2026-07-15
17/005,2017-01-12,18,25,27,30,40,43,6,44627272,mark6six_archive_crosscheck_hkjc,2026-07-15
17/006,2017-01-15,1,6,22,37,44,48,35,51532305,mark6six_archive_crosscheck_hkjc,2026-07-15
17/007,2017-01-17,26,27,28,36,42,47,33,35504765,mark6six_archive_crosscheck_hkjc,2026-07-15
17/008,2017-01-19,1,2,13,23,35,43,18,41535280,mark6six_archive_crosscheck_hkjc,2026-07-15
17/009,2017-01-21,8,27,28,37,38,49,33,34923225,mark6six_archive_crosscheck_hkjc,2026-07-15
17/010,2017-01-24,2,5,23,27,36,43,20,48248467,mark6six_archive_crosscheck_hkjc,2026-07-15
17/011,2017-01-26,13,24,28,29,31,44,10,52782918,mark6six_archive_crosscheck_hkjc,2026-07-15
17/012,2017-01-28,8,15,25,30,34,40,42,33050546,mark6six_archive_crosscheck_hkjc,2026-07-15
17/013 CNY,2017-02-01,13,14,18,23,29,35,45,214619874,mark6six_archive_crosscheck_hkjc,2026-07-15
17/014,2017-02-04,7,14,25,28,33,40,26,42600803,mark6six_archive_crosscheck_hkjc,2026-07-15
17/015,2017-02-07,6,11,22,25,32,33,24,41958456,mark6six_archive_crosscheck_hkjc,2026-07-15
17/016,2017-02-09,3,12,13,19,24,45,40,43744019,mark6six_archive_crosscheck_hkjc,2026-07-15
17/017,2017-02-12,7,21,26,30,38,47,15,40512233,mark6six_archive_crosscheck_hkjc,2026-07-15
17/018,2017-02-14,14,16,21,28,43,46,26,43760741,mark6six_archive_crosscheck_hkjc,2026-07-15
17/019,2017-02-16,5,8,23,34,41,44,7,49512995,mark6six_archive_crosscheck_hkjc,2026-07-15
17/020,2017-02-18,5,8,12,17,20,37,45,50583895,mark6six_archive_crosscheck_hkjc,2026-07-15
17/021,2017-02-21,1,7,13,29,32,44,20,64109820,mark6six_archive_crosscheck_hkjc,2026-07-15
17/022,2017-02-23,13,15,16,32,34,46,10,70561689,mark6six_archive_crosscheck_hkjc,2026-07-15
17/023,2017-02-25,4,12,19,20,25,26,8,78285538,mark6six_archive_crosscheck_hkjc,2026-07-15
17/024,2017-02-28,15,20,24,34,42,44,7,113255035,mark6six_archive_crosscheck_hkjc,2026-07-15
17/025,2017-03-02,6,13,31,42,43,45,34,36654865,mark6six_archive_crosscheck_hkjc,2026-07-15
17/026,2017-03-04,10,18,22,23,29,32,45,40562217,mark6six_archive_crosscheck_hkjc,2026-07-15
17/027,2017-03-07,2,14,18,19,40,43,42,52372640,mark6six_archive_crosscheck_hkjc,2026-07-15
17/028,2017-03-09,17,19,25,35,41,44,26,55782954,mark6six_archive_crosscheck_hkjc,2026-07-15
17/029,2017-03-11,1,4,20,27,32,39,15,61983723,mark6six_archive_crosscheck_hkjc,2026-07-15
17/030,2017-03-14,2,32,33,35,36,44,48,82546465,mark6six_archive_crosscheck_hkjc,2026-07-15
17/031,2017-03-16,1,2,11,19,40,48,4,59044186,mark6six_archive_crosscheck_hkjc,2026-07-15
17/032,2017-03-18,2,13,17,23,30,46,8,61739371,mark6six_archive_crosscheck_hkjc,2026-07-15
17/033,2017-03-21,8,12,20,25,37,46,2,38634057,mark6six_archive_crosscheck_hkjc,2026-07-15
17/034,2017-03-23,5,14,17,33,41,47,16,41299252,mark6six_archive_crosscheck_hkjc,2026-07-15
17/035,2017-03-25,9,10,23,30,38,48,16,46274838,mark6six_archive_crosscheck_hkjc,2026-07-15
17/036,2017-03-28,2,9,21,35,36,40,44,54942577,mark6six_archive_crosscheck_hkjc,2026-07-15
17/037,2017-03-30,18,19,21,30,38,48,7,59675115,mark6six_archive_crosscheck_hkjc,2026-07-15
17/038,2017-04-01,7,17,20,34,36,44,23,63696496,mark6six_archive_crosscheck_hkjc,2026-07-15
17/039,2017-04-04,3,9,19,33,40,41,26,36344665,mark6six_archive_crosscheck_hkjc,2026-07-15
17/040,2017-04-06,4,21,24,39,45,46,40,41698414,mark6six_archive_crosscheck_hkjc,2026-07-15
17/041,2017-04-08,2,11,14,20,27,30,19,45099044,mark6six_archive_crosscheck_hkjc,2026-07-15
17/042,2017-04-11,14,17,22,29,30,31,38,53306201,mark6six_archive_crosscheck_hkjc,2026-07-15
17/043,2017-04-13,4,10,25,26,38,49,34,55933853,mark6six_archive_crosscheck_hkjc,2026-07-15
17/044,2017-04-15,1,4,5,29,33,44,39,57692584,mark6six_archive_crosscheck_hkjc,2026-07-15
17/045,2017-04-18,4,10,11,18,29,38,28,75375397,mark6six_archive_crosscheck_hkjc,2026-07-15
17/046,2017-04-22,1,9,11,23,29,34,6,104475454,mark6six_archive_crosscheck_hkjc,2026-07-15
17/047,2017-04-25,1,21,22,45,46,49,14,36181344,mark6six_archive_crosscheck_hkjc,2026-07-15
17/048,2017-04-27,16,17,21,42,48,49,37,40652334,mark6six_archive_crosscheck_hkjc,2026-07-15
17/049,2017-04-29,5,8,14,22,31,48,33,45770522,mark6six_archive_crosscheck_hkjc,2026-07-15
17/050,2017-05-02,1,20,22,27,31,41,2,37166141,mark6six_archive_crosscheck_hkjc,2026-07-15
17/051,2017-05-04,4,17,21,32,36,46,27,39950646,mark6six_archive_crosscheck_hkjc,2026-07-15
17/052,2017-05-06,1,3,9,13,34,35,27,32839719,mark6six_archive_crosscheck_hkjc,2026-07-15
17/053,2017-05-09,6,22,23,31,36,45,12,36568136,mark6six_archive_crosscheck_hkjc,2026-07-15
17/054,2017-05-11,9,16,22,38,40,46,11,39023808,mark6six_archive_crosscheck_hkjc,2026-07-15
17/055,2017-05-14,1,7,12,18,27,33,20,47536934,mark6six_archive_crosscheck_hkjc,2026-07-15
17/056,2017-05-16,1,5,7,9,10,15,3,33492275,mark6six_archive_crosscheck_hkjc,2026-07-15
17/057,2017-05-18,7,11,20,28,41,49,32,33568564,mark6six_archive_crosscheck_hkjc,2026-07-15
17/058,2017-05-20,2,3,17,34,38,48,14,31731074,mark6six_archive_crosscheck_hkjc,2026-07-15
17/059,2017-05-23,7,13,17,23,29,46,49,40561450,mark6six_archive_crosscheck_hkjc,2026-07-15
17/060,2017-05-25,23,26,27,39,40,48,7,37325476,mark6six_archive_crosscheck_hkjc,2026-07-15
17/061,2017-05-27,5,7,18,22,33,43,27,40808350,mark6six_archive_crosscheck_hkjc,2026-07-15
17/062,2017-05-30,14,18,27,32,37,38,1,49604970,mark6six_archive_crosscheck_hkjc,2026-07-15
17/063,2017-06-01,4,18,23,28,36,45,33,33612316,mark6six_archive_crosscheck_hkjc,2026-07-15
17/064,2017-06-03,11,15,24,25,33,40,42,38140122,mark6six_archive_crosscheck_hkjc,2026-07-15
17/065,2017-06-06,8,24,26,30,47,49,35,47430443,mark6six_archive_crosscheck_hkjc,2026-07-15
17/066,2017-06-08,8,11,15,23,24,29,6,48373578,mark6six_archive_crosscheck_hkjc,2026-07-15
17/067,2017-06-10,1,13,18,23,30,44,42,52976095,mark6six_archive_crosscheck_hkjc,2026-07-15
17/068,2017-06-13,21,23,27,34,46,49,44,62947810,mark6six_archive_crosscheck_hkjc,2026-07-15
17/069,2017-06-15,1,2,5,12,18,19,44,76401765,mark6six_archive_crosscheck_hkjc,2026-07-15
17/070,2017-06-17,9,34,39,42,46,49,32,31183550,mark6six_archive_crosscheck_hkjc,2026-07-15
17/071,2017-06-20,15,18,20,25,35,45,34,43315812,mark6six_archive_crosscheck_hkjc,2026-07-15
17/072,2017-06-22,18,20,21,27,31,49,45,46927234,mark6six_archive_crosscheck_hkjc,2026-07-15
17/073,2017-06-24,3,28,30,32,37,42,11,52015857,mark6six_archive_crosscheck_hkjc,2026-07-15
17/074,2017-06-27,12,24,30,40,44,48,8,65000656,mark6six_archive_crosscheck_hkjc,2026-07-15
17/075,2017-06-29,11,16,26,27,29,37,19,33368013,mark6six_archive_crosscheck_hkjc,2026-07-15
17/076,2017-07-02,4,9,27,33,39,42,35,35454500,mark6six_archive_crosscheck_hkjc,2026-07-15
17/077,2017-07-04,2,5,15,26,27,38,18,34828698,mark6six_archive_crosscheck_hkjc,2026-07-15
17/078,2017-07-06,2,6,7,8,10,30,28,39839313,mark6six_archive_crosscheck_hkjc,2026-07-15
17/079,2017-07-08,3,8,11,21,36,48,37,40821749,mark6six_archive_crosscheck_hkjc,2026-07-15
17/080,2017-07-11,1,11,20,22,43,45,35,53866922,mark6six_archive_crosscheck_hkjc,2026-07-15
17/081,2017-07-13,4,5,25,27,29,41,18,42754867,mark6six_archive_crosscheck_hkjc,2026-07-15
17/082,2017-07-15,29,34,35,42,43,48,26,45719285,mark6six_archive_crosscheck_hkjc,2026-07-15
17/083 SMR,2017-07-18,6,14,32,33,40,46,10,150335927,mark6six_archive_crosscheck_hkjc,2026-07-15
17/084,2017-07-20,5,9,12,25,26,34,21,34643428,mark6six_archive_crosscheck_hkjc,2026-07-15
17/085,2017-07-22,4,6,27,36,47,49,3,34165308,mark6six_archive_crosscheck_hkjc,2026-07-15
17/086,2017-07-25,8,9,15,33,37,47,1,41689311,mark6six_archive_crosscheck_hkjc,2026-07-15
17/087,2017-07-27,3,4,31,37,42,44,40,44163142,mark6six_archive_crosscheck_hkjc,2026-07-15
17/088,2017-07-30,11,15,25,30,37,43,17,55159119,mark6six_archive_crosscheck_hkjc,2026-07-15
17/089,2017-08-01,10,25,26,32,36,37,46,56709781,mark6six_archive_crosscheck_hkjc,2026-07-15
17/090,2017-08-03,6,18,22,24,35,40,36,68390732,mark6six_archive_crosscheck_hkjc,2026-07-15
17/091,2017-08-05,14,25,32,35,39,48,31,78073037,mark6six_archive_crosscheck_hkjc,2026-07-15
17/092,2017-08-08,8,10,25,28,33,37,7,64453525,mark6six_archive_crosscheck_hkjc,2026-07-15
17/093,2017-08-10,18,22,25,32,33,42,29,35701146,mark6six_archive_crosscheck_hkjc,2026-07-15
17/094,2017-08-12,3,4,15,25,38,45,28,37875840,mark6six_archive_crosscheck_hkjc,2026-07-15
17/095,2017-08-15,3,4,7,19,20,23,27,43866425,mark6six_archive_crosscheck_hkjc,2026-07-15
17/096,2017-08-17,5,21,24,29,43,44,42,47514703,mark6six_archive_crosscheck_hkjc,2026-07-15
17/097,2017-08-19,2,23,32,34,43,45,22,41092252,mark6six_archive_crosscheck_hkjc,2026-07-15
17/098,2017-08-22,4,23,24,33,40,43,15,35854677,mark6six_archive_crosscheck_hkjc,2026-07-15
17/099,2017-08-24,4,7,10,21,28,47,17,31979171,mark6six_archive_crosscheck_hkjc,2026-07-15
17/100,2017-08-26,16,34,35,36,40,46,31,33439871,mark6six_archive_crosscheck_hkjc,2026-07-15
17/101,2017-08-29,12,24,26,34,44,48,4,40988246,mark6six_archive_crosscheck_hkjc,2026-07-15
17/102,2017-08-31,12,17,18,25,33,37,29,42947721,mark6six_archive_crosscheck_hkjc,2026-07-15
17/103,2017-09-02,1,5,11,23,24,27,15,47019758,mark6six_archive_crosscheck_hkjc,2026-07-15
17/104,2017-09-05,1,2,8,30,39,43,19,36484657,mark6six_archive_crosscheck_hkjc,2026-07-15
17/105,2017-09-07,10,19,27,29,41,46,17,40190424,mark6six_archive_crosscheck_hkjc,2026-07-15
17/106,2017-09-09,4,7,18,23,29,39,49,42184167,mark6six_archive_crosscheck_hkjc,2026-07-15
17/107,2017-09-12,21,23,30,38,44,49,37,50848030,mark6six_archive_crosscheck_hkjc,2026-07-15
17/108,2017-09-14,25,26,34,41,42,49,1,54166628,mark6six_archive_crosscheck_hkjc,2026-07-15
17/109,2017-09-17,3,12,16,23,36,47,33,66269914,mark6six_archive_crosscheck_hkjc,2026-07-15
17/110,2017-09-19,7,11,12,30,34,36,17,34604815,mark6six_archive_crosscheck_hkjc,2026-07-15
17/111,2017-09-21,1,3,4,5,32,39,10,44130809,mark6six_archive_crosscheck_hkjc,2026-07-15
17/112,2017-09-23,1,13,22,25,30,36,4,43402275,mark6six_archive_crosscheck_hkjc,2026-07-15
17/113,2017-09-26,2,10,19,27,31,33,16,52357173,mark6six_archive_crosscheck_hkjc,2026-07-15
17/114 MAF,2017-09-28,7,18,24,26,39,45,44,189394310,mark6six_archive_crosscheck_hkjc,2026-07-15
17/115,2017-09-30,2,11,19,20,33,49,6,32087943,mark6six_archive_crosscheck_hkjc,2026-07-15
17/116,2017-10-02,1,8,19,22,35,46,30,30596316,mark6six_archive_crosscheck_hkjc,2026-07-15
17/117,2017-10-04,10,16,22,23,26,46,25,47320438,mark6six_archive_crosscheck_hkjc,2026-07-15
17/118,2017-10-07,3,6,24,38,45,48,5,55042051,mark6six_archive_crosscheck_hkjc,2026-07-15
17/119,2017-10-10,6,17,22,26,32,45,24,63994978,mark6six_archive_crosscheck_hkjc,2026-07-15
17/120,2017-10-12,1,6,8,11,12,16,41,74758246,mark6six_archive_crosscheck_hkjc,2026-07-15
17/121,2017-10-17,2,4,19,30,35,47,25,45912078,mark6six_archive_crosscheck_hkjc,2026-07-15
17/122,2017-10-19,8,12,19,24,28,49,37,36070891,mark6six_archive_crosscheck_hkjc,2026-07-15
17/123,2017-10-21,8,16,18,30,43,45,27,38054958,mark6six_archive_crosscheck_hkjc,2026-07-15
17/124,2017-10-24,1,8,9,16,29,42,49,50881343,mark6six_archive_crosscheck_hkjc,2026-07-15
17/125,2017-10-26,4,5,20,29,35,38,36,48935745,mark6six_archive_crosscheck_hkjc,2026-07-15
17/126,2017-10-28,7,16,18,22,26,44,9,32477334,mark6six_archive_crosscheck_hkjc,2026-07-15
17/127 STE,2017-10-31,21,26,29,35,45,49,41,131663803,mark6six_archive_crosscheck_hkjc,2026-07-15
17/128,2017-11-02,5,18,20,32,36,40,7,33978346,mark6six_archive_crosscheck_hkjc,2026-07-15
17/129,2017-11-04,23,30,32,33,43,44,28,37018582,mark6six_archive_crosscheck_hkjc,2026-07-15
17/130,2017-11-07,3,18,19,35,38,40,48,37342256,mark6six_archive_crosscheck_hkjc,2026-07-15
17/131,2017-11-09,3,32,36,46,48,49,29,40151259,mark6six_archive_crosscheck_hkjc,2026-07-15
17/132,2017-11-12,12,16,22,28,36,37,45,45967963,mark6six_archive_crosscheck_hkjc,2026-07-15
17/133,2017-11-14,1,15,20,28,33,43,18,34267931,mark6six_archive_crosscheck_hkjc,2026-07-15
17/134,2017-11-16,3,8,20,34,40,46,24,40617253,mark6six_archive_crosscheck_hkjc,2026-07-15
17/135,2017-11-18,19,24,26,30,36,41,43,44327263,mark6six_archive_crosscheck_hkjc,2026-07-15
17/136,2017-11-21,8,27,30,35,36,43,31,55940621,mark6six_archive_crosscheck_hkjc,2026-07-15
17/137,2017-11-23,3,4,30,37,39,42,32,60479133,mark6six_archive_crosscheck_hkjc,2026-07-15
17/138,2017-11-25,5,13,16,28,40,41,2,70198688,mark6six_archive_crosscheck_hkjc,2026-07-15
17/139,2017-11-28,6,8,9,23,36,40,19,35912158,mark6six_archive_crosscheck_hkjc,2026-07-15
17/140,2017-11-30,4,10,32,35,38,47,49,34286494,mark6six_archive_crosscheck_hkjc,2026-07-15
17/141,2017-12-02,7,14,19,27,28,38,46,39839676,mark6six_archive_crosscheck_hkjc,2026-07-15
17/142,2017-12-05,7,9,14,18,20,44,29,49146647,mark6six_archive_crosscheck_hkjc,2026-07-15
17/143,2017-12-07,1,25,34,37,39,47,18,50552692,mark6six_archive_crosscheck_hkjc,2026-07-15
17/144,2017-12-09,22,24,29,35,38,48,30,53979761,mark6six_archive_crosscheck_hkjc,2026-07-15
17/145,2017-12-12,4,15,29,34,38,48,30,69595933,mark6six_archive_crosscheck_hkjc,2026-07-15
17/146,2017-12-14,7,10,20,25,34,35,8,79279954,mark6six_archive_crosscheck_hkjc,2026-07-15
17/147,2017-12-16,1,3,6,9,24,28,36,96228613,mark6six_archive_crosscheck_hkjc,2026-07-15
17/148,2017-12-19,3,9,33,38,44,49,24,36736854,mark6six_archive_crosscheck_hkjc,2026-07-15
17/149,2017-12-21,14,21,22,28,30,47,3,40660564,mark6six_archive_crosscheck_hkjc,2026-07-15
17/150,2017-12-24,1,16,26,34,39,47,11,50503423,mark6six_archive_crosscheck_hkjc,2026-07-15
17/151,2017-12-26,2,7,16,28,30,37,12,37174704,mark6six_archive_crosscheck_hkjc,2026-07-15
17/152,2017-12-28,15,17,23,40,44,46,11,47308642,mark6six_archive_crosscheck_hkjc,2026-07-15
17/153,2017-12-30,1,13,22,25,36,38,37,51884092,mark6six_archive_crosscheck_hkjc,2026-07-15
18/001 SBD,2018-01-02,12,18,28,35,39,42,36,145763989,mark6six_archive_crosscheck_hkjc,2026-07-15
18/002,2018-01-06,1,12,21,31,36,49,23,164908289,mark6six_archive_crosscheck_hkjc,2026-07-15
18/003,2018-01-11,3,29,31,43,47,49,19,299282268,mark6six_archive_crosscheck_hkjc,2026-07-15
18/004,2018-01-16,2,21,27,30,36,37,4,192735991,mark6six_archive_crosscheck_hkjc,2026-07-15
18/005,2018-01-20,2,5,23,24,27,34,8,137575334,mark6six_archive_crosscheck_hkjc,2026-07-15
18/006,2018-01-23,3,20,27,32,37,41,44,43225448,mark6six_archive_crosscheck_hkjc,2026-07-15
18/007,2018-01-25,3,14,23,36,40,47,20,39283084,mark6six_archive_crosscheck_hkjc,2026-07-15
18/008,2018-01-27,8,17,26,33,43,45,40,42332069,mark6six_archive_crosscheck_hkjc,2026-07-15
18/009,2018-01-30,4,7,11,12,40,49,25,51095871,mark6six_archive_crosscheck_hkjc,2026-07-15
18/010,2018-02-01,20,23,26,29,47,49,39,52721204,mark6six_archive_crosscheck_hkjc,2026-07-15
18/011,2018-02-03,2,4,12,25,40,49,8,58822754,mark6six_archive_crosscheck_hkjc,2026-07-15
18/012,2018-02-06,3,19,26,28,35,48,32,73571643,mark6six_archive_crosscheck_hkjc,2026-07-15
18/013,2018-02-08,13,16,22,28,37,41,34,38034160,mark6six_archive_crosscheck_hkjc,2026-07-15
18/014,2018-02-11,1,2,9,27,33,45,38,47976374,mark6six_archive_crosscheck_hkjc,2026-07-15
18/015,2018-02-13,2,9,18,27,32,42,12,37860539,mark6six_archive_crosscheck_hkjc,2026-07-15
18/016,2018-02-15,1,19,21,32,43,45,34,45187222,mark6six_archive_crosscheck_hkjc,2026-07-15
18/017 CNY,2018-02-20,3,5,25,42,43,44,2,127358051,mark6six_archive_crosscheck_hkjc,2026-07-15
18/018,2018-02-22,4,12,19,20,30,39,5,36334791,mark6six_archive_crosscheck_hkjc,2026-07-15
18/019,2018-02-24,17,20,34,38,42,45,5,42756867,mark6six_archive_crosscheck_hkjc,2026-07-15
18/020,2018-02-27,13,24,28,31,41,43,16,55178671,mark6six_archive_crosscheck_hkjc,2026-07-15
18/021,2018-03-01,2,14,15,17,18,29,1,47674572,mark6six_archive_crosscheck_hkjc,2026-07-15
18/022,2018-03-04,6,10,11,23,28,43,21,54247972,mark6six_archive_crosscheck_hkjc,2026-07-15
18/023,2018-03-06,2,11,17,19,35,37,20,37784405,mark6six_archive_crosscheck_hkjc,2026-07-15
18/024,2018-03-08,1,6,30,43,44,48,7,43406046,mark6six_archive_crosscheck_hkjc,2026-07-15
18/025,2018-03-10,7,18,19,26,27,39,2,45990430,mark6six_archive_crosscheck_hkjc,2026-07-15
18/026,2018-03-13,5,16,20,25,34,42,2,40174002,mark6six_archive_crosscheck_hkjc,2026-07-15
18/027,2018-03-15,13,16,25,35,38,49,33,42687092,mark6six_archive_crosscheck_hkjc,2026-07-15
18/028,2018-03-17,4,6,23,33,40,47,30,45772652,mark6six_archive_crosscheck_hkjc,2026-07-15
18/029,2018-03-20,3,22,27,29,42,45,10,55934392,mark6six_archive_crosscheck_hkjc,2026-07-15
18/030,2018-03-22,10,18,21,29,33,46,36,60309832,mark6six_archive_crosscheck_hkjc,2026-07-15
18/031,2018-03-24,12,19,23,28,35,45,6,66167891,mark6six_archive_crosscheck_hkjc,2026-07-15
18/032,2018-03-29,5,12,24,27,30,47,43,125802010,mark6six_archive_crosscheck_hkjc,2026-07-15
18/033,2018-03-31,9,13,16,18,19,34,21,31938700,mark6six_archive_crosscheck_hkjc,2026-07-15
18/034,2018-04-03,21,29,31,41,46,49,36,42758595,mark6six_archive_crosscheck_hkjc,2026-07-15
18/035,2018-04-05,19,24,29,39,40,42,30,46092385,mark6six_archive_crosscheck_hkjc,2026-07-15
18/036,2018-04-07,4,20,23,27,31,43,3,43319236,mark6six_archive_crosscheck_hkjc,2026-07-15
18/037,2018-04-10,1,15,23,34,43,48,25,53744915,mark6six_archive_crosscheck_hkjc,2026-07-15
18/038,2018-04-12,1,2,9,11,37,41,18,59196875,mark6six_archive_crosscheck_hkjc,2026-07-15
18/039,2018-04-14,12,14,15,36,38,40,42,61591369,mark6six_archive_crosscheck_hkjc,2026-07-15
18/040,2018-04-17,3,8,16,22,28,32,24,80912775,mark6six_archive_crosscheck_hkjc,2026-07-15
18/041,2018-04-19,20,21,33,40,45,49,43,59701923,mark6six_archive_crosscheck_hkjc,2026-07-15
18/042,2018-04-22,10,14,28,30,42,44,35,37262668,mark6six_archive_crosscheck_hkjc,2026-07-15
18/043,2018-04-24,12,20,21,28,33,41,9,35967154,mark6six_archive_crosscheck_hkjc,2026-07-15
18/044,2018-04-26,8,12,20,33,35,45,42,41942057,mark6six_archive_crosscheck_hkjc,2026-07-15
18/045,2018-04-28,2,15,17,18,21,44,14,45168809,mark6six_archive_crosscheck_hkjc,2026-07-15
18/046,2018-05-01,1,5,10,20,21,25,43,53566003,mark6six_archive_crosscheck_hkjc,2026-07-15
18/047,2018-05-03,12,24,30,31,32,34,41,57668253,mark6six_archive_crosscheck_hkjc,2026-07-15
18/048,2018-05-05,3,24,40,44,45,49,8,34081871,mark6six_archive_crosscheck_hkjc,2026-07-15
18/049,2018-05-08,3,14,18,28,31,40,38,38567396,mark6six_archive_crosscheck_hkjc,2026-07-15
18/050,2018-05-10,12,19,25,31,36,49,11,39140482,mark6six_archive_crosscheck_hkjc,2026-07-15
18/051,2018-05-13,1,6,9,19,21,23,43,45831918,mark6six_archive_crosscheck_hkjc,2026-07-15
18/052,2018-05-15,5,8,9,19,32,44,39,35243584,mark6six_archive_crosscheck_hkjc,2026-07-15
18/053,2018-05-17,3,16,23,30,43,46,26,35467897,mark6six_archive_crosscheck_hkjc,2026-07-15
18/054,2018-05-19,14,23,29,36,37,47,25,39899866,mark6six_archive_crosscheck_hkjc,2026-07-15
18/055,2018-05-22,7,12,14,22,31,33,38,47892008,mark6six_archive_crosscheck_hkjc,2026-07-15
18/056,2018-05-24,4,5,7,11,12,13,18,50418111,mark6six_archive_crosscheck_hkjc,2026-07-15
18/057,2018-05-26,1,12,22,40,42,44,28,32063463,mark6six_archive_crosscheck_hkjc,2026-07-15
18/058,2018-05-29,3,6,11,22,45,46,1,42824104,mark6six_archive_crosscheck_hkjc,2026-07-15
18/059,2018-05-31,3,5,28,33,40,49,32,44606628,mark6six_archive_crosscheck_hkjc,2026-07-15
18/060,2018-06-02,4,15,30,33,38,41,16,33133513,mark6six_archive_crosscheck_hkjc,2026-07-15
18/061,2018-06-05,6,10,24,34,40,45,9,44580299,mark6six_archive_crosscheck_hkjc,2026-07-15
18/062,2018-06-07,5,32,34,36,38,43,25,45474002,mark6six_archive_crosscheck_hkjc,2026-07-15
18/063,2018-06-09,11,23,35,41,46,49,47,33720272,mark6six_archive_crosscheck_hkjc,2026-07-15
18/064,2018-06-12,30,31,34,40,41,42,33,42205621,mark6six_archive_crosscheck_hkjc,2026-07-15
18/065,2018-06-14,2,10,24,28,35,39,27,45839309,mark6six_archive_crosscheck_hkjc,2026-07-15
18/066,2018-06-17,1,7,20,21,35,48,22,36416856,mark6six_archive_crosscheck_hkjc,2026-07-15
18/067,2018-06-19,2,7,21,31,33,42,24,32836452,mark6six_archive_crosscheck_hkjc,2026-07-15
18/068,2018-06-21,16,23,24,31,33,34,18,40111452,mark6six_archive_crosscheck_hkjc,2026-07-15
18/069,2018-06-23,2,9,16,18,24,46,47,31438747,mark6six_archive_crosscheck_hkjc,2026-07-15
18/070,2018-06-26,7,8,12,17,33,42,26,36758876,mark6six_archive_crosscheck_hkjc,2026-07-15
18/071,2018-06-28,6,13,23,29,38,45,41,39406627,mark6six_archive_crosscheck_hkjc,2026-07-15
18/072,2018-06-30,5,6,16,18,30,32,27,42007464,mark6six_archive_crosscheck_hkjc,2026-07-15
18/073,2018-07-03,3,21,22,41,45,49,10,50608349,mark6six_archive_crosscheck_hkjc,2026-07-15
18/074,2018-07-05,1,13,20,34,38,40,29,55411514,mark6six_archive_crosscheck_hkjc,2026-07-15
18/075,2018-07-07,8,17,20,26,40,46,19,32927491,mark6six_archive_crosscheck_hkjc,2026-07-15
18/076,2018-07-10,6,8,29,38,41,49,2,45354928,mark6six_archive_crosscheck_hkjc,2026-07-15
18/077,2018-07-12,1,5,7,8,30,33,22,47050151,mark6six_archive_crosscheck_hkjc,2026-07-15
18/078,2018-07-14,7,13,22,27,33,36,45,48689954,mark6six_archive_crosscheck_hkjc,2026-07-15
18/079 SMR,2018-07-17,6,10,32,36,41,48,47,153065101,mark6six_archive_crosscheck_hkjc,2026-07-15
18/080,2018-07-19,12,16,23,25,40,42,20,34471808,mark6six_archive_crosscheck_hkjc,2026-07-15
18/081,2018-07-21,13,14,15,37,38,44,40,41170279,mark6six_archive_crosscheck_hkjc,2026-07-15
18/082,2018-07-24,2,16,17,27,32,37,12,49746773,mark6six_archive_crosscheck_hkjc,2026-07-15
18/083,2018-07-26,22,32,37,44,46,49,38,43847504,mark6six_archive_crosscheck_hkjc,2026-07-15
18/084,2018-07-28,5,7,11,26,30,43,17,49131719,mark6six_archive_crosscheck_hkjc,2026-07-15
18/085,2018-07-31,24,27,36,43,44,46,30,49808124,mark6six_archive_crosscheck_hkjc,2026-07-15
18/086,2018-08-02,3,5,11,34,35,45,28,52404823,mark6six_archive_crosscheck_hkjc,2026-07-15
18/087,2018-08-04,4,15,23,34,37,48,30,57867403,mark6six_archive_crosscheck_hkjc,2026-07-15
18/088,2018-08-07,4,21,25,39,46,47,12,77531707,mark6six_archive_crosscheck_hkjc,2026-07-15
18/089,2018-08-09,8,10,11,20,21,34,13,88736859,mark6six_archive_crosscheck_hkjc,2026-07-15
18/090,2018-08-11,1,11,25,38,47,49,37,106234298,mark6six_archive_crosscheck_hkjc,2026-07-15
18/091,2018-08-14,32,37,38,42,43,49,24,38520803,mark6six_archive_crosscheck_hkjc,2026-07-15
18/092,2018-08-16,9,13,16,27,29,41,37,42465474,mark6six_archive_crosscheck_hkjc,2026-07-15
18/093,2018-08-18,2,14,24,37,42,47,20,36081968,mark6six_archive_crosscheck_hkjc,2026-07-15
18/094,2018-08-21,3,10,18,28,40,47,4,44522637,mark6six_archive_crosscheck_hkjc,2026-07-15
18/095,2018-08-23,12,14,22,30,38,44,34,47899633,mark6six_archive_crosscheck_hkjc,2026-07-15
18/096,2018-08-25,3,4,19,28,31,48,27,43510767,mark6six_archive_crosscheck_hkjc,2026-07-15
18/097,2018-08-28,9,18,26,30,36,46,2,37295219,mark6six_archive_crosscheck_hkjc,2026-07-15
18/098,2018-08-30,4,15,21,23,44,46,13,39930583,mark6six_archive_crosscheck_hkjc,2026-07-15
18/099,2018-09-01,10,13,20,26,35,45,37,45175138,mark6six_archive_crosscheck_hkjc,2026-07-15
18/100,2018-09-04,4,5,33,36,44,47,13,57383519,mark6six_archive_crosscheck_hkjc,2026-07-15
18/101,2018-09-06,17,26,30,33,38,49,47,61961408,mark6six_archive_crosscheck_hkjc,2026-07-15
18/102,2018-09-08,7,9,12,18,41,46,33,69596473,mark6six_archive_crosscheck_hkjc,2026-07-15
18/103,2018-09-11,31,36,38,45,47,49,37,95671770,mark6six_archive_crosscheck_hkjc,2026-07-15
18/104,2018-09-13,14,20,22,39,41,48,35,36315128,mark6six_archive_crosscheck_hkjc,2026-07-15
18/105,2018-09-15,4,6,11,33,37,48,41,38545605,mark6six_archive_crosscheck_hkjc,2026-07-15
18/106,2018-09-18,9,11,18,23,32,48,26,44773126,mark6six_archive_crosscheck_hkjc,2026-07-15
18/107 MAF,2018-09-20,5,6,17,26,40,41,46,152730121,mark6six_archive_crosscheck_hkjc,2026-07-15
18/108,2018-09-23,2,13,21,23,32,40,30,37209774,mark6six_archive_crosscheck_hkjc,2026-07-15
18/109,2018-09-25,5,14,20,22,24,48,4,39632034,mark6six_archive_crosscheck_hkjc,2026-07-15
18/110,2018-09-27,14,17,30,46,48,49,36,48426612,mark6six_archive_crosscheck_hkjc,2026-07-15
18/111,2018-09-29,9,31,34,35,37,38,16,52478385,mark6six_archive_crosscheck_hkjc,2026-07-15
18/112,2018-10-02,13,18,23,28,33,49,19,36647793,mark6six_archive_crosscheck_hkjc,2026-07-15
18/113,2018-10-04,13,19,34,35,45,46,27,38905297,mark6six_archive_crosscheck_hkjc,2026-07-15
18/114,2018-10-06,2,10,35,39,44,49,8,44024832,mark6six_archive_crosscheck_hkjc,2026-07-15
18/115,2018-10-09,7,9,18,27,44,45,15,53975783,mark6six_archive_crosscheck_hkjc,2026-07-15
18/116,2018-10-11,7,9,19,29,39,42,41,56622185,mark6six_archive_crosscheck_hkjc,2026-07-15
18/117,2018-10-14,8,14,21,24,34,43,1,36569904,mark6six_archive_crosscheck_hkjc,2026-07-15
18/118,2018-10-16,7,11,19,32,45,46,37,40280013,mark6six_archive_crosscheck_hkjc,2026-07-15
18/119,2018-10-20,10,13,22,25,40,42,5,56673773,mark6six_archive_crosscheck_hkjc,2026-07-15
18/120,2018-10-23,6,17,20,34,36,44,15,59120983,mark6six_archive_crosscheck_hkjc,2026-07-15
18/121,2018-10-25,6,13,20,25,27,29,21,34570196,mark6six_archive_crosscheck_hkjc,2026-07-15
18/122,2018-10-27,1,5,15,39,45,47,43,37596128,mark6six_archive_crosscheck_hkjc,2026-07-15
18/123 STE,2018-10-30,4,7,10,22,34,42,38,139409881,mark6six_archive_crosscheck_hkjc,2026-07-15
18/124,2018-11-01,9,13,15,16,20,32,12,34315573,mark6six_archive_crosscheck_hkjc,2026-07-15
18/125,2018-11-03,4,19,24,38,39,44,46,38826786,mark6six_archive_crosscheck_hkjc,2026-07-15
18/126,2018-11-06,1,8,22,23,46,47,12,50349422,mark6six_archive_crosscheck_hkjc,2026-07-15
18/127,2018-11-08,9,16,22,24,40,47,17,56841719,mark6six_archive_crosscheck_hkjc,2026-07-15
18/128,2018-11-11,6,24,26,36,44,49,8,35329061,mark6six_archive_crosscheck_hkjc,2026-07-15
18/129,2018-11-13,8,22,30,34,35,37,29,41521595,mark6six_archive_crosscheck_hkjc,2026-07-15
18/130,2018-11-15,2,10,29,32,40,41,44,47672483,mark6six_archive_crosscheck_hkjc,2026-07-15
18/131,2018-11-17,5,9,12,14,42,43,45,33350413,mark6six_archive_crosscheck_hkjc,2026-07-15
18/132,2018-11-20,4,12,14,17,29,35,38,37366055,mark6six_archive_crosscheck_hkjc,2026-07-15
18/133,2018-11-22,15,16,18,22,26,48,34,40287125,mark6six_archive_crosscheck_hkjc,2026-07-15
18/134,2018-11-24,3,8,13,25,30,34,32,43749802,mark6six_archive_crosscheck_hkjc,2026-07-15
18/135,2018-11-27,7,8,15,27,29,38,39,50896557,mark6six_archive_crosscheck_hkjc,2026-07-15
18/136,2018-11-29,14,25,31,34,36,43,35,57384811,mark6six_archive_crosscheck_hkjc,2026-07-15
18/137,2018-12-01,2,20,29,32,38,39,47,63629516,mark6six_archive_crosscheck_hkjc,2026-07-15
18/138,2018-12-04,8,11,14,20,22,31,19,84935893,mark6six_archive_crosscheck_hkjc,2026-07-15
18/139,2018-12-06,8,20,32,40,44,46,34,93325843,mark6six_archive_crosscheck_hkjc,2026-07-15
18/140,2018-12-08,20,27,29,40,45,48,43,33230965,mark6six_archive_crosscheck_hkjc,2026-07-15
18/141,2018-12-11,7,8,10,20,33,42,22,44543443,mark6six_archive_crosscheck_hkjc,2026-07-15
18/142,2018-12-13,1,15,21,23,24,33,39,41324095,mark6six_archive_crosscheck_hkjc,2026-07-15
18/143,2018-12-15,5,10,30,33,36,37,22,43207848,mark6six_archive_crosscheck_hkjc,2026-07-15
18/144,2018-12-18,1,10,11,13,30,33,45,54459223,mark6six_archive_crosscheck_hkjc,2026-07-15
18/145,2018-12-20,4,7,8,12,13,26,42,36297083,mark6six_archive_crosscheck_hkjc,2026-07-15
18/146,2018-12-22,7,20,33,46,48,49,4,35124564,mark6six_archive_crosscheck_hkjc,2026-07-15
18/147,2018-12-25,2,14,16,32,41,47,23,43260043,mark6six_archive_crosscheck_hkjc,2026-07-15
18/148,2018-12-27,1,4,17,22,23,35,37,47126979,mark6six_archive_crosscheck_hkjc,2026-07-15
18/149,2018-12-30,6,7,13,33,35,46,43,57443763,mark6six_archive_crosscheck_hkjc,2026-07-15
19/001 SBD,2019-01-03,8,23,25,30,32,45,24,176446163,mark6six_archive_crosscheck_hkjc,2026-07-15
19/002,2019-01-05,12,13,16,19,23,45,2,35071980,mark6six_archive_crosscheck_hkjc,2026-07-15
19/003,2019-01-08,4,5,12,23,30,40,10,46530412,mark6six_archive_crosscheck_hkjc,2026-07-15
19/004,2019-01-10,6,7,28,31,36,43,23,48832550,mark6six_archive_crosscheck_hkjc,2026-07-15
19/005,2019-01-13,10,18,35,37,48,49,27,47666641,mark6six_archive_crosscheck_hkjc,2026-07-15
19/006,2019-01-15,10,16,17,33,44,48,7,36414274,mark6six_archive_crosscheck_hkjc,2026-07-15
19/007,2019-01-17,16,18,28,35,36,41,37,44649754,mark6six_archive_crosscheck_hkjc,2026-07-15
19/008,2019-01-19,13,24,31,34,44,47,8,48310598,mark6six_archive_crosscheck_hkjc,2026-07-15
19/009,2019-01-22,3,19,25,30,33,48,44,39346968,mark6six_archive_crosscheck_hkjc,2026-07-15
19/010,2019-01-24,11,18,33,41,43,46,36,44236976,mark6six_archive_crosscheck_hkjc,2026-07-15
19/011,2019-01-26,14,27,29,41,45,46,21,47294425,mark6six_archive_crosscheck_hkjc,2026-07-15
19/012,2019-01-29,3,10,14,24,32,45,29,62109172,mark6six_archive_crosscheck_hkjc,2026-07-15
19/013,2019-01-31,18,22,26,31,33,41,27,70840561,mark6six_archive_crosscheck_hkjc,2026-07-15
19/014,2019-02-03,5,6,13,19,34,35,39,96735350,mark6six_archive_crosscheck_hkjc,2026-07-15
19/015,2019-02-06,2,4,11,15,19,29,1,40438840,mark6six_archive_crosscheck_hkjc,2026-07-15
19/016 CNY,2019-02-09,1,19,29,34,39,49,43,295210446,mark6six_archive_crosscheck_hkjc,2026-07-15
19/017,2019-02-12,9,17,26,31,32,40,27,43758050,mark6six_archive_crosscheck_hkjc,2026-07-15
19/018,2019-02-14,5,8,16,20,43,46,11,41262549,mark6six_archive_crosscheck_hkjc,2026-07-15
19/019,2019-02-16,3,7,8,17,19,23,12,44956024,mark6six_archive_crosscheck_hkjc,2026-07-15
19/020,2019-02-19,2,5,8,13,16,33,41,54279391,mark6six_archive_crosscheck_hkjc,2026-07-15
19/021,2019-02-21,16,29,36,39,42,49,34,39151016,mark6six_archive_crosscheck_hkjc,2026-07-15
19/022,2019-02-23,13,14,15,21,33,49,1,37646852,mark6six_archive_crosscheck_hkjc,2026-07-15
19/023,2019-02-26,9,12,13,19,21,46,15,47922981,mark6six_archive_crosscheck_hkjc,2026-07-15
19/024,2019-02-28,22,24,25,30,32,43,11,50826751,mark6six_archive_crosscheck_hkjc,2026-07-15
19/025,2019-03-03,21,24,26,35,44,47,8,39138745,mark6six_archive_crosscheck_hkjc,2026-07-15
19/026,2019-03-05,10,16,28,32,34,49,45,43441300,mark6six_archive_crosscheck_hkjc,2026-07-15
19/027,2019-03-07,8,15,17,23,39,44,40,36205355,mark6six_archive_crosscheck_hkjc,2026-07-15
19/028,2019-03-09,13,32,34,35,41,46,30,36634886,mark6six_archive_crosscheck_hkjc,2026-07-15
19/029,2019-03-12,6,21,27,33,38,47,46,46481276,mark6six_archive_crosscheck_hkjc,2026-07-15
19/030,2019-03-14,4,10,25,28,40,43,39,48529402,mark6six_archive_crosscheck_hkjc,2026-07-15
19/031,2019-03-16,5,9,12,23,31,43,29,34878023,mark6six_archive_crosscheck_hkjc,2026-07-15
19/032,2019-03-19,4,18,23,38,40,46,15,45875409,mark6six_archive_crosscheck_hkjc,2026-07-15
19/033,2019-03-21,7,12,22,32,37,45,47,42006379,mark6six_archive_crosscheck_hkjc,2026-07-15
19/034,2019-03-23,10,11,15,39,46,49,21,44411661,mark6six_archive_crosscheck_hkjc,2026-07-15
19/035,2019-03-26,2,3,10,21,31,35,11,54025291,mark6six_archive_crosscheck_hkjc,2026-07-15
19/036,2019-03-28,3,5,17,23,41,44,40,46559924,mark6six_archive_crosscheck_hkjc,2026-07-15
19/037,2019-03-30,15,17,18,37,39,49,31,47875528,mark6six_archive_crosscheck_hkjc,2026-07-15
19/038,2019-04-02,6,10,15,21,24,28,49,62126741,mark6six_archive_crosscheck_hkjc,2026-07-15
19/039,2019-04-04,29,34,38,42,44,47,36,35802711,mark6six_archive_crosscheck_hkjc,2026-07-15
19/040,2019-04-06,8,21,34,37,41,45,49,38962780,mark6six_archive_crosscheck_hkjc,2026-07-15
19/041,2019-04-09,3,14,17,23,32,43,36,49790907,mark6six_archive_crosscheck_hkjc,2026-07-15
19/042,2019-04-11,6,18,32,38,41,45,33,51638562,mark6six_archive_crosscheck_hkjc,2026-07-15
19/043,2019-04-13,3,15,22,35,40,49,39,54237186,mark6six_archive_crosscheck_hkjc,2026-07-15
19/044 EAS,2019-04-16,11,20,30,32,33,43,34,153188091,mark6six_archive_crosscheck_hkjc,2026-07-15
19/045,2019-04-20,28,30,32,37,39,47,23,209508461,mark6six_archive_crosscheck_hkjc,2026-07-15
19/046,2019-04-25,11,13,18,21,28,34,19,143023921,mark6six_archive_crosscheck_hkjc,2026-07-15
19/047,2019-04-27,2,8,14,21,32,35,4,36325619,mark6six_archive_crosscheck_hkjc,2026-07-15
19/048,2019-04-30,1,29,32,43,45,49,5,49221733,mark6six_archive_crosscheck_hkjc,2026-07-15
19/049,2019-05-02,1,6,19,23,45,47,49,51528504,mark6six_archive_crosscheck_hkjc,2026-07-15
19/050,2019-05-04,6,13,19,20,24,35,43,56573717,mark6six_archive_crosscheck_hkjc,2026-07-15
19/051,2019-05-07,6,12,35,39,42,44,22,72202961,mark6six_archive_crosscheck_hkjc,2026-07-15
19/052,2019-05-09,3,4,5,24,29,32,2,81166924,mark6six_archive_crosscheck_hkjc,2026-07-15
19/053,2019-05-14,10,12,14,30,37,41,5,119440093,mark6six_archive_crosscheck_hkjc,2026-07-15
19/054,2019-05-16,1,4,7,23,37,38,34,36798568,mark6six_archive_crosscheck_hkjc,2026-07-15
19/055,2019-05-19,1,2,9,16,30,41,35,44049784,mark6six_archive_crosscheck_hkjc,2026-07-15
19/056,2019-05-21,4,7,21,24,35,41,18,48404885,mark6six_archive_crosscheck_hkjc,2026-07-15
19/057,2019-05-23,11,13,14,17,33,43,27,54680195,mark6six_archive_crosscheck_hkjc,2026-07-15
19/058,2019-05-25,12,14,23,30,40,48,1,33773390,mark6six_archive_crosscheck_hkjc,2026-07-15
19/059,2019-05-28,22,29,37,42,45,49,47,44170262,mark6six_archive_crosscheck_hkjc,2026-07-15
19/060,2019-05-30,12,15,16,31,36,46,3,41834692,mark6six_archive_crosscheck_hkjc,2026-07-15
19/061,2019-06-01,3,13,19,23,35,43,26,43755700,mark6six_archive_crosscheck_hkjc,2026-07-15
19/062,2019-06-04,16,21,24,28,37,40,48,52658818,mark6six_archive_crosscheck_hkjc,2026-07-15
19/063,2019-06-06,6,13,21,24,32,47,38,55692553,mark6six_archive_crosscheck_hkjc,2026-07-15
19/064,2019-06-09,3,8,24,27,28,49,44,62574092,mark6six_archive_crosscheck_hkjc,2026-07-15
19/065,2019-06-11,8,19,20,21,25,37,13,49217420,mark6six_archive_crosscheck_hkjc,2026-07-15
19/066,2019-06-13,3,6,21,31,33,38,45,44754043,mark6six_archive_crosscheck_hkjc,2026-07-15
19/067,2019-06-15,7,8,17,30,42,44,24,48088558,mark6six_archive_crosscheck_hkjc,2026-07-15
19/068,2019-06-18,18,23,26,29,35,48,36,57597729,mark6six_archive_crosscheck_hkjc,2026-07-15
19/069,2019-06-20,9,11,15,21,25,33,46,61897105,mark6six_archive_crosscheck_hkjc,2026-07-15
19/070,2019-06-22,13,29,30,33,43,47,16,48282428,mark6six_archive_crosscheck_hkjc,2026-07-15
19/071,2019-06-25,23,25,29,32,40,46,13,57513294,mark6six_archive_crosscheck_hkjc,2026-07-15
19/072,2019-06-27,12,20,33,42,46,47,27,63771451,mark6six_archive_crosscheck_hkjc,2026-07-15
19/073,2019-06-29,9,13,22,29,31,46,45,70723992,mark6six_archive_crosscheck_hkjc,2026-07-15
19/074,2019-07-02,13,14,15,42,45,48,2,85374919,mark6six_archive_crosscheck_hkjc,2026-07-15
19/075,2019-07-04,1,2,12,15,24,44,14,35274402,mark6six_archive_crosscheck_hkjc,2026-07-15
19/076,2019-07-06,7,8,10,11,28,42,29,40705997,mark6six_archive_crosscheck_hkjc,2026-07-15
19/077,2019-07-09,3,5,20,31,39,42,25,39259991,mark6six_archive_crosscheck_hkjc,2026-07-15
19/078,2019-07-11,3,6,26,27,32,49,29,42641377,mark6six_archive_crosscheck_hkjc,2026-07-15
19/079,2019-07-13,12,14,32,35,38,46,16,46311996,mark6six_archive_crosscheck_hkjc,2026-07-15
19/080,2019-07-16,6,16,22,28,37,45,13,54932189,mark6six_archive_crosscheck_hkjc,2026-07-15
19/081,2019-07-18,2,4,8,11,17,31,19,56304815,mark6six_archive_crosscheck_hkjc,2026-07-15
19/082,2019-07-20,26,27,30,33,44,47,37,33637960,mark6six_archive_crosscheck_hkjc,2026-07-15
19/083,2019-07-23,14,19,25,38,39,42,46,44240595,mark6six_archive_crosscheck_hkjc,2026-07-15
19/084 SMR,2019-07-25,7,10,11,16,18,35,43,139332117,mark6six_archive_crosscheck_hkjc,2026-07-15
19/085,2019-07-27,4,14,19,24,39,45,8,68910770,mark6six_archive_crosscheck_hkjc,2026-07-15
19/086,2019-07-30,3,16,19,22,41,44,29,37958977,mark6six_archive_crosscheck_hkjc,2026-07-15
19/087,2019-08-01,13,18,20,21,43,49,30,37451568,mark6six_archive_crosscheck_hkjc,2026-07-15
19/088,2019-08-03,23,24,27,28,37,43,16,40141822,mark6six_archive_crosscheck_hkjc,2026-07-15
19/089,2019-08-06,5,6,15,21,22,37,36,45824552,mark6six_archive_crosscheck_hkjc,2026-07-15
19/090,2019-08-08,8,9,19,25,30,44,37,50283064,mark6six_archive_crosscheck_hkjc,2026-07-15
19/091,2019-08-10,15,22,42,44,48,49,6,53151958,mark6six_archive_crosscheck_hkjc,2026-07-15
19/092,2019-08-13,10,14,16,29,30,43,11,67173592,mark6six_archive_crosscheck_hkjc,2026-07-15
19/093,2019-08-15,2,13,23,35,38,46,17,53563246,mark6six_archive_crosscheck_hkjc,2026-07-15
19/094,2019-08-17,4,9,20,26,32,44,11,44602900,mark6six_archive_crosscheck_hkjc,2026-07-15
19/095,2019-08-20,12,15,16,23,32,35,2,38247961,mark6six_archive_crosscheck_hkjc,2026-07-15
19/096,2019-08-22,1,4,5,6,42,43,8,41676385,mark6six_archive_crosscheck_hkjc,2026-07-15
19/097,2019-08-24,1,10,21,31,47,49,13,42049085,mark6six_archive_crosscheck_hkjc,2026-07-15
19/098,2019-08-27,6,18,29,33,43,46,16,37671120,mark6six_archive_crosscheck_hkjc,2026-07-15
19/099,2019-08-29,8,24,26,37,38,44,18,41045851,mark6six_archive_crosscheck_hkjc,2026-07-15
19/100,2019-08-31,1,6,14,24,32,44,5,44345050,mark6six_archive_crosscheck_hkjc,2026-07-15
19/101,2019-09-03,2,8,17,24,27,39,10,53161464,mark6six_archive_crosscheck_hkjc,2026-07-15
19/102,2019-09-05,3,4,18,29,41,44,39,55921774,mark6six_archive_crosscheck_hkjc,2026-07-15
19/103,2019-09-07,7,8,12,25,43,45,13,34559909,mark6six_archive_crosscheck_hkjc,2026-07-15
19/104 MAF,2019-09-10,11,12,13,28,43,49,47,159593779,mark6six_archive_crosscheck_hkjc,2026-07-15
19/105,2019-09-12,5,23,24,25,31,33,7,85805994,mark6six_archive_crosscheck_hkjc,2026-07-15
19/106,2019-09-14,1,4,7,12,19,28,43,34151015,mark6six_archive_crosscheck_hkjc,2026-07-15
19/107,2019-09-17,12,20,22,26,30,36,2,39022038,mark6six_archive_crosscheck_hkjc,2026-07-15
19/108,2019-09-19,8,17,34,39,42,44,7,43030039,mark6six_archive_crosscheck_hkjc,2026-07-15
19/109,2019-09-22,3,28,39,40,42,44,37,36520954,mark6six_archive_crosscheck_hkjc,2026-07-15
19/110,2019-09-24,6,17,44,45,46,49,41,43799501,mark6six_archive_crosscheck_hkjc,2026-07-15
19/111,2019-09-26,2,3,11,20,27,46,4,50482820,mark6six_archive_crosscheck_hkjc,2026-07-15
19/112,2019-09-29,2,3,7,10,18,48,33,58916367,mark6six_archive_crosscheck_hkjc,2026-07-15
19/113,2019-10-03,1,12,13,15,19,45,44,70488672,mark6six_archive_crosscheck_hkjc,2026-07-15
19/114,2019-10-08,13,23,35,36,43,47,16,78450179,mark6six_archive_crosscheck_hkjc,2026-07-15
19/115,2019-10-13,10,16,27,29,37,42,44,101612510,mark6six_archive_crosscheck_hkjc,2026-07-15
19/116,2019-10-17,14,18,19,21,45,47,49,126740567,mark6six_archive_crosscheck_hkjc,2026-07-15
19/117,2019-10-19,1,6,19,22,42,44,25,34067945,mark6six_archive_crosscheck_hkjc,2026-07-15
19/118,2019-10-22,1,6,11,31,41,47,32,46312559,mark6six_archive_crosscheck_hkjc,2026-07-15
19/119,2019-10-24,7,10,16,23,27,34,24,49350847,mark6six_archive_crosscheck_hkjc,2026-07-15
19/120,2019-10-26,1,17,24,30,40,49,48,42961269,mark6six_archive_crosscheck_hkjc,2026-07-15
19/121 STE,2019-10-29,2,10,13,19,20,24,17,132051302,mark6six_archive_crosscheck_hkjc,2026-07-15
19/122,2019-11-02,13,15,25,30,40,46,26,152750657,mark6six_archive_crosscheck_hkjc,2026-07-15
19/123,2019-11-07,7,20,30,33,34,44,46,270227069,mark6six_archive_crosscheck_hkjc,2026-07-15
19/124,2019-11-10,6,17,18,23,31,46,44,36703959,mark6six_archive_crosscheck_hkjc,2026-07-15
19/125,2019-11-14,2,3,13,18,31,49,14,45857254,mark6six_archive_crosscheck_hkjc,2026-07-15
19/126,2019-11-16,10,23,28,39,44,47,13,44787343,mark6six_archive_crosscheck_hkjc,2026-07-15
19/127,2019-11-19,1,4,12,13,24,42,48,45174770,mark6six_archive_crosscheck_hkjc,2026-07-15
19/128,2019-11-21,3,4,5,10,35,38,7,50199159,mark6six_archive_crosscheck_hkjc,2026-07-15
19/129,2019-11-24,1,20,28,30,35,46,15,56260824,mark6six_archive_crosscheck_hkjc,2026-07-15
19/130,2019-11-26,5,9,15,25,42,45,38,62579159,mark6six_archive_crosscheck_hkjc,2026-07-15
19/131,2019-11-28,22,23,29,36,41,44,2,72120258,mark6six_archive_crosscheck_hkjc,2026-07-15
19/132,2019-11-30,1,10,18,24,40,49,7,56401001,mark6six_archive_crosscheck_hkjc,2026-07-15
19/133,2019-12-03,1,15,23,29,45,47,6,39146475,mark6six_archive_crosscheck_hkjc,2026-07-15
19/134,2019-12-05,2,6,8,16,23,31,1,41883295,mark6six_archive_crosscheck_hkjc,2026-07-15
19/135,2019-12-07,14,25,26,30,32,47,4,44848278,mark6six_archive_crosscheck_hkjc,2026-07-15
19/136,2019-12-10,5,6,11,12,28,35,17,56557805,mark6six_archive_crosscheck_hkjc,2026-07-15
19/137,2019-12-12,6,21,32,35,39,49,15,60143755,mark6six_archive_crosscheck_hkjc,2026-07-15
19/138,2019-12-14,2,4,6,8,28,29,5,64385671,mark6six_archive_crosscheck_hkjc,2026-07-15
19/139,2019-12-17,3,20,23,30,34,41,47,39179095,mark6six_archive_crosscheck_hkjc,2026-07-15
19/140,2019-12-19,22,24,28,31,35,39,12,43186166,mark6six_archive_crosscheck_hkjc,2026-07-15
19/141,2019-12-22,11,22,24,26,41,42,2,52338095,mark6six_archive_crosscheck_hkjc,2026-07-15
19/142,2019-12-24,5,11,14,23,30,32,20,56641726,mark6six_archive_crosscheck_hkjc,2026-07-15
19/143,2019-12-28,1,22,25,27,31,36,47,42600865,mark6six_archive_crosscheck_hkjc,2026-07-15
19/144,2019-12-31,5,10,18,20,28,33,17,41448970,mark6six_archive_crosscheck_hkjc,2026-07-15
20/001 SBD,2020-01-02,15,17,29,30,34,37,40,112337702,mark6six_archive_crosscheck_hkjc,2026-07-15
20/002,2020-01-07,1,24,25,27,31,37,8,128320773,mark6six_archive_crosscheck_hkjc,2026-07-15
20/003,2020-01-12,5,17,35,37,42,49,39,155508613,mark6six_archive_crosscheck_hkjc,2026-07-15
20/004,2020-01-16,2,20,24,30,32,46,1,252741025,mark6six_archive_crosscheck_hkjc,2026-07-15
20/005,2020-01-18,18,29,32,33,36,40,38,38111373,mark6six_archive_crosscheck_hkjc,2026-07-15
20/006,2020-01-21,11,14,21,28,37,44,36,52169435,mark6six_archive_crosscheck_hkjc,2026-07-15
20/007,2020-01-23,2,11,13,45,46,49,42,56956207,mark6six_archive_crosscheck_hkjc,2026-07-15
20/008 CNY,2020-02-01,3,5,30,31,43,48,13,149877805,mark6six_archive_crosscheck_hkjc,2026-07-15
20/009,2020-09-24,11,24,26,35,42,44,20,45236174,mark6six_archive_crosscheck_hkjc,2026-07-15
20/010,2020-09-29,9,21,26,27,28,48,45,31922174,mark6six_archive_crosscheck_hkjc,2026-07-15
20/011,2020-10-08,21,28,33,34,40,47,49,40963844,mark6six_archive_crosscheck_hkjc,2026-07-15
20/012,2020-10-15,9,26,28,33,38,46,44,31525574,mark6six_archive_crosscheck_hkjc,2026-07-15
20/013,2020-10-22,1,13,19,24,29,45,26,46904829,mark6six_archive_crosscheck_hkjc,2026-07-15
20/014,2020-10-29,6,11,33,38,40,43,2,51739483,mark6six_archive_crosscheck_hkjc,2026-07-15
20/015,2020-11-06,11,17,35,36,38,40,6,54850509,mark6six_archive_crosscheck_hkjc,2026-07-15
20/016,2020-11-10,13,15,25,28,45,49,24,49917600,mark6six_archive_crosscheck_hkjc,2026-07-15
20/017,2020-11-13,6,15,17,18,28,47,32,56505771,mark6six_archive_crosscheck_hkjc,2026-07-15
20/018,2020-11-17,13,19,20,21,33,49,45,64959292,mark6six_archive_crosscheck_hkjc,2026-07-15
20/019,2020-11-20,22,25,30,33,34,43,24,76221844,mark6six_archive_crosscheck_hkjc,2026-07-15
20/020,2020-11-24,7,12,16,22,45,47,25,37190857,mark6six_archive_crosscheck_hkjc,2026-07-15
20/021,2020-11-27,5,12,13,23,27,38,39,33465077,mark6six_archive_crosscheck_hkjc,2026-07-15
20/022,2020-12-01,24,27,29,31,42,47,22,33306904,mark6six_archive_crosscheck_hkjc,2026-07-15
20/023,2020-12-04,11,13,19,38,39,41,47,33513419,mark6six_archive_crosscheck_hkjc,2026-07-15
20/024,2020-12-08,7,32,34,35,48,49,23,24618411,mark6six_archive_crosscheck_hkjc,2026-07-15
20/025,2020-12-11,1,11,23,29,41,46,44,27423312,mark6six_archive_crosscheck_hkjc,2026-07-15
20/026,2020-12-15,2,11,13,20,21,33,14,24103839,mark6six_archive_crosscheck_hkjc,2026-07-15
20/027,2020-12-18,8,11,12,23,34,49,28,22534419,mark6six_archive_crosscheck_hkjc,2026-07-15
20/028,2020-12-22,11,20,36,37,39,48,21,26131837,mark6six_archive_crosscheck_hkjc,2026-07-15
20/029,2020-12-25,14,18,24,27,28,41,45,29557188,mark6six_archive_crosscheck_hkjc,2026-07-15
20/030,2020-12-29,10,11,24,39,41,42,22,34882554,mark6six_archive_crosscheck_hkjc,2026-07-15
21/001,2021-01-02,3,9,14,21,45,46,34,38685150,mark6six_archive_crosscheck_hkjc,2026-07-15
21/002,2021-01-05,22,24,30,36,38,46,33,33356224,mark6six_archive_crosscheck_hkjc,2026-07-15
21/003,2021-01-08,5,19,29,32,33,34,43,34652069,mark6six_archive_crosscheck_hkjc,2026-07-15
21/004,2021-01-12,5,19,22,26,35,40,2,39195164,mark6six_archive_crosscheck_hkjc,2026-07-15
21/005,2021-01-15,4,24,39,41,42,45,6,33954469,mark6six_archive_crosscheck_hkjc,2026-07-15
21/006,2021-01-19,14,21,22,38,40,45,17,39236623,mark6six_archive_crosscheck_hkjc,2026-07-15
21/007,2021-01-22,15,16,18,21,24,31,22,41442617,mark6six_archive_crosscheck_hkjc,2026-07-15
21/008,2021-01-26,5,9,16,21,44,49,15,48338079,mark6six_archive_crosscheck_hkjc,2026-07-15
21/009,2021-01-29,2,10,30,31,35,46,3,57163282,mark6six_archive_crosscheck_hkjc,2026-07-15
21/010,2021-02-02,18,21,24,26,30,35,48,67710117,mark6six_archive_crosscheck_hkjc,2026-07-15
21/011,2021-02-05,10,16,22,40,44,45,49,26643557,mark6six_archive_crosscheck_hkjc,2026-07-15
21/012,2021-02-09,1,2,16,20,31,38,7,29280634,mark6six_archive_crosscheck_hkjc,2026-07-15
21/013,2021-02-12,6,25,31,36,41,47,10,38211618,mark6six_archive_crosscheck_hkjc,2026-07-15
21/014,2021-02-16,3,13,28,30,31,45,22,40916701,mark6six_archive_crosscheck_hkjc,2026-07-15
21/015,2021-02-19,4,5,13,14,25,44,16,40716305,mark6six_archive_crosscheck_hkjc,2026-07-15
21/016,2021-02-23,2,14,18,28,34,44,21,47180072,mark6six_archive_crosscheck_hkjc,2026-07-15
21/017,2021-02-26,14,17,35,37,39,46,2,53494124,mark6six_archive_crosscheck_hkjc,2026-07-15
21/018,2021-03-02,6,15,16,21,27,28,43,62901664,mark6six_archive_crosscheck_hkjc,2026-07-15
21/019,2021-03-05,1,23,32,38,43,46,5,71804210,mark6six_archive_crosscheck_hkjc,2026-07-15
21/020,2021-03-12,16,17,21,24,43,47,30,113481168,mark6six_archive_crosscheck_hkjc,2026-07-15
21/021,2021-03-19,3,8,9,14,23,25,35,212714434,mark6six_archive_crosscheck_hkjc,2026-07-15
21/022,2021-03-23,11,14,16,19,38,41,6,29610245,mark6six_archive_crosscheck_hkjc,2026-07-15
21/023,2021-03-26,6,12,24,26,30,43,20,35164581,mark6six_archive_crosscheck_hkjc,2026-07-15
21/024,2021-03-30,24,26,36,37,41,43,31,38945364,mark6six_archive_crosscheck_hkjc,2026-07-15
21/025,2021-04-02,1,2,33,34,42,49,39,35519840,mark6six_archive_crosscheck_hkjc,2026-07-15
21/026,2021-04-06,4,7,8,20,22,41,21,37912073,mark6six_archive_crosscheck_hkjc,2026-07-15
21/027,2021-04-09,7,9,12,13,14,16,23,42377097,mark6six_archive_crosscheck_hkjc,2026-07-15
21/028,2021-04-13,7,10,13,14,20,35,49,47247039,mark6six_archive_crosscheck_hkjc,2026-07-15
21/029,2021-04-16,5,6,17,23,29,38,24,39824924,mark6six_archive_crosscheck_hkjc,2026-07-15
21/030,2021-04-20,12,32,40,42,48,49,27,28900309,mark6six_archive_crosscheck_hkjc,2026-07-15
21/031,2021-04-23,15,18,20,23,31,47,12,32528370,mark6six_archive_crosscheck_hkjc,2026-07-15
21/032,2021-04-27,2,13,15,19,38,41,30,36066196,mark6six_archive_crosscheck_hkjc,2026-07-15
21/033,2021-04-30,7,9,29,33,36,49,41,38265895,mark6six_archive_crosscheck_hkjc,2026-07-15
21/034,2021-05-04,8,9,10,19,38,45,6,42587540,mark6six_archive_crosscheck_hkjc,2026-07-15
21/035,2021-05-07,5,8,22,26,40,41,46,47311439,mark6six_archive_crosscheck_hkjc,2026-07-15
21/036,2021-05-11,15,22,30,31,35,45,6,54780065,mark6six_archive_crosscheck_hkjc,2026-07-15
21/037,2021-05-14,5,14,28,29,31,37,11,44535503,mark6six_archive_crosscheck_hkjc,2026-07-15
21/038,2021-05-18,2,9,26,34,35,36,4,34589888,mark6six_archive_crosscheck_hkjc,2026-07-15
21/039,2021-05-21,8,14,31,37,44,47,38,38568911,mark6six_archive_crosscheck_hkjc,2026-07-15
21/040,2021-05-25,1,7,19,22,27,49,20,45114491,mark6six_archive_crosscheck_hkjc,2026-07-15
21/041,2021-05-28,5,12,30,43,44,45,21,42830097,mark6six_archive_crosscheck_hkjc,2026-07-15
21/042,2021-06-01,1,6,16,28,33,36,8,48969186,mark6six_archive_crosscheck_hkjc,2026-07-15
21/043,2021-06-04,2,6,16,22,34,49,45,51757606,mark6six_archive_crosscheck_hkjc,2026-07-15
21/044,2021-06-08,7,13,21,24,28,30,10,61276144,mark6six_archive_crosscheck_hkjc,2026-07-15
21/045,2021-06-11,2,3,15,29,41,43,7,69317963,mark6six_archive_crosscheck_hkjc,2026-07-15
21/046,2021-06-15,3,11,13,22,44,45,4,78621308,mark6six_archive_crosscheck_hkjc,2026-07-15
21/047,2021-06-17,1,25,31,34,42,48,20,48374806,mark6six_archive_crosscheck_hkjc,2026-07-15
21/048,2021-06-19,4,15,17,32,38,43,30,30530545,mark6six_archive_crosscheck_hkjc,2026-07-15
21/049,2021-06-22,1,5,7,24,26,30,8,41479405,mark6six_archive_crosscheck_hkjc,2026-07-15
21/050,2021-06-24,4,11,14,21,38,48,31,39764355,mark6six_archive_crosscheck_hkjc,2026-07-15
21/051,2021-06-27,2,7,11,27,37,42,28,47269835,mark6six_archive_crosscheck_hkjc,2026-07-15
21/052,2021-06-29,10,16,24,39,44,47,28,31801856,mark6six_archive_crosscheck_hkjc,2026-07-15
21/053,2021-07-03,7,9,24,29,37,48,17,41924408,mark6six_archive_crosscheck_hkjc,2026-07-15
21/054,2021-07-06,2,6,15,16,26,34,14,34364266,mark6six_archive_crosscheck_hkjc,2026-07-15
21/055,2021-07-08,7,9,13,27,39,43,42,36937249,mark6six_archive_crosscheck_hkjc,2026-07-15
21/056,2021-07-10,25,28,34,37,40,49,33,39609288,mark6six_archive_crosscheck_hkjc,2026-07-15
21/057,2021-07-13,9,13,21,35,38,48,20,48664960,mark6six_archive_crosscheck_hkjc,2026-07-15
21/058,2021-07-15,6,19,22,23,28,49,20,50944039,mark6six_archive_crosscheck_hkjc,2026-07-15
21/059,2021-07-17,1,6,16,30,32,47,12,55477589,mark6six_archive_crosscheck_hkjc,2026-07-15
21/060,2021-07-20,2,7,15,19,31,49,46,33166927,mark6six_archive_crosscheck_hkjc,2026-07-15
21/061,2021-07-22,2,3,4,5,8,23,27,36705647,mark6six_archive_crosscheck_hkjc,2026-07-15
21/062,2021-07-24,11,12,25,27,28,34,46,29747956,mark6six_archive_crosscheck_hkjc,2026-07-15
21/063,2021-07-27,8,11,19,22,29,44,14,34076454,mark6six_archive_crosscheck_hkjc,2026-07-15
21/064 SMR,2021-08-01,1,4,9,21,36,42,3,100770911,mark6six_archive_crosscheck_hkjc,2026-07-15
21/065,2021-08-03,10,13,15,29,31,39,47,30729572,mark6six_archive_crosscheck_hkjc,2026-07-15
21/066,2021-08-05,10,17,19,25,36,39,31,37127431,mark6six_archive_crosscheck_hkjc,2026-07-15
21/067,2021-08-07,13,14,26,34,35,44,12,41785637,mark6six_archive_crosscheck_hkjc,2026-07-15
21/068,2021-08-10,4,12,14,17,22,32,41,52122938,mark6six_archive_crosscheck_hkjc,2026-07-15
21/069,2021-08-12,20,21,30,34,36,37,29,54248894,mark6six_archive_crosscheck_hkjc,2026-07-15
21/070,2021-08-14,11,12,19,38,39,41,6,59061589,mark6six_archive_crosscheck_hkjc,2026-07-15
21/071,2021-08-19,4,26,28,31,32,33,8,95651831,mark6six_archive_crosscheck_hkjc,2026-07-15
21/072,2021-08-21,2,5,18,21,42,48,46,92586446,mark6six_archive_crosscheck_hkjc,2026-07-15
21/073,2021-08-26,5,10,17,30,43,44,40,151047187,mark6six_archive_crosscheck_hkjc,2026-07-15
21/074,2021-08-28,2,14,15,16,33,45,19,32314122,mark6six_archive_crosscheck_hkjc,2026-07-15
21/075,2021-08-31,1,12,23,29,45,46,48,43031732,mark6six_archive_crosscheck_hkjc,2026-07-15
21/076,2021-09-02,10,28,39,45,48,49,15,34247100,mark6six_archive_crosscheck_hkjc,2026-07-15
21/077,2021-09-04,5,8,29,31,32,36,12,38824391,mark6six_archive_crosscheck_hkjc,2026-07-15
21/078,2021-09-07,2,7,21,23,27,36,40,48701656,mark6six_archive_crosscheck_hkjc,2026-07-15
21/079,2021-09-09,7,22,24,31,33,37,39,52555055,mark6six_archive_crosscheck_hkjc,2026-07-15
21/080,2021-09-11,12,26,31,37,38,44,16,45121486,mark6six_archive_crosscheck_hkjc,2026-07-15
21/081,2021-09-14,7,8,32,33,39,49,23,54507496,mark6six_archive_crosscheck_hkjc,2026-07-15
21/082,2021-09-16,1,6,11,20,32,35,22,34407969,mark6six_archive_crosscheck_hkjc,2026-07-15
21/083 MAF,2021-09-21,14,15,25,26,32,45,2,177905377,mark6six_archive_crosscheck_hkjc,2026-07-15
21/084,2021-09-23,2,4,10,17,38,41,47,31509826,mark6six_archive_crosscheck_hkjc,2026-07-15
21/085,2021-09-25,15,18,32,43,45,47,12,39364722,mark6six_archive_crosscheck_hkjc,2026-07-15
21/086,2021-09-28,2,23,31,38,43,45,40,50619232,mark6six_archive_crosscheck_hkjc,2026-07-15
21/087,2021-09-30,2,3,11,20,24,47,48,56669596,mark6six_archive_crosscheck_hkjc,2026-07-15
21/088,2021-10-02,6,12,19,31,47,48,41,61112232,mark6six_archive_crosscheck_hkjc,2026-07-15
21/089,2021-10-05,19,20,26,29,32,48,38,36382712,mark6six_archive_crosscheck_hkjc,2026-07-15
21/090,2021-10-07,8,11,19,21,24,47,23,40574782,mark6six_archive_crosscheck_hkjc,2026-07-15
21/091,2021-10-14,2,6,9,27,43,45,35,63109147,mark6six_archive_crosscheck_hkjc,2026-07-15
21/092,2021-10-16,3,14,16,23,38,46,2,49943620,mark6six_archive_crosscheck_hkjc,2026-07-15
21/093,2021-10-19,7,13,15,19,24,37,2,49649202,mark6six_archive_crosscheck_hkjc,2026-07-15
21/094,2021-10-21,6,9,11,13,15,47,38,56370441,mark6six_archive_crosscheck_hkjc,2026-07-15
21/095 STE,2021-10-26,9,14,23,28,34,48,36,166066708,mark6six_archive_crosscheck_hkjc,2026-07-15
21/096,2021-10-28,1,5,17,26,34,48,42,34149467,mark6six_archive_crosscheck_hkjc,2026-07-15
21/097,2021-10-30,3,14,37,41,42,45,4,39434258,mark6six_archive_crosscheck_hkjc,2026-07-15
21/098,2021-11-02,4,5,24,33,44,49,41,50815089,mark6six_archive_crosscheck_hkjc,2026-07-15
21/099,2021-11-04,3,22,30,32,40,43,5,55501482,mark6six_archive_crosscheck_hkjc,2026-07-15
21/100,2021-11-06,13,15,40,41,42,49,21,34387168,mark6six_archive_crosscheck_hkjc,2026-07-15
21/101,2021-11-09,3,11,15,25,30,45,33,43918795,mark6six_archive_crosscheck_hkjc,2026-07-15
21/102,2021-11-11,10,13,31,37,40,46,15,40430400,mark6six_archive_crosscheck_hkjc,2026-07-15
21/103,2021-11-14,1,11,15,21,24,28,8,45897344,mark6six_archive_crosscheck_hkjc,2026-07-15
21/104,2021-11-16,9,13,25,27,33,36,35,47690457,mark6six_archive_crosscheck_hkjc,2026-07-15
21/105,2021-11-18,2,16,23,25,29,38,18,35484723,mark6six_archive_crosscheck_hkjc,2026-07-15
21/106,2021-11-20,18,19,24,38,39,42,41,37801638,mark6six_archive_crosscheck_hkjc,2026-07-15
21/107,2021-11-23,2,6,11,22,34,38,7,47135894,mark6six_archive_crosscheck_hkjc,2026-07-15
21/108,2021-11-25,10,28,36,39,47,48,44,48289325,mark6six_archive_crosscheck_hkjc,2026-07-15
21/109,2021-11-27,2,14,30,41,42,44,22,41215513,mark6six_archive_crosscheck_hkjc,2026-07-15
21/110,2021-11-30,1,17,22,26,38,44,8,51118764,mark6six_archive_crosscheck_hkjc,2026-07-15
21/111,2021-12-02,3,21,26,36,38,49,9,52966895,mark6six_archive_crosscheck_hkjc,2026-07-15
21/112,2021-12-04,1,21,24,29,44,46,19,44061675,mark6six_archive_crosscheck_hkjc,2026-07-15
21/113,2021-12-07,4,13,19,21,35,43,27,57615068,mark6six_archive_crosscheck_hkjc,2026-07-15
21/114,2021-12-09,4,7,9,13,15,43,1,33773073,mark6six_archive_crosscheck_hkjc,2026-07-15
21/115,2021-12-11,7,21,34,35,42,48,41,37614030,mark6six_archive_crosscheck_hkjc,2026-07-15
21/116,2021-12-14,7,24,29,36,41,43,35,45659354,mark6six_archive_crosscheck_hkjc,2026-07-15
21/117,2021-12-16,5,6,19,43,47,49,39,49094689,mark6six_archive_crosscheck_hkjc,2026-07-15
21/118,2021-12-19,12,20,21,26,33,42,9,57230309,mark6six_archive_crosscheck_hkjc,2026-07-15
21/119,2021-12-21,11,12,16,32,43,44,41,65675419,mark6six_archive_crosscheck_hkjc,2026-07-15
21/120,2021-12-23,3,9,11,17,22,44,23,81892835,mark6six_archive_crosscheck_hkjc,2026-07-15
21/121,2021-12-25,8,11,20,30,35,40,27,32778401,mark6six_archive_crosscheck_hkjc,2026-07-15
21/122,2021-12-28,21,25,30,33,36,49,3,41727918,mark6six_archive_crosscheck_hkjc,2026-07-15
21/123,2021-12-30,20,21,22,29,34,35,7,48048327,mark6six_archive_crosscheck_hkjc,2026-07-15
22/001 SBD,2022-01-04,2,8,12,14,20,47,36,182618372,mark6six_archive_crosscheck_hkjc,2026-07-15
22/002,2022-01-20,1,3,10,11,30,42,39,315247031,mark6six_archive_crosscheck_hkjc,2026-07-15
22/003,2022-01-27,10,18,20,29,32,33,2,37926197,mark6six_archive_crosscheck_hkjc,2026-07-15
22/004,2022-02-05,15,18,21,25,39,43,33,46064752,mark6six_archive_crosscheck_hkjc,2026-07-15
22/005,2022-02-10,6,13,17,28,35,44,5,43149524,mark6six_archive_crosscheck_hkjc,2026-07-15
22/006,2022-02-17,6,7,22,34,35,46,8,33908375,mark6six_archive_crosscheck_hkjc,2026-07-15
22/007,2022-02-24,2,9,11,12,16,24,43,35209894,mark6six_archive_crosscheck_hkjc,2026-07-15
22/008,2022-03-03,12,19,21,22,40,43,46,29256378,mark6six_archive_crosscheck_hkjc,2026-07-15
22/009,2022-03-08,1,5,23,42,46,49,11,30478158,mark6six_archive_crosscheck_hkjc,2026-07-15
22/010,2022-03-11,11,20,23,29,38,47,12,34847236,mark6six_archive_crosscheck_hkjc,2026-07-15
22/011,2022-03-15,3,10,12,28,39,48,17,37122142,mark6six_archive_crosscheck_hkjc,2026-07-15
22/012,2022-03-18,12,18,22,30,40,49,15,32834894,mark6six_archive_crosscheck_hkjc,2026-07-15
22/013,2022-03-22,6,28,32,33,40,45,1,30987235,mark6six_archive_crosscheck_hkjc,2026-07-15
22/014,2022-03-25,15,20,26,28,29,46,12,33253445,mark6six_archive_crosscheck_hkjc,2026-07-15
22/015,2022-03-29,8,18,21,35,37,38,10,26203620,mark6six_archive_crosscheck_hkjc,2026-07-15
22/016,2022-04-01,4,8,21,40,46,49,34,31001265,mark6six_archive_crosscheck_hkjc,2026-07-15
22/017,2022-04-05,9,11,12,22,29,42,3,34100846,mark6six_archive_crosscheck_hkjc,2026-07-15
22/018,2022-04-08,10,20,36,38,43,48,30,30949464,mark6six_archive_crosscheck_hkjc,2026-07-15
22/019,2022-04-12,8,11,12,20,26,30,28,34091737,mark6six_archive_crosscheck_hkjc,2026-07-15
22/020,2022-04-15,21,25,30,36,37,47,42,30506071,mark6six_archive_crosscheck_hkjc,2026-07-15
22/021,2022-04-19,12,23,28,34,39,46,44,27908717,mark6six_archive_crosscheck_hkjc,2026-07-15
22/022,2022-04-22,8,11,15,19,34,37,25,33356654,mark6six_archive_crosscheck_hkjc,2026-07-15
22/023,2022-04-26,9,23,30,32,34,40,25,37562137,mark6six_archive_crosscheck_hkjc,2026-07-15
22/024,2022-04-29,1,7,16,28,31,48,18,41303475,mark6six_archive_crosscheck_hkjc,2026-07-15
22/025,2022-05-03,3,8,11,15,18,40,41,46917024,mark6six_archive_crosscheck_hkjc,2026-07-15
22/026,2022-05-06,2,15,41,42,44,46,40,55484827,mark6six_archive_crosscheck_hkjc,2026-07-15
22/027,2022-05-10,12,14,19,39,41,48,33,27489794,mark6six_archive_crosscheck_hkjc,2026-07-15
22/028,2022-05-13,1,5,10,22,30,34,42,35768397,mark6six_archive_crosscheck_hkjc,2026-07-15
22/029,2022-05-17,4,7,29,35,40,46,17,33851150,mark6six_archive_crosscheck_hkjc,2026-07-15
22/030,2022-05-20,27,30,36,38,45,46,34,38829817,mark6six_archive_crosscheck_hkjc,2026-07-15
22/031,2022-05-24,5,7,8,17,47,49,34,44704001,mark6six_archive_crosscheck_hkjc,2026-07-15
22/032,2022-05-27,1,17,25,29,42,46,8,50049897,mark6six_archive_crosscheck_hkjc,2026-07-15
22/033,2022-05-31,2,13,35,39,43,48,9,62058835,mark6six_archive_crosscheck_hkjc,2026-07-15
22/034,2022-06-03,1,27,32,35,38,44,24,32899147,mark6six_archive_crosscheck_hkjc,2026-07-15
22/035,2022-06-07,9,16,21,35,47,48,36,41523842,mark6six_archive_crosscheck_hkjc,2026-07-15
22/036,2022-06-10,11,17,24,26,37,41,34,49657075,mark6six_archive_crosscheck_hkjc,2026-07-15
22/037,2022-06-14,7,16,21,30,34,38,41,55579863,mark6six_archive_crosscheck_hkjc,2026-07-15
22/038,2022-06-17,9,17,24,27,33,39,48,67022158,mark6six_archive_crosscheck_hkjc,2026-07-15
22/039,2022-06-21,2,15,20,30,47,48,44,39970913,mark6six_archive_crosscheck_hkjc,2026-07-15
22/040 MOS,2022-06-27,1,13,19,26,29,37,15,197454377,mark6six_archive_crosscheck_hkjc,2026-07-15
22/041,2022-07-03,19,21,23,26,37,39,13,45565392,mark6six_archive_crosscheck_hkjc,2026-07-15
22/042,2022-07-05,9,30,31,32,37,40,25,34534407,mark6six_archive_crosscheck_hkjc,2026-07-15
22/043,2022-07-08,7,10,28,30,32,36,27,44220208,mark6six_archive_crosscheck_hkjc,2026-07-15
22/044,2022-07-12,4,13,22,27,43,47,23,52986580,mark6six_archive_crosscheck_hkjc,2026-07-15
22/045,2022-07-15,19,20,25,29,46,47,35,57069234,mark6six_archive_crosscheck_hkjc,2026-07-15
22/046,2022-07-22,5,12,21,30,34,38,3,90389776,mark6six_archive_crosscheck_hkjc,2026-07-15
22/047,2022-07-26,6,14,23,31,38,48,1,36135000,mark6six_archive_crosscheck_hkjc,2026-07-15
22/048,2022-07-28,8,13,16,21,23,49,44,35217338,mark6six_archive_crosscheck_hkjc,2026-07-15
22/049,2022-07-30,21,25,34,37,41,46,14,41334851,mark6six_archive_crosscheck_hkjc,2026-07-15
22/050,2022-08-02,4,8,9,11,42,46,47,33998792,mark6six_archive_crosscheck_hkjc,2026-07-15
22/051,2022-08-04,13,24,30,35,36,39,29,40120548,mark6six_archive_crosscheck_hkjc,2026-07-15
22/052 SMR,2022-08-09,1,12,25,28,36,46,13,125147677,mark6six_archive_crosscheck_hkjc,2026-07-15
22/053,2022-08-11,7,12,22,26,43,49,5,32132482,mark6six_archive_crosscheck_hkjc,2026-07-15
22/054,2022-08-13,6,22,25,33,38,47,10,37996322,mark6six_archive_crosscheck_hkjc,2026-07-15
22/055,2022-08-16,7,20,31,35,41,47,42,51542307,mark6six_archive_crosscheck_hkjc,2026-07-15
22/056,2022-08-18,2,8,19,21,24,47,4,43012629,mark6six_archive_crosscheck_hkjc,2026-07-15
22/057,2022-08-20,8,17,19,28,31,35,46,39651234,mark6six_archive_crosscheck_hkjc,2026-07-15
22/058,2022-08-23,4,8,9,10,30,42,22,48713465,mark6six_archive_crosscheck_hkjc,2026-07-15
22/059,2022-08-25,16,19,32,33,42,46,34,45747959,mark6six_archive_crosscheck_hkjc,2026-07-15
22/060,2022-08-27,12,22,34,35,39,45,7,33167024,mark6six_archive_crosscheck_hkjc,2026-07-15
22/061,2022-08-30,7,8,9,17,24,25,20,36205482,mark6six_archive_crosscheck_hkjc,2026-07-15
22/062,2022-09-01,23,24,30,31,45,46,26,32533897,mark6six_archive_crosscheck_hkjc,2026-07-15
22/063,2022-09-03,2,8,12,19,35,45,33,37006024,mark6six_archive_crosscheck_hkjc,2026-07-15
22/064,2022-09-06,14,22,35,37,42,46,24,48573532,mark6six_archive_crosscheck_hkjc,2026-07-15
22/065,2022-09-08,8,14,15,20,41,44,3,52561188,mark6six_archive_crosscheck_hkjc,2026-07-15
22/066 MAF,2022-09-13,2,4,20,38,40,46,11,182576789,mark6six_archive_crosscheck_hkjc,2026-07-15
22/067,2022-09-15,21,23,29,30,33,49,40,33500720,mark6six_archive_crosscheck_hkjc,2026-07-15
22/068,2022-09-17,5,17,22,24,34,38,13,37442505,mark6six_archive_crosscheck_hkjc,2026-07-15
22/069,2022-09-20,4,7,14,18,27,31,48,48327547,mark6six_archive_crosscheck_hkjc,2026-07-15
22/070,2022-09-22,8,11,31,32,33,36,46,54111404,mark6six_archive_crosscheck_hkjc,2026-07-15
22/071,2022-09-24,4,6,10,27,29,46,17,60837506,mark6six_archive_crosscheck_hkjc,2026-07-15
22/072,2022-09-27,2,18,29,30,32,47,46,36423869,mark6six_archive_crosscheck_hkjc,2026-07-15
22/073,2022-09-29,6,8,18,36,37,44,30,35754279,mark6six_archive_crosscheck_hkjc,2026-07-15
22/074,2022-10-02,1,7,11,24,27,38,17,33627101,mark6six_archive_crosscheck_hkjc,2026-07-15
22/075,2022-10-04,7,8,12,13,26,43,3,38897182,mark6six_archive_crosscheck_hkjc,2026-07-15
22/076,2022-10-06,4,11,21,28,31,47,5,38073758,mark6six_archive_crosscheck_hkjc,2026-07-15
22/077,2022-10-08,7,11,28,31,43,48,42,36631394,mark6six_archive_crosscheck_hkjc,2026-07-15
22/078,2022-10-11,1,5,10,25,36,47,23,36963014,mark6six_archive_crosscheck_hkjc,2026-07-15
22/079,2022-10-13,1,10,14,38,47,48,40,39505659,mark6six_archive_crosscheck_hkjc,2026-07-15
22/080,2022-10-15,18,21,25,28,38,44,45,42634934,mark6six_archive_crosscheck_hkjc,2026-07-15
22/081,2022-10-18,7,25,26,39,44,45,46,52357252,mark6six_archive_crosscheck_hkjc,2026-07-15
22/082,2022-10-20,20,24,27,31,32,49,36,61781365,mark6six_archive_crosscheck_hkjc,2026-07-15
22/083,2022-10-22,12,15,16,42,44,45,4,73468382,mark6six_archive_crosscheck_hkjc,2026-07-15
22/084,2022-10-25,27,28,30,34,35,48,11,104943367,mark6six_archive_crosscheck_hkjc,2026-07-15
22/085 STE,2022-10-29,4,5,12,15,28,29,20,120113059,mark6six_archive_crosscheck_hkjc,2026-07-15
22/086,2022-11-01,2,12,14,32,41,46,20,36189124,mark6six_archive_crosscheck_hkjc,2026-07-15
22/087,2022-11-03,10,13,19,21,27,49,35,39309446,mark6six_archive_crosscheck_hkjc,2026-07-15
22/088,2022-11-05,7,11,22,23,28,32,29,46650854,mark6six_archive_crosscheck_hkjc,2026-07-15
22/089,2022-11-08,10,20,27,32,38,46,4,37724090,mark6six_archive_crosscheck_hkjc,2026-07-15
22/090,2022-11-10,11,12,14,18,29,30,31,41865200,mark6six_archive_crosscheck_hkjc,2026-07-15
22/091,2022-11-13,5,12,18,19,26,33,46,49216310,mark6six_archive_crosscheck_hkjc,2026-07-15
22/092,2022-11-15,17,18,32,38,44,49,19,34023185,mark6six_archive_crosscheck_hkjc,2026-07-15
22/093,2022-11-17,1,9,27,32,33,35,45,39549034,mark6six_archive_crosscheck_hkjc,2026-07-15
22/094,2022-11-19,6,11,27,39,46,47,15,32445526,mark6six_archive_crosscheck_hkjc,2026-07-15
22/095,2022-11-22,6,10,11,13,32,46,39,41944030,mark6six_archive_crosscheck_hkjc,2026-07-15
22/096,2022-11-24,3,12,14,19,25,28,11,43534602,mark6six_archive_crosscheck_hkjc,2026-07-15
22/097,2022-11-26,14,25,28,29,43,44,10,31264295,mark6six_archive_crosscheck_hkjc,2026-07-15
22/098,2022-11-29,12,18,22,28,31,40,7,40788310,mark6six_archive_crosscheck_hkjc,2026-07-15
22/099,2022-12-01,14,18,27,32,39,42,43,32483170,mark6six_archive_crosscheck_hkjc,2026-07-15
22/100,2022-12-03,2,15,31,34,38,41,21,36848745,mark6six_archive_crosscheck_hkjc,2026-07-15
22/101,2022-12-06,6,11,17,30,44,46,5,39842318,mark6six_archive_crosscheck_hkjc,2026-07-15
22/102,2022-12-08,17,19,35,39,44,46,21,42867141,mark6six_archive_crosscheck_hkjc,2026-07-15
22/103,2022-12-10,6,12,20,25,39,49,7,38298392,mark6six_archive_crosscheck_hkjc,2026-07-15
22/104,2022-12-13,12,38,39,40,45,49,10,44959369,mark6six_archive_crosscheck_hkjc,2026-07-15
22/105,2022-12-15,5,7,18,26,31,45,30,49275593,mark6six_archive_crosscheck_hkjc,2026-07-15
22/106,2022-12-17,6,14,15,26,35,40,8,54811827,mark6six_archive_crosscheck_hkjc,2026-07-15
22/107,2022-12-20,28,36,37,38,41,45,42,73099838,mark6six_archive_crosscheck_hkjc,2026-07-15
22/108,2022-12-22,16,18,19,33,41,46,37,88531446,mark6six_archive_crosscheck_hkjc,2026-07-15
22/109,2022-12-25,2,7,11,14,18,39,29,35199454,mark6six_archive_crosscheck_hkjc,2026-07-15
22/110,2022-12-27,5,13,18,32,39,45,44,37136775,mark6six_archive_crosscheck_hkjc,2026-07-15
22/111,2022-12-29,1,2,21,33,41,45,4,45151430,mark6six_archive_crosscheck_hkjc,2026-07-15
23/001 SBD,2023-01-03,7,20,25,27,35,43,1,179088381,mark6six_archive_crosscheck_hkjc,2026-07-15
23/002,2023-01-05,5,9,19,34,36,49,23,34110690,mark6six_archive_crosscheck_hkjc,2026-07-15
23/003,2023-01-07,10,31,33,34,43,49,40,34111184,mark6six_archive_crosscheck_hkjc,2026-07-15
23/004,2023-01-10,2,21,24,29,35,47,18,43363038,mark6six_archive_crosscheck_hkjc,2026-07-15
23/005,2023-01-12,6,22,26,27,40,45,13,48769832,mark6six_archive_crosscheck_hkjc,2026-07-15
23/006,2023-01-14,3,5,16,26,35,38,9,52439102,mark6six_archive_crosscheck_hkjc,2026-07-15
23/007,2023-01-17,10,15,29,34,38,47,18,37966702,mark6six_archive_crosscheck_hkjc,2026-07-15
23/008,2023-01-19,17,25,27,29,36,49,23,43561547,mark6six_archive_crosscheck_hkjc,2026-07-15
23/009 CNY,2023-01-26,2,3,23,31,32,43,40,229021817,mark6six_archive_crosscheck_hkjc,2026-07-15
23/010,2023-01-28,2,12,16,38,45,46,14,108202412,mark6six_archive_crosscheck_hkjc,2026-07-15
23/011,2023-02-02,2,8,23,33,34,35,43,184349737,mark6six_archive_crosscheck_hkjc,2026-07-15
23/012,2023-02-04,14,18,25,29,31,42,6,39149448,mark6six_archive_crosscheck_hkjc,2026-07-15
23/013,2023-02-07,4,11,13,14,30,37,20,52155739,mark6six_archive_crosscheck_hkjc,2026-07-15
23/014,2023-02-09,1,9,13,27,29,40,20,55821802,mark6six_archive_crosscheck_hkjc,2026-07-15
23/015,2023-02-11,13,18,22,29,34,41,23,59553612,mark6six_archive_crosscheck_hkjc,2026-07-15
23/016,2023-02-14,3,13,19,32,33,39,24,41472968,mark6six_archive_crosscheck_hkjc,2026-07-15
23/017,2023-02-16,8,9,13,22,38,39,11,45531760,mark6six_archive_crosscheck_hkjc,2026-07-15
23/018,2023-02-18,4,12,20,28,34,49,43,35418734,mark6six_archive_crosscheck_hkjc,2026-07-15
23/019,2023-02-21,8,19,29,30,33,41,4,46288151,mark6six_archive_crosscheck_hkjc,2026-07-15
23/020,2023-02-23,8,16,32,42,47,48,35,50424254,mark6six_archive_crosscheck_hkjc,2026-07-15
23/021,2023-02-25,14,25,27,28,44,47,4,56972900,mark6six_archive_crosscheck_hkjc,2026-07-15
23/022,2023-02-28,8,13,29,33,40,42,3,75499361,mark6six_archive_crosscheck_hkjc,2026-07-15
23/023,2023-03-02,14,17,19,32,39,46,36,36708062,mark6six_archive_crosscheck_hkjc,2026-07-15
23/024,2023-03-04,1,9,15,26,42,44,25,41536994,mark6six_archive_crosscheck_hkjc,2026-07-15
23/025,2023-03-07,4,11,12,26,37,40,7,54550110,mark6six_archive_crosscheck_hkjc,2026-07-15
23/026,2023-03-09,1,4,7,14,31,37,11,57942910,mark6six_archive_crosscheck_hkjc,2026-07-15
23/027,2023-03-12,11,12,13,20,35,43,44,52380284,mark6six_archive_crosscheck_hkjc,2026-07-15
23/028,2023-03-14,1,2,10,12,18,37,43,55626015,mark6six_archive_crosscheck_hkjc,2026-07-15
23/029,2023-03-16,18,21,28,30,34,40,14,64058233,mark6six_archive_crosscheck_hkjc,2026-07-15
23/030,2023-03-18,4,7,17,34,42,48,3,73270359,mark6six_archive_crosscheck_hkjc,2026-07-15
23/031,2023-03-21,8,13,18,30,33,41,20,37973034,mark6six_archive_crosscheck_hkjc,2026-07-15
23/032,2023-03-23,5,14,17,20,22,32,33,37475203,mark6six_archive_crosscheck_hkjc,2026-07-15
23/033,2023-03-25,11,15,18,26,31,37,10,39733832,mark6six_archive_crosscheck_hkjc,2026-07-15
23/034,2023-03-28,9,10,16,41,44,46,39,37267945,mark6six_archive_crosscheck_hkjc,2026-07-15
23/035,2023-03-30,1,8,12,36,42,47,40,43899412,mark6six_archive_crosscheck_hkjc,2026-07-15
23/036,2023-04-01,8,9,12,19,21,40,24,47668512,mark6six_archive_crosscheck_hkjc,2026-07-15
23/037,2023-04-04,15,19,20,24,36,47,4,57413909,mark6six_archive_crosscheck_hkjc,2026-07-15
23/038 EAS,2023-04-08,1,13,17,18,33,36,22,101427219,mark6six_archive_crosscheck_hkjc,2026-07-15
23/039,2023-04-11,12,23,29,40,42,43,20,36048672,mark6six_archive_crosscheck_hkjc,2026-07-15
23/040,2023-04-13,9,14,15,32,36,48,25,43095286,mark6six_archive_crosscheck_hkjc,2026-07-15
23/041,2023-04-16,10,12,18,20,23,36,6,54802224,mark6six_archive_crosscheck_hkjc,2026-07-15
23/042,2023-04-18,20,23,27,28,30,46,29,35106436,mark6six_archive_crosscheck_hkjc,2026-07-15
23/043,2023-04-20,1,20,24,28,38,46,40,40746484,mark6six_archive_crosscheck_hkjc,2026-07-15
23/044,2023-04-22,2,6,7,9,17,19,26,45581152,mark6six_archive_crosscheck_hkjc,2026-07-15
23/045,2023-04-25,20,26,38,43,46,47,35,36578731,mark6six_archive_crosscheck_hkjc,2026-07-15
23/046,2023-04-27,8,12,21,43,44,49,27,41507112,mark6six_archive_crosscheck_hkjc,2026-07-15
23/047,2023-04-29,7,8,17,19,27,40,2,33588472,mark6six_archive_crosscheck_hkjc,2026-07-15
23/048,2023-05-02,4,10,20,32,38,49,7,36917434,mark6six_archive_crosscheck_hkjc,2026-07-15
23/049,2023-05-04,2,10,28,37,47,49,7,35528511,mark6six_archive_crosscheck_hkjc,2026-07-15
23/050,2023-05-06,1,5,14,15,21,25,31,38607230,mark6six_archive_crosscheck_hkjc,2026-07-15
23/051,2023-05-09,7,10,22,25,32,35,27,37272020,mark6six_archive_crosscheck_hkjc,2026-07-15
23/052,2023-05-11,17,18,28,30,32,33,1,42045167,mark6six_archive_crosscheck_hkjc,2026-07-15
23/053,2023-05-14,1,4,9,35,37,48,43,49254796,mark6six_archive_crosscheck_hkjc,2026-07-15
23/054,2023-05-16,2,18,27,31,32,46,44,35691798,mark6six_archive_crosscheck_hkjc,2026-07-15
23/055,2023-05-18,5,6,12,16,41,47,7,39616432,mark6six_archive_crosscheck_hkjc,2026-07-15
23/056,2023-05-20,1,19,22,26,46,47,39,41705550,mark6six_archive_crosscheck_hkjc,2026-07-15
23/057,2023-05-23,4,14,15,37,41,49,38,53354696,mark6six_archive_crosscheck_hkjc,2026-07-15
23/058,2023-05-25,3,14,18,26,40,43,15,60107941,mark6six_archive_crosscheck_hkjc,2026-07-15
23/059,2023-05-27,11,20,21,22,27,32,12,77802262,mark6six_archive_crosscheck_hkjc,2026-07-15
23/060,2023-05-30,3,9,15,30,32,41,26,35568870,mark6six_archive_crosscheck_hkjc,2026-07-15
23/061,2023-06-01,14,30,32,42,45,47,4,34508646,mark6six_archive_crosscheck_hkjc,2026-07-15
23/062,2023-06-03,2,16,24,25,47,48,40,32619469,mark6six_archive_crosscheck_hkjc,2026-07-15
23/063,2023-06-06,6,12,34,42,45,48,2,41972096,mark6six_archive_crosscheck_hkjc,2026-07-15
23/064,2023-06-08,4,22,24,28,45,46,7,48027796,mark6six_archive_crosscheck_hkjc,2026-07-15
23/065,2023-06-11,14,16,18,22,30,47,11,58895513,mark6six_archive_crosscheck_hkjc,2026-07-15
23/066,2023-06-13,14,16,22,26,36,42,19,68420902,mark6six_archive_crosscheck_hkjc,2026-07-15
23/067,2023-06-15,5,13,17,20,33,38,14,34039129,mark6six_archive_crosscheck_hkjc,2026-07-15
23/068,2023-06-17,18,22,31,35,44,48,6,33637623,mark6six_archive_crosscheck_hkjc,2026-07-15
23/069,2023-06-20,8,18,31,34,35,47,39,44289453,mark6six_archive_crosscheck_hkjc,2026-07-15
23/070 DBF,2023-06-22,14,15,24,30,37,39,26,91097328,mark6six_archive_crosscheck_hkjc,2026-07-15
23/071,2023-06-24,1,11,14,16,26,36,39,96851292,mark6six_archive_crosscheck_hkjc,2026-07-15
23/072,2023-06-27,7,10,16,18,29,45,1,74802703,mark6six_archive_crosscheck_hkjc,2026-07-15
23/073,2023-06-29,6,10,18,21,22,33,4,81262464,mark6six_archive_crosscheck_hkjc,2026-07-15
23/074,2023-07-02,3,6,25,29,35,42,36,35286851,mark6six_archive_crosscheck_hkjc,2026-07-15
23/075,2023-07-04,5,15,20,29,32,37,18,42080362,mark6six_archive_crosscheck_hkjc,2026-07-15
23/076,2023-07-08,1,11,22,26,38,39,27,63839510,mark6six_archive_crosscheck_hkjc,2026-07-15
23/077,2023-07-11,7,19,22,27,40,47,13,50468950,mark6six_archive_crosscheck_hkjc,2026-07-15
23/078,2023-07-13,3,8,11,23,36,38,33,54267777,mark6six_archive_crosscheck_hkjc,2026-07-15
23/079,2023-07-15,4,9,12,33,37,42,3,46236779,mark6six_archive_crosscheck_hkjc,2026-07-15
23/080,2023-07-18,15,16,34,36,39,40,42,53656300,mark6six_archive_crosscheck_hkjc,2026-07-15
23/081,2023-07-20,4,16,18,34,35,46,47,36803315,mark6six_archive_crosscheck_hkjc,2026-07-15
23/082 SMR,2023-07-25,1,2,10,13,29,47,9,133688280,mark6six_archive_crosscheck_hkjc,2026-07-15
23/083,2023-07-27,13,15,17,18,20,43,39,34541356,mark6six_archive_crosscheck_hkjc,2026-07-15
23/084,2023-07-29,13,23,26,40,41,43,14,34839965,mark6six_archive_crosscheck_hkjc,2026-07-15
23/085,2023-08-01,2,7,25,28,31,35,11,45080955,mark6six_archive_crosscheck_hkjc,2026-07-15
23/086,2023-08-03,3,14,23,30,33,44,21,47912933,mark6six_archive_crosscheck_hkjc,2026-07-15
23/087,2023-08-05,2,8,24,39,41,44,40,52818584,mark6six_archive_crosscheck_hkjc,2026-07-15
23/088,2023-08-08,4,7,18,28,30,40,29,37925396,mark6six_archive_crosscheck_hkjc,2026-07-15
23/089,2023-08-10,2,3,4,13,18,42,12,41081607,mark6six_archive_crosscheck_hkjc,2026-07-15
23/090,2023-08-12,3,12,13,17,24,36,16,44887425,mark6six_archive_crosscheck_hkjc,2026-07-15
23/091,2023-08-15,4,12,17,37,38,39,41,56989344,mark6six_archive_crosscheck_hkjc,2026-07-15
23/092,2023-08-17,3,9,15,18,21,37,42,35086943,mark6six_archive_crosscheck_hkjc,2026-07-15
23/093,2023-08-19,8,14,18,20,23,25,44,39723946,mark6six_archive_crosscheck_hkjc,2026-07-15
23/094,2023-08-22,1,5,7,12,48,49,16,37363159,mark6six_archive_crosscheck_hkjc,2026-07-15
23/095,2023-08-24,6,18,29,31,44,46,8,34293799,mark6six_archive_crosscheck_hkjc,2026-07-15
23/096,2023-08-26,16,26,31,35,39,46,3,39349610,mark6six_archive_crosscheck_hkjc,2026-07-15
23/097,2023-08-29,3,6,7,33,36,46,4,51038741,mark6six_archive_crosscheck_hkjc,2026-07-15
23/098,2023-08-31,10,15,17,21,40,44,12,33505359,mark6six_archive_crosscheck_hkjc,2026-07-15
23/099,2023-09-03,15,20,25,39,45,48,28,34305064,mark6six_archive_crosscheck_hkjc,2026-07-15
23/100,2023-09-05,2,5,20,24,27,32,12,41052009,mark6six_archive_crosscheck_hkjc,2026-07-15
23/101,2023-09-07,20,22,24,25,29,49,36,45962669,mark6six_archive_crosscheck_hkjc,2026-07-15
23/102,2023-09-09,4,6,19,32,39,42,34,46662389,mark6six_archive_crosscheck_hkjc,2026-07-15
23/103,2023-09-12,4,10,12,16,30,32,14,65170461,mark6six_archive_crosscheck_hkjc,2026-07-15
23/104,2023-09-14,17,27,30,31,32,38,11,34362063,mark6six_archive_crosscheck_hkjc,2026-07-15
23/105,2023-09-16,10,24,34,40,41,45,35,38689064,mark6six_archive_crosscheck_hkjc,2026-07-15
23/106,2023-09-19,8,9,10,27,35,38,46,52280526,mark6six_archive_crosscheck_hkjc,2026-07-15
23/107,2023-09-21,1,10,22,28,33,46,37,55910696,mark6six_archive_crosscheck_hkjc,2026-07-15
23/108,2023-09-23,3,27,28,35,44,46,12,64636741,mark6six_archive_crosscheck_hkjc,2026-07-15
23/109 MAF,2023-09-28,9,12,30,31,45,48,46,186230621,mark6six_archive_crosscheck_hkjc,2026-07-15
23/110,2023-09-30,6,8,11,26,35,47,1,97041946,mark6six_archive_crosscheck_hkjc,2026-07-15
23/111,2023-10-03,8,16,32,39,40,43,29,108491306,mark6six_archive_crosscheck_hkjc,2026-07-15
23/112,2023-10-05,2,11,20,29,41,49,45,37060046,mark6six_archive_crosscheck_hkjc,2026-07-15
23/113,2023-10-07,4,9,12,36,43,47,26,40755656,mark6six_archive_crosscheck_hkjc,2026-07-15
23/114,2023-10-10,1,12,22,23,34,39,30,38412506,mark6six_archive_crosscheck_hkjc,2026-07-15
23/115,2023-10-12,2,13,23,28,30,31,3,37359399,mark6six_archive_crosscheck_hkjc,2026-07-15
23/116,2023-10-14,1,29,31,42,47,48,40,36770451,mark6six_archive_crosscheck_hkjc,2026-07-15
23/117,2023-10-17,8,18,24,34,41,42,31,46763407,mark6six_archive_crosscheck_hkjc,2026-07-15
23/118,2023-10-19,1,13,18,32,34,49,44,50503187,mark6six_archive_crosscheck_hkjc,2026-07-15
23/119,2023-10-21,6,8,12,31,32,46,4,56311109,mark6six_archive_crosscheck_hkjc,2026-07-15
23/120,2023-10-24,19,20,29,45,48,49,8,35723268,mark6six_archive_crosscheck_hkjc,2026-07-15
23/121,2023-10-26,11,16,27,32,33,37,24,43341115,mark6six_archive_crosscheck_hkjc,2026-07-15
23/122 STE,2023-10-31,4,33,35,36,41,49,1,127195633,mark6six_archive_crosscheck_hkjc,2026-07-15
23/123,2023-11-02,3,14,32,37,43,47,26,34490561,mark6six_archive_crosscheck_hkjc,2026-07-15
23/124,2023-11-04,2,13,16,28,40,44,46,39087404,mark6six_archive_crosscheck_hkjc,2026-07-15
23/125,2023-11-07,7,16,26,31,47,49,44,51154758,mark6six_archive_crosscheck_hkjc,2026-07-15
23/126,2023-11-09,1,4,18,25,30,49,15,48034783,mark6six_archive_crosscheck_hkjc,2026-07-15
23/127,2023-11-12,19,26,32,34,37,44,11,47813946,mark6six_archive_crosscheck_hkjc,2026-07-15
23/128,2023-11-14,2,15,27,36,37,48,23,50830906,mark6six_archive_crosscheck_hkjc,2026-07-15
23/129,2023-11-16,3,5,8,16,26,33,24,59591983,mark6six_archive_crosscheck_hkjc,2026-07-15
23/130,2023-11-18,6,25,29,30,34,35,20,33141120,mark6six_archive_crosscheck_hkjc,2026-07-15
23/131,2023-11-21,9,11,15,17,19,44,7,37949038,mark6six_archive_crosscheck_hkjc,2026-07-15
23/132,2023-11-23,11,16,24,27,28,32,48,40957615,mark6six_archive_crosscheck_hkjc,2026-07-15
23/133,2023-11-25,2,8,12,28,34,47,7,32877360,mark6six_archive_crosscheck_hkjc,2026-07-15
23/134,2023-11-28,3,14,20,30,38,42,13,43051665,mark6six_archive_crosscheck_hkjc,2026-07-15
23/135,2023-11-30,7,12,32,34,36,39,5,34688840,mark6six_archive_crosscheck_hkjc,2026-07-15
23/136,2023-12-02,3,17,30,36,38,45,8,41578848,mark6six_archive_crosscheck_hkjc,2026-07-15
23/137,2023-12-05,9,16,23,38,39,41,19,52681562,mark6six_archive_crosscheck_hkjc,2026-07-15
23/138,2023-12-07,27,28,37,38,43,45,40,56080440,mark6six_archive_crosscheck_hkjc,2026-07-15
23/139,2023-12-09,2,3,4,31,46,49,34,64383920,mark6six_archive_crosscheck_hkjc,2026-07-15
23/140,2023-12-12,3,10,20,24,27,42,45,90138637,mark6six_archive_crosscheck_hkjc,2026-07-15
23/141,2023-12-14,3,4,11,37,44,48,36,106117614,mark6six_archive_crosscheck_hkjc,2026-07-15
23/142,2023-12-19,4,9,13,33,35,46,6,177377384,mark6six_archive_crosscheck_hkjc,2026-07-15
23/143,2023-12-21,1,10,12,33,46,49,32,34194175,mark6six_archive_crosscheck_hkjc,2026-07-15
23/144,2023-12-24,2,8,16,19,37,49,20,44628700,mark6six_archive_crosscheck_hkjc,2026-07-15
23/145,2023-12-28,11,18,27,29,34,45,28,61407861,mark6six_archive_crosscheck_hkjc,2026-07-15
23/146,2023-12-30,5,8,19,25,41,48,24,62019078,mark6six_archive_crosscheck_hkjc,2026-07-15
24/001 SBD,2024-01-03,2,3,19,34,37,46,32,171448460,mark6six_archive_crosscheck_hkjc,2026-07-15
24/002,2024-01-06,1,4,24,31,33,34,2,217293715,mark6six_archive_crosscheck_hkjc,2026-07-15
24/003,2024-01-09,3,9,16,19,33,35,39,41956898,mark6six_archive_crosscheck_hkjc,2026-07-15
24/004,2024-01-11,3,6,8,26,29,38,1,39925810,mark6six_archive_crosscheck_hkjc,2026-07-15
24/005,2024-01-14,3,17,18,36,38,39,21,49593433,mark6six_archive_crosscheck_hkjc,2026-07-15
24/006,2024-01-16,1,6,8,27,41,47,29,53512905,mark6six_archive_crosscheck_hkjc,2026-07-15
24/007,2024-01-18,2,10,17,46,47,49,3,63001095,mark6six_archive_crosscheck_hkjc,2026-07-15
24/008,2024-01-20,3,25,31,40,43,48,45,73823573,mark6six_archive_crosscheck_hkjc,2026-07-15
24/009,2024-01-23,2,6,7,14,30,43,15,38072493,mark6six_archive_crosscheck_hkjc,2026-07-15
24/010,2024-01-25,2,5,15,32,45,49,19,43056463,mark6six_archive_crosscheck_hkjc,2026-07-15
24/011,2024-01-27,1,8,13,19,34,47,12,34436697,mark6six_archive_crosscheck_hkjc,2026-07-15
24/012,2024-01-30,8,20,21,29,30,49,32,39565571,mark6six_archive_crosscheck_hkjc,2026-07-15
24/013,2024-02-01,4,12,15,23,24,31,43,41330384,mark6six_archive_crosscheck_hkjc,2026-07-15
24/014,2024-02-03,3,7,21,32,36,47,23,47719513,mark6six_archive_crosscheck_hkjc,2026-07-15
24/015,2024-02-06,15,18,19,38,41,49,22,62259415,mark6six_archive_crosscheck_hkjc,2026-07-15
24/016,2024-02-08,5,7,9,20,22,25,13,73029107,mark6six_archive_crosscheck_hkjc,2026-07-15
24/017 CNY,2024-02-14,10,12,13,24,25,48,15,291614875,mark6six_archive_crosscheck_hkjc,2026-07-15
24/018,2024-02-17,9,23,26,27,36,41,24,43055933,mark6six_archive_crosscheck_hkjc,2026-07-15
24/019,2024-02-20,10,26,27,29,30,45,37,43696150,mark6six_archive_crosscheck_hkjc,2026-07-15
24/020,2024-02-22,22,25,33,34,35,39,5,47532331,mark6six_archive_crosscheck_hkjc,2026-07-15
24/021,2024-02-24,2,7,24,29,30,36,6,38000436,mark6six_archive_crosscheck_hkjc,2026-07-15
24/022,2024-02-27,3,11,12,22,24,26,21,44702921,mark6six_archive_crosscheck_hkjc,2026-07-15
24/023,2024-02-29,5,13,16,36,39,41,38,47560353,mark6six_archive_crosscheck_hkjc,2026-07-15
24/024,2024-03-02,7,23,31,35,43,46,10,53237610,mark6six_archive_crosscheck_hkjc,2026-07-15
24/025,2024-03-05,11,24,34,36,39,42,38,71886500,mark6six_archive_crosscheck_hkjc,2026-07-15
24/026,2024-03-07,5,22,30,31,32,39,44,88406173,mark6six_archive_crosscheck_hkjc,2026-07-15
24/027,2024-03-09,4,5,8,21,32,42,45,106921091,mark6six_archive_crosscheck_hkjc,2026-07-15
24/028,2024-03-12,13,16,18,24,32,43,44,153316396,mark6six_archive_crosscheck_hkjc,2026-07-15
24/029,2024-03-14,6,23,24,31,34,49,1,104779023,mark6six_archive_crosscheck_hkjc,2026-07-15
24/030,2024-03-17,1,8,13,23,40,44,15,124998398,mark6six_archive_crosscheck_hkjc,2026-07-15
24/031,2024-03-19,7,8,29,30,36,48,28,39157438,mark6six_archive_crosscheck_hkjc,2026-07-15
24/032,2024-03-21,6,19,20,34,39,42,44,47045890,mark6six_archive_crosscheck_hkjc,2026-07-15
24/033,2024-03-23,11,18,24,35,42,46,3,37536991,mark6six_archive_crosscheck_hkjc,2026-07-15
24/034,2024-03-26,6,11,12,18,24,42,38,49533360,mark6six_archive_crosscheck_hkjc,2026-07-15
24/035,2024-03-28,2,9,15,20,39,48,43,55880649,mark6six_archive_crosscheck_hkjc,2026-07-15
24/036 EAS,2024-03-30,2,6,18,22,36,39,21,83887661,mark6six_archive_crosscheck_hkjc,2026-07-15
24/037,2024-04-02,16,25,31,42,43,44,7,63190696,mark6six_archive_crosscheck_hkjc,2026-07-15
24/038,2024-04-04,4,8,12,22,24,26,1,71716401,mark6six_archive_crosscheck_hkjc,2026-07-15
24/039,2024-04-06,15,16,17,30,34,35,25,35830560,mark6six_archive_crosscheck_hkjc,2026-07-15
24/040,2024-04-09,13,20,29,30,34,48,3,41144546,mark6six_archive_crosscheck_hkjc,2026-07-15
24/041,2024-04-11,2,7,9,13,33,35,49,40307751,mark6six_archive_crosscheck_hkjc,2026-07-15
24/042,2024-04-13,6,10,12,14,17,41,47,43639576,mark6six_archive_crosscheck_hkjc,2026-07-15
24/043,2024-04-16,12,14,17,18,23,44,27,49944294,mark6six_archive_crosscheck_hkjc,2026-07-15
24/044,2024-04-18,17,25,26,30,38,48,28,51989851,mark6six_archive_crosscheck_hkjc,2026-07-15
24/045,2024-04-21,7,8,10,12,17,27,25,63629164,mark6six_archive_crosscheck_hkjc,2026-07-15
24/046,2024-04-23,5,6,16,27,37,47,24,36573781,mark6six_archive_crosscheck_hkjc,2026-07-15
24/047,2024-04-25,3,17,25,32,36,38,46,38079881,mark6six_archive_crosscheck_hkjc,2026-07-15
24/048,2024-04-27,9,18,28,40,47,48,23,42778772,mark6six_archive_crosscheck_hkjc,2026-07-15
24/049,2024-04-30,11,12,28,35,37,39,30,54985753,mark6six_archive_crosscheck_hkjc,2026-07-15
24/050,2024-05-02,6,18,21,39,42,46,17,58021809,mark6six_archive_crosscheck_hkjc,2026-07-15
24/051,2024-05-04,1,3,7,21,28,30,45,64517585,mark6six_archive_crosscheck_hkjc,2026-07-15
24/052,2024-05-07,8,19,27,30,36,42,2,39572261,mark6six_archive_crosscheck_hkjc,2026-07-15
24/053,2024-05-09,5,14,15,18,23,48,13,45202554,mark6six_archive_crosscheck_hkjc,2026-07-15
24/054,2024-05-12,3,9,25,30,36,41,19,55554832,mark6six_archive_crosscheck_hkjc,2026-07-15
24/055,2024-05-14,14,37,38,41,45,49,5,35575441,mark6six_archive_crosscheck_hkjc,2026-07-15
24/056,2024-05-16,21,32,40,43,44,49,1,42727716,mark6six_archive_crosscheck_hkjc,2026-07-15
24/057,2024-05-18,8,17,19,27,33,45,37,47674681,mark6six_archive_crosscheck_hkjc,2026-07-15
24/058,2024-05-21,2,3,4,15,37,40,8,59063126,mark6six_archive_crosscheck_hkjc,2026-07-15
24/059,2024-05-23,5,9,18,21,36,40,13,64669091,mark6six_archive_crosscheck_hkjc,2026-07-15
24/060,2024-05-25,7,26,30,37,46,49,25,34063801,mark6six_archive_crosscheck_hkjc,2026-07-15
24/061,2024-05-28,33,37,38,43,44,46,32,45141666,mark6six_archive_crosscheck_hkjc,2026-07-15
24/062,2024-05-30,1,24,25,27,30,32,13,48119774,mark6six_archive_crosscheck_hkjc,2026-07-15
24/063,2024-06-01,6,18,28,33,36,48,11,51010163,mark6six_archive_crosscheck_hkjc,2026-07-15
24/064,2024-06-04,6,11,19,21,27,43,44,40112021,mark6six_archive_crosscheck_hkjc,2026-07-15
24/065 DBF,2024-06-09,6,9,12,17,19,42,13,141383379,mark6six_archive_crosscheck_hkjc,2026-07-15
24/066,2024-06-13,1,5,15,19,25,39,46,142887860,mark6six_archive_crosscheck_hkjc,2026-07-15
24/067,2024-06-16,3,7,13,17,21,49,4,38909305,mark6six_archive_crosscheck_hkjc,2026-07-15
24/068,2024-06-18,9,16,31,33,38,48,23,40640635,mark6six_archive_crosscheck_hkjc,2026-07-15
24/069,2024-06-20,14,21,26,27,42,46,45,45385596,mark6six_archive_crosscheck_hkjc,2026-07-15
24/070,2024-06-22,18,25,28,34,42,49,14,34112843,mark6six_archive_crosscheck_hkjc,2026-07-15
24/071,2024-06-25,21,30,34,40,48,49,16,46101446,mark6six_archive_crosscheck_hkjc,2026-07-15
24/072,2024-06-27,2,17,24,30,32,40,16,51836036,mark6six_archive_crosscheck_hkjc,2026-07-15
24/073,2024-06-29,7,21,29,30,36,46,42,45213609,mark6six_archive_crosscheck_hkjc,2026-07-15
24/074,2024-07-02,5,8,15,21,27,37,2,53514413,mark6six_archive_crosscheck_hkjc,2026-07-15
24/075,2024-07-07,1,2,17,27,34,41,22,74319661,mark6six_archive_crosscheck_hkjc,2026-07-15
24/076,2024-07-09,18,25,30,35,36,40,44,69082776,mark6six_archive_crosscheck_hkjc,2026-07-15
24/077,2024-07-11,8,20,29,33,34,44,12,83426066,mark6six_archive_crosscheck_hkjc,2026-07-15
24/078,2024-07-13,17,21,24,27,29,48,8,61218507,mark6six_archive_crosscheck_hkjc,2026-07-15
24/079,2024-07-16,11,13,17,34,40,47,21,74955723,mark6six_archive_crosscheck_hkjc,2026-07-15
24/080,2024-07-18,11,12,18,28,29,30,39,79757243,mark6six_archive_crosscheck_hkjc,2026-07-15
24/081,2024-07-20,17,18,31,33,39,41,14,35078312,mark6six_archive_crosscheck_hkjc,2026-07-15
24/082,2024-07-23,12,13,24,25,27,34,4,40483478,mark6six_archive_crosscheck_hkjc,2026-07-15
24/083,2024-07-25,3,16,18,26,43,45,9,45106130,mark6six_archive_crosscheck_hkjc,2026-07-15
24/084 SMR,2024-07-30,6,7,17,20,21,25,26,117186138,mark6six_archive_crosscheck_hkjc,2026-07-15
24/085,2024-08-01,2,9,16,39,43,46,20,34881626,mark6six_archive_crosscheck_hkjc,2026-07-15
24/086,2024-08-03,5,6,8,22,26,44,40,34549382,mark6six_archive_crosscheck_hkjc,2026-07-15
24/087,2024-08-06,3,4,7,13,27,41,38,38296228,mark6six_archive_crosscheck_hkjc,2026-07-15
24/088,2024-08-08,3,6,7,8,11,29,49,38841130,mark6six_archive_crosscheck_hkjc,2026-07-15
24/089,2024-08-10,8,12,21,35,44,45,2,35562687,mark6six_archive_crosscheck_hkjc,2026-07-15
24/090,2024-08-13,7,9,20,21,30,35,26,39918635,mark6six_archive_crosscheck_hkjc,2026-07-15
24/091,2024-08-15,3,16,33,35,39,44,8,35851187,mark6six_archive_crosscheck_hkjc,2026-07-15
24/092,2024-08-17,6,13,19,21,26,28,9,40838742,mark6six_archive_crosscheck_hkjc,2026-07-15
24/093,2024-08-20,1,4,16,26,39,49,7,37949905,mark6six_archive_crosscheck_hkjc,2026-07-15
24/094,2024-08-22,8,9,16,21,32,33,34,35742053,mark6six_archive_crosscheck_hkjc,2026-07-15
24/095,2024-08-24,9,15,19,28,31,41,42,35064153,mark6six_archive_crosscheck_hkjc,2026-07-15
24/096,2024-08-27,2,15,23,33,34,39,19,44967321,mark6six_archive_crosscheck_hkjc,2026-07-15
24/097,2024-08-29,6,7,18,24,28,29,1,48296578,mark6six_archive_crosscheck_hkjc,2026-07-15
24/098,2024-08-31,2,21,34,36,41,47,31,35077215,mark6six_archive_crosscheck_hkjc,2026-07-15
24/099,2024-09-03,2,3,7,25,46,48,13,45749297,mark6six_archive_crosscheck_hkjc,2026-07-15
24/100,2024-09-07,5,24,26,32,35,40,16,62839177,mark6six_archive_crosscheck_hkjc,2026-07-15
24/101,2024-09-10,1,12,16,20,21,30,27,60931072,mark6six_archive_crosscheck_hkjc,2026-07-15
24/102,2024-09-12,14,18,20,25,32,43,45,38457195,mark6six_archive_crosscheck_hkjc,2026-07-15
24/103 MAF,2024-09-17,5,18,21,24,27,44,10,184377147,mark6six_archive_crosscheck_hkjc,2026-07-15
24/104,2024-09-19,5,18,21,24,44,47,20,37112427,mark6six_archive_crosscheck_hkjc,2026-07-15
24/105,2024-09-21,2,3,14,25,27,36,45,36519524,mark6six_archive_crosscheck_hkjc,2026-07-15
24/106,2024-09-24,9,17,28,31,40,49,25,45410832,mark6six_archive_crosscheck_hkjc,2026-07-15
24/107,2024-09-26,2,4,29,35,38,49,14,50072730,mark6six_archive_crosscheck_hkjc,2026-07-15
24/108 OAN,2024-10-02,8,15,21,32,43,47,41,168741399,mark6six_archive_crosscheck_hkjc,2026-07-15
24/109 ANN,2024-10-08,10,16,24,32,37,40,19,269825272,mark6six_archive_crosscheck_hkjc,2026-07-15
24/110,2024-10-10,10,33,35,40,44,48,6,38678222,mark6six_archive_crosscheck_hkjc,2026-07-15
24/111,2024-10-12,4,8,9,19,20,48,21,42836150,mark6six_archive_crosscheck_hkjc,2026-07-15
24/112,2024-10-15,19,36,37,43,44,49,8,56670107,mark6six_archive_crosscheck_hkjc,2026-07-15
24/113,2024-10-17,11,17,22,26,33,46,35,62186567,mark6six_archive_crosscheck_hkjc,2026-07-15
24/114 TUS,2024-10-22,13,21,28,30,41,49,3,140896033,mark6six_archive_crosscheck_hkjc,2026-07-15
24/115 SMN,2024-10-28,5,6,13,15,36,49,23,228601537,mark6six_archive_crosscheck_hkjc,2026-07-15
24/116,2024-10-31,7,13,16,22,23,31,6,43683034,mark6six_archive_crosscheck_hkjc,2026-07-15
24/117,2024-11-02,14,16,25,40,41,45,27,39191998,mark6six_archive_crosscheck_hkjc,2026-07-15
24/118,2024-11-05,7,11,13,24,27,31,35,49859853,mark6six_archive_crosscheck_hkjc,2026-07-15
24/119,2024-11-07,11,17,33,36,40,44,2,39862458,mark6six_archive_crosscheck_hkjc,2026-07-15
24/120,2024-11-10,3,20,24,27,30,42,17,45920598,mark6six_archive_crosscheck_hkjc,2026-07-15
24/121,2024-11-12,5,13,22,27,45,46,7,37322491,mark6six_archive_crosscheck_hkjc,2026-07-15
24/122,2024-11-14,8,14,20,28,36,39,30,40506608,mark6six_archive_crosscheck_hkjc,2026-07-15
24/123,2024-11-16,1,3,7,19,31,38,23,47025558,mark6six_archive_crosscheck_hkjc,2026-07-15
24/124,2024-11-19,19,32,36,38,39,47,29,57144818,mark6six_archive_crosscheck_hkjc,2026-07-15
24/125,2024-11-21,1,3,6,14,32,34,12,58563862,mark6six_archive_crosscheck_hkjc,2026-07-15
24/126,2024-11-23,1,2,7,14,15,25,35,68386950,mark6six_archive_crosscheck_hkjc,2026-07-15
24/127,2024-11-26,8,11,12,28,29,44,34,84661798,mark6six_archive_crosscheck_hkjc,2026-07-15
24/128,2024-11-28,9,15,26,32,33,44,1,36119100,mark6six_archive_crosscheck_hkjc,2026-07-15
24/129,2024-11-30,10,14,23,24,33,41,38,41439147,mark6six_archive_crosscheck_hkjc,2026-07-15
24/130,2024-12-03,2,13,15,17,22,28,23,52529161,mark6six_archive_crosscheck_hkjc,2026-07-15
24/131,2024-12-05,5,12,27,29,38,40,22,55745011,mark6six_archive_crosscheck_hkjc,2026-07-15
24/132,2024-12-07,1,15,18,33,34,39,22,60265911,mark6six_archive_crosscheck_hkjc,2026-07-15
24/133,2024-12-10,3,18,24,33,43,44,4,77591011,mark6six_archive_crosscheck_hkjc,2026-07-15
24/134,2024-12-12,10,14,16,21,37,49,22,36924849,mark6six_archive_crosscheck_hkjc,2026-07-15
24/135,2024-12-14,1,16,18,36,37,46,38,41841314,mark6six_archive_crosscheck_hkjc,2026-07-15
24/136,2024-12-17,9,11,23,26,30,48,28,53670069,mark6six_archive_crosscheck_hkjc,2026-07-15
24/137,2024-12-19,1,2,3,36,37,41,10,55481497,mark6six_archive_crosscheck_hkjc,2026-07-15
24/138,2024-12-21,14,20,21,22,23,30,18,65209192,mark6six_archive_crosscheck_hkjc,2026-07-15
24/139,2024-12-24,8,11,18,23,25,41,45,92452676,mark6six_archive_crosscheck_hkjc,2026-07-15
24/140,2024-12-28,1,3,5,18,26,35,14,107128037,mark6six_archive_crosscheck_hkjc,2026-07-15
25/001 SBD,2025-01-02,9,23,42,44,45,46,22,241793017,mark6six_archive_crosscheck_hkjc,2026-07-15
25/002,2025-01-07,8,13,18,23,31,47,16,328821743,mark6six_archive_crosscheck_hkjc,2026-07-15
25/003,2025-01-09,1,19,28,33,35,41,11,41152640,mark6six_archive_crosscheck_hkjc,2026-07-15
25/004,2025-01-11,8,15,26,27,30,35,2,46488612,mark6six_archive_crosscheck_hkjc,2026-07-15
25/005,2025-01-14,3,5,11,12,18,48,6,60887170,mark6six_archive_crosscheck_hkjc,2026-07-15
25/006,2025-01-16,1,3,4,19,38,45,39,64108211,mark6six_archive_crosscheck_hkjc,2026-07-15
25/007,2025-01-18,3,4,6,12,18,32,28,70509097,mark6six_archive_crosscheck_hkjc,2026-07-15
25/008,2025-01-21,16,22,33,43,48,49,8,71603316,mark6six_archive_crosscheck_hkjc,2026-07-15
25/009,2025-01-23,3,6,24,25,34,37,45,43343702,mark6six_archive_crosscheck_hkjc,2026-07-15
25/010,2025-01-25,7,14,19,31,36,45,24,51547722,mark6six_archive_crosscheck_hkjc,2026-07-15
25/011 CNY,2025-02-02,14,18,30,36,40,42,1,380697962,mark6six_archive_crosscheck_hkjc,2026-07-15
25/012,2025-02-04,3,13,15,18,19,24,37,42353635,mark6six_archive_crosscheck_hkjc,2026-07-15
25/013,2025-02-06,1,4,18,25,38,45,23,51724315,mark6six_archive_crosscheck_hkjc,2026-07-15
25/014,2025-02-08,1,7,21,27,33,45,17,57728492,mark6six_archive_crosscheck_hkjc,2026-07-15
25/015,2025-02-11,5,15,20,26,30,40,39,70993987,mark6six_archive_crosscheck_hkjc,2026-07-15
25/016,2025-02-13,5,26,29,32,42,45,36,42283057,mark6six_archive_crosscheck_hkjc,2026-07-15
25/017,2025-02-15,1,8,21,25,29,34,4,47753312,mark6six_archive_crosscheck_hkjc,2026-07-15
25/018,2025-02-18,3,7,13,35,37,39,23,59162960,mark6six_archive_crosscheck_hkjc,2026-07-15
25/019,2025-02-20,13,20,22,27,41,44,36,61052432,mark6six_archive_crosscheck_hkjc,2026-07-15
25/020,2025-02-22,14,15,20,27,41,44,33,66984453,mark6six_archive_crosscheck_hkjc,2026-07-15
25/021,2025-02-25,1,2,6,11,40,47,32,85452267,mark6six_archive_crosscheck_hkjc,2026-07-15
25/022,2025-02-27,7,11,15,17,25,28,9,40697855,mark6six_archive_crosscheck_hkjc,2026-07-15
25/023,2025-03-01,4,15,22,25,29,42,1,47315035,mark6six_archive_crosscheck_hkjc,2026-07-15
25/024,2025-03-04,1,9,14,38,42,43,23,58733392,mark6six_archive_crosscheck_hkjc,2026-07-15
25/025,2025-03-06,4,11,19,20,30,39,45,59544177,mark6six_archive_crosscheck_hkjc,2026-07-15
25/026,2025-03-08,19,25,26,29,32,39,4,65624522,mark6six_archive_crosscheck_hkjc,2026-07-15
25/027,2025-03-11,1,4,9,14,21,37,45,85580382,mark6six_archive_crosscheck_hkjc,2026-07-15
25/028,2025-03-13,4,16,19,21,26,29,13,95434162,mark6six_archive_crosscheck_hkjc,2026-07-15
25/029,2025-03-16,29,30,36,41,48,49,14,130729742,mark6six_archive_crosscheck_hkjc,2026-07-15
25/030,2025-03-18,6,8,24,26,29,45,39,40359983,mark6six_archive_crosscheck_hkjc,2026-07-15
25/031,2025-03-20,16,20,21,24,39,43,34,43808218,mark6six_archive_crosscheck_hkjc,2026-07-15
25/032,2025-03-22,12,23,24,27,36,46,43,49630505,mark6six_archive_crosscheck_hkjc,2026-07-15
25/033,2025-03-25,8,11,17,36,43,48,25,53861448,mark6six_archive_crosscheck_hkjc,2026-07-15
25/034,2025-03-27,10,19,35,44,47,49,15,55787536,mark6six_archive_crosscheck_hkjc,2026-07-15
25/035,2025-03-29,3,5,12,13,45,47,46,36880173,mark6six_archive_crosscheck_hkjc,2026-07-15
25/036,2025-04-01,6,14,17,30,35,42,49,48279928,mark6six_archive_crosscheck_hkjc,2026-07-15
25/037,2025-04-03,2,4,7,29,32,40,44,51300798,mark6six_archive_crosscheck_hkjc,2026-07-15
25/038,2025-04-05,7,11,22,26,39,44,8,53806580,mark6six_archive_crosscheck_hkjc,2026-07-15
25/039,2025-04-08,11,17,20,27,36,48,21,41516518,mark6six_archive_crosscheck_hkjc,2026-07-15
25/040,2025-04-10,11,22,23,26,32,35,2,44872418,mark6six_archive_crosscheck_hkjc,2026-07-15
25/041,2025-04-12,19,21,34,36,47,49,14,46569726,mark6six_archive_crosscheck_hkjc,2026-07-15
25/042,2025-04-15,10,20,21,22,23,42,49,40599438,mark6six_archive_crosscheck_hkjc,2026-07-15
25/043 EAS,2025-04-19,1,11,24,37,45,49,22,124952608,mark6six_archive_crosscheck_hkjc,2026-07-15
25/044,2025-04-22,3,7,11,20,23,27,29,38477470,mark6six_archive_crosscheck_hkjc,2026-07-15
25/045,2025-04-24,12,16,21,35,44,48,32,44023948,mark6six_archive_crosscheck_hkjc,2026-07-15
25/046,2025-04-26,11,15,18,21,29,40,8,47765614,mark6six_archive_crosscheck_hkjc,2026-07-15
25/047,2025-04-29,20,21,24,30,32,38,47,57992137,mark6six_archive_crosscheck_hkjc,2026-07-15
25/048,2025-05-01,4,7,21,32,41,47,28,65980478,mark6six_archive_crosscheck_hkjc,2026-07-15
25/049,2025-05-03,18,20,30,35,47,49,44,35458033,mark6six_archive_crosscheck_hkjc,2026-07-15
25/050,2025-05-06,12,15,25,26,29,41,42,47173705,mark6six_archive_crosscheck_hkjc,2026-07-15
25/051,2025-05-08,6,11,17,22,27,43,24,45674138,mark6six_archive_crosscheck_hkjc,2026-07-15
25/052,2025-05-11,19,26,28,29,46,49,32,41219606,mark6six_archive_crosscheck_hkjc,2026-07-15
25/053,2025-05-13,13,26,27,41,45,49,46,43101551,mark6six_archive_crosscheck_hkjc,2026-07-15
25/054,2025-05-15,6,12,29,32,34,46,16,42944184,mark6six_archive_crosscheck_hkjc,2026-07-15
25/055,2025-05-17,12,22,27,29,32,34,9,44203057,mark6six_archive_crosscheck_hkjc,2026-07-15
25/056,2025-05-20,10,15,28,31,34,40,48,56058899,mark6six_archive_crosscheck_hkjc,2026-07-15
25/057,2025-05-22,4,11,26,29,34,35,18,55888551,mark6six_archive_crosscheck_hkjc,2026-07-15
25/058,2025-05-24,6,14,15,19,45,47,17,61862642,mark6six_archive_crosscheck_hkjc,2026-07-15
25/059 DBF,2025-05-29,5,6,16,21,24,35,33,159379031,mark6six_archive_crosscheck_hkjc,2026-07-15
25/060,2025-06-01,12,16,28,29,38,47,26,39463091,mark6six_archive_crosscheck_hkjc,2026-07-15
25/061,2025-06-03,1,2,13,15,41,46,27,38810229,mark6six_archive_crosscheck_hkjc,2026-07-15
25/062,2025-06-05,18,22,24,33,39,44,3,40409117,mark6six_archive_crosscheck_hkjc,2026-07-15
25/063,2025-06-07,9,15,27,30,34,39,19,43565282,mark6six_archive_crosscheck_hkjc,2026-07-15
25/064,2025-06-10,9,13,35,40,45,46,26,40913202,mark6six_archive_crosscheck_hkjc,2026-07-15
25/065,2025-06-12,6,25,32,36,39,45,13,45513439,mark6six_archive_crosscheck_hkjc,2026-07-15
25/066 TUS,2025-06-17,5,19,30,40,44,45,26,129687177,mark6six_archive_crosscheck_hkjc,2026-07-15
25/067,2025-06-19,7,12,13,18,34,35,6,36692712,mark6six_archive_crosscheck_hkjc,2026-07-15
25/068,2025-06-21,2,4,19,27,31,39,13,36523197,mark6six_archive_crosscheck_hkjc,2026-07-15
25/069,2025-06-24,3,21,28,33,45,49,29,40045397,mark6six_archive_crosscheck_hkjc,2026-07-15
25/070,2025-06-26,9,11,23,24,29,49,30,38154646,mark6six_archive_crosscheck_hkjc,2026-07-15
25/071,2025-06-29,19,29,32,34,42,46,20,45448340,mark6six_archive_crosscheck_hkjc,2026-07-15
25/072,2025-07-03,7,17,24,35,37,45,30,62274915,mark6six_archive_crosscheck_hkjc,2026-07-15
25/073,2025-07-06,5,9,22,33,46,47,36,61971325,mark6six_archive_crosscheck_hkjc,2026-07-15
25/074,2025-07-08,13,16,17,22,23,35,41,66420101,mark6six_archive_crosscheck_hkjc,2026-07-15
25/075,2025-07-10,6,13,23,25,32,39,34,75434727,mark6six_archive_crosscheck_hkjc,2026-07-15
25/076,2025-07-12,5,17,20,24,27,35,38,36008395,mark6six_archive_crosscheck_hkjc,2026-07-15
25/077,2025-07-15,9,12,23,30,31,44,5,48954023,mark6six_archive_crosscheck_hkjc,2026-07-15
25/078,2025-07-17,12,19,31,37,42,45,15,37366707,mark6six_archive_crosscheck_hkjc,2026-07-15
25/079,2025-07-19,6,25,29,40,48,49,42,40058182,mark6six_archive_crosscheck_hkjc,2026-07-15
25/080,2025-07-21,17,20,28,31,35,48,32,29119529,mark6six_archive_crosscheck_hkjc,2026-07-15
25/081 SMR,2025-07-26,19,22,25,32,33,45,36,135181179,mark6six_archive_crosscheck_hkjc,2026-07-15
25/082,2025-07-29,9,11,17,28,35,43,42,37572719,mark6six_archive_crosscheck_hkjc,2026-07-15
25/083,2025-07-31,10,21,23,27,35,47,39,42043947,mark6six_archive_crosscheck_hkjc,2026-07-15
25/084,2025-08-02,10,14,18,21,34,44,24,35167166,mark6six_archive_crosscheck_hkjc,2026-07-15
25/085,2025-08-07,3,7,25,29,37,39,8,60924937,mark6six_archive_crosscheck_hkjc,2026-07-15
25/086,2025-08-09,25,36,44,45,48,49,13,52715562,mark6six_archive_crosscheck_hkjc,2026-07-15
25/087,2025-08-12,8,16,18,28,29,32,20,50935937,mark6six_archive_crosscheck_hkjc,2026-07-15
25/088,2025-08-14,1,13,25,27,31,34,33,35353084,mark6six_archive_crosscheck_hkjc,2026-07-15
25/089,2025-08-16,4,10,15,20,32,38,26,41731846,mark6six_archive_crosscheck_hkjc,2026-07-15
25/090,2025-08-19,28,32,34,37,45,49,7,50584316,mark6six_archive_crosscheck_hkjc,2026-07-15
25/091,2025-08-21,6,8,10,23,32,45,3,37044040,mark6six_archive_crosscheck_hkjc,2026-07-15
25/092,2025-08-23,17,22,26,36,39,45,14,36416094,mark6six_archive_crosscheck_hkjc,2026-07-15
25/093,2025-08-26,2,3,16,25,38,48,6,47651847,mark6six_archive_crosscheck_hkjc,2026-07-15
25/094,2025-08-28,5,36,39,44,48,49,32,51295514,mark6six_archive_crosscheck_hkjc,2026-07-15
25/095,2025-08-30,6,18,31,33,44,49,2,57755971,mark6six_archive_crosscheck_hkjc,2026-07-15
25/096,2025-09-02,5,18,23,24,29,49,11,76055719,mark6six_archive_crosscheck_hkjc,2026-07-15
25/097 SAS,2025-09-06,6,19,22,23,34,43,11,165747171,mark6six_archive_crosscheck_hkjc,2026-07-15
25/098,2025-09-09,7,15,32,40,42,44,9,96617126,mark6six_archive_crosscheck_hkjc,2026-07-15
25/099,2025-09-11,11,21,22,25,32,44,38,107755266,mark6six_archive_crosscheck_hkjc,2026-07-15
25/100,2025-09-13,15,21,23,37,47,49,30,38153748,mark6six_archive_crosscheck_hkjc,2026-07-15
25/101,2025-09-16,14,21,22,28,32,33,25,50682812,mark6six_archive_crosscheck_hkjc,2026-07-15
25/102,2025-09-18,22,33,35,36,37,48,30,40624421,mark6six_archive_crosscheck_hkjc,2026-07-15
25/103,2025-09-20,8,13,17,24,36,43,41,38954741,mark6six_archive_crosscheck_hkjc,2026-07-15
25/104,2025-09-25,2,11,22,27,46,47,32,53543118,mark6six_archive_crosscheck_hkjc,2026-07-15
25/105,2025-09-27,8,14,16,18,26,48,44,54672007,mark6six_archive_crosscheck_hkjc,2026-07-15
25/106,2025-09-30,13,21,33,41,44,46,43,53972020,mark6six_archive_crosscheck_hkjc,2026-07-15
25/107 MAF,2025-10-06,15,17,19,23,24,34,33,207006912,mark6six_archive_crosscheck_hkjc,2026-07-15
25/108,2025-10-09,1,3,24,31,39,45,7,42293980,mark6six_archive_crosscheck_hkjc,2026-07-15
25/109,2025-10-11,5,6,18,19,30,39,7,43347710,mark6six_archive_crosscheck_hkjc,2026-07-15
25/110,2025-10-14,3,15,17,24,32,44,20,41135710,mark6six_archive_crosscheck_hkjc,2026-07-15
25/111,2025-10-16,2,11,32,40,43,48,12,44664515,multi_source_marksix_crosscheck,2026-07-17
25/112,2025-10-18,5,13,17,18,31,44,2,46775382,multi_source_marksix_crosscheck,2026-07-17
25/113,2025-10-21,1,8,9,11,18,32,13,60435713,multi_source_marksix_crosscheck,2026-07-17
25/114,2025-10-23,4,19,24,25,26,46,39,64829335,multi_source_marksix_crosscheck,2026-07-17
25/115,2025-10-25,6,7,27,36,39,43,1,75643571,multi_source_marksix_crosscheck,2026-07-17
25/116,2025-10-28,4,7,15,21,45,46,24,96795900,multi_source_marksix_crosscheck,2026-07-17
25/117 THS,2025-11-04,19,20,26,28,39,44,4,159489015,multi_source_marksix_crosscheck,2026-07-17
25/118,2025-11-06,10,17,22,33,40,41,31,37899615,multi_source_marksix_crosscheck,2026-07-17
25/119,2025-11-08,7,9,16,17,33,46,49,42651870,multi_source_marksix_crosscheck,2026-07-17
25/120,2025-11-11,18,20,28,37,38,40,41,55697060,multi_source_marksix_crosscheck,2026-07-17
25/121,2025-11-13,10,11,28,30,37,39,15,58624243,multi_source_marksix_crosscheck,2026-07-17
25/122,2025-11-16,2,11,13,28,38,47,7,73621562,multi_source_marksix_crosscheck,2026-07-17
25/123,2025-11-18,2,4,10,26,28,36,23,79703117,multi_source_marksix_crosscheck,2026-07-17
25/124,2025-11-20,19,26,33,35,36,39,5,91244931,multi_source_marksix_crosscheck,2026-07-17
25/125,2025-11-25,1,2,17,35,37,48,8,156858434,multi_source_marksix_crosscheck,2026-07-17
25/126,2025-12-02,6,18,29,34,37,38,39,194767307,multi_source_marksix_crosscheck,2026-07-17
25/127,2025-12-06,4,6,26,28,34,40,25,262971650,multi_source_marksix_crosscheck,2026-07-17
25/128,2025-12-11,1,5,6,25,30,42,43,185287642,multi_source_marksix_crosscheck,2026-07-17
25/129,2025-12-13,10,17,19,28,45,49,1,41753807,multi_source_marksix_crosscheck,2026-07-17
25/130,2025-12-16,3,12,23,28,35,38,24,46882264,multi_source_marksix_crosscheck,2026-07-17
25/131,2025-12-18,6,23,28,31,33,34,11,42180262,multi_source_marksix_crosscheck,2026-07-17
25/132,2025-12-21,9,17,27,34,39,47,46,55452647,multi_source_marksix_crosscheck,2026-07-17
25/133,2025-12-25,1,2,4,30,41,43,13,74326662,multi_source_marksix_crosscheck,2026-07-17
25/134,2025-12-28,7,10,11,19,25,30,45,70940715,multi_source_marksix_crosscheck,2026-07-17
26/001 SBD,2026-01-03,2,10,13,16,20,21,14,248509427,multi_source_marksix_crosscheck,2026-07-17
26/002,2026-01-06,2,8,12,19,28,36,1,43413858,multi_source_marksix_crosscheck,2026-07-17
26/003,2026-01-08,15,21,24,40,45,46,13,47327267,multi_source_marksix_crosscheck,2026-07-17
26/004,2026-01-10,3,16,20,22,24,37,42,38972058,multi_source_marksix_crosscheck,2026-07-17
26/005,2026-01-13,14,24,34,38,48,49,27,53797300,multi_source_marksix_crosscheck,2026-07-17
26/006,2026-01-15,3,6,37,38,39,44,48,57457548,multi_source_marksix_crosscheck,2026-07-17
26/007,2026-01-17,5,12,15,23,27,42,46,67569840,multi_source_marksix_crosscheck,2026-07-17
26/008,2026-01-20,1,4,6,9,44,46,27,84630978,multi_source_marksix_crosscheck,2026-07-17
26/009,2026-01-22,4,9,15,24,27,31,45,39744053,multi_source_marksix_crosscheck,2026-07-17
26/010,2026-01-24,6,16,17,22,28,48,45,46240143,multi_source_marksix_crosscheck,2026-07-17
26/011,2026-01-27,7,12,14,25,38,47,15,57499361,multi_source_marksix_crosscheck,2026-07-17
26/012,2026-01-29,6,9,12,14,35,44,11,62445438,multi_source_marksix_crosscheck,2026-07-17
26/013,2026-01-31,25,30,32,35,36,47,46,70104398,multi_source_marksix_crosscheck,2026-07-17
26/014,2026-02-03,12,23,27,37,39,42,5,91368676,multi_source_marksix_crosscheck,2026-07-17
26/015,2026-02-05,1,9,17,24,35,36,42,41559103,multi_source_marksix_crosscheck,2026-07-17
26/016,2026-02-07,12,22,28,32,37,44,20,49215360,multi_source_marksix_crosscheck,2026-07-17
26/017,2026-02-10,3,4,14,18,26,39,40,61090133,multi_source_marksix_crosscheck,2026-07-17
26/018,2026-02-12,2,3,14,25,37,46,10,42288156,multi_source_marksix_crosscheck,2026-07-17
26/019,2026-02-15,8,28,33,36,37,46,4,62409046,multi_source_marksix_crosscheck,2026-07-17
26/020 CNY,2026-02-21,2,18,34,35,37,49,33,402289808,multi_source_marksix_crosscheck,2026-07-17
26/021,2026-02-24,2,3,4,10,13,23,12,45827149,multi_source_marksix_crosscheck,2026-07-17
26/022,2026-02-26,6,13,15,19,38,42,34,43978743,multi_source_marksix_crosscheck,2026-07-17
26/023,2026-02-28,5,15,37,39,46,47,29,47716905,multi_source_marksix_crosscheck,2026-07-17
26/024,2026-03-03,6,13,20,31,32,44,45,61238800,multi_source_marksix_crosscheck,2026-07-17
26/025,2026-03-05,4,18,24,31,42,46,11,62495570,multi_source_marksix_crosscheck,2026-07-17
26/026,2026-03-07,12,15,18,22,28,37,31,70825278,multi_source_marksix_crosscheck,2026-07-17
26/027,2026-03-10,2,16,25,34,35,37,49,45944653,multi_source_marksix_crosscheck,2026-07-17
26/028,2026-03-12,7,13,14,16,26,30,34,49884433,multi_source_marksix_crosscheck,2026-07-17
26/029 TUS,2026-03-17,16,18,22,28,45,49,13,165712913,multi_source_marksix_crosscheck,2026-07-17
26/030,2026-03-19,2,6,8,33,41,45,48,40936853,multi_source_marksix_crosscheck,2026-07-17
26/031,2026-03-21,5,9,11,18,23,47,24,46616785,multi_source_marksix_crosscheck,2026-07-17
26/032,2026-03-24,6,9,22,26,44,49,7,43509737,multi_source_marksix_crosscheck,2026-07-17
26/033,2026-03-26,12,17,23,27,28,37,3,41869053,multi_source_marksix_crosscheck,2026-07-17
26/034,2026-03-28,11,21,26,27,42,45,19,38919498,multi_source_marksix_crosscheck,2026-07-17
26/035,2026-03-31,9,18,19,20,28,32,44,51751288,multi_source_marksix_crosscheck,2026-07-17
26/036 EAS,2026-04-04,20,28,32,35,40,45,43,154451878,multi_source_marksix_crosscheck,2026-07-17
26/037,2026-04-07,8,23,25,29,33,34,49,39292383,multi_source_marksix_crosscheck,2026-07-17
26/038,2026-04-09,13,16,24,43,44,45,40,47039623,multi_source_marksix_crosscheck,2026-07-17
26/039,2026-04-11,11,14,17,28,40,42,2,56075392,multi_source_marksix_crosscheck,2026-07-17
26/040,2026-04-14,8,19,22,33,44,46,18,55707939,multi_source_marksix_crosscheck,2026-07-17
26/041,2026-04-16,6,12,14,28,44,46,15,58343313,multi_source_marksix_crosscheck,2026-07-17
26/042,2026-04-18,17,20,27,32,39,46,34,37941796,multi_source_marksix_crosscheck,2026-07-17
26/043,2026-04-21,2,4,10,11,26,44,40,50521290,multi_source_marksix_crosscheck,2026-07-17
26/044,2026-04-23,12,23,37,38,45,48,8,55873008,multi_source_marksix_crosscheck,2026-07-17
26/045,2026-04-25,4,16,21,36,42,46,9,63117312,multi_source_marksix_crosscheck,2026-07-17
26/046,2026-05-02,2,3,8,28,30,48,9,414488083,multi_source_marksix_crosscheck,2026-07-17
26/047,2026-05-05,2,7,8,10,18,47,4,44153349,multi_source_marksix_crosscheck,2026-07-17
26/048,2026-05-07,6,14,20,23,28,34,49,48966568,multi_source_marksix_crosscheck,2026-07-17
26/049,2026-05-10,9,17,26,41,42,47,8,65706423,multi_source_marksix_crosscheck,2026-07-17
26/050,2026-05-12,4,16,19,22,25,47,40,65569303,multi_source_marksix_crosscheck,2026-07-17
26/051,2026-05-14,23,27,30,34,45,47,28,55581889,multi_source_marksix_crosscheck,2026-07-17
26/052,2026-05-16,11,25,28,36,41,43,22,64355498,multi_source_marksix_crosscheck,2026-07-17
26/053,2026-05-19,1,2,4,20,21,27,19,77829918,multi_source_marksix_crosscheck,2026-07-17
26/054,2026-05-21,5,7,13,15,27,31,16,40239709,multi_source_marksix_crosscheck,2026-07-17
26/055,2026-05-23,2,7,20,42,47,49,8,46249900,multi_source_marksix_crosscheck,2026-07-17
26/056,2026-05-26,10,11,18,32,34,47,33,54260066,multi_source_marksix_crosscheck,2026-07-17
26/057,2026-05-28,7,13,25,35,40,43,47,58148162,multi_source_marksix_crosscheck,2026-07-17
26/058,2026-05-30,1,12,21,39,40,41,42,39140852,multi_source_marksix_crosscheck,2026-07-17
26/059,2026-06-02,9,14,16,35,37,45,20,49956597,multi_source_marksix_crosscheck,2026-07-17
26/060,2026-06-04,4,7,15,37,43,47,44,45673157,multi_source_marksix_crosscheck,2026-07-17
26/061,2026-06-06,5,12,19,20,34,36,46,38676883,multi_source_marksix_crosscheck,2026-07-17
26/062,2026-06-09,8,11,14,26,33,40,30,48605382,multi_source_marksix_crosscheck,2026-07-17
26/063,2026-06-11,3,6,9,10,28,29,27,39309476,multi_source_marksix_crosscheck,2026-07-17
26/064,2026-06-14,10,12,17,29,32,35,1,41506827,multi_source_marksix_crosscheck,2026-07-17
26/065,2026-06-18,6,20,26,31,34,47,24,147419944,multi_source_marksix_crosscheck,2026-07-17
26/066,2026-06-20,5,7,10,15,16,41,46,36216096,multi_source_marksix_crosscheck,2026-07-17
26/067,2026-06-23,2,15,25,34,39,41,10,49927739,multi_source_marksix_crosscheck,2026-07-17
26/068,2026-06-25,12,16,19,20,28,30,29,56125004,multi_source_marksix_crosscheck,2026-07-17
26/069,2026-06-28,5,7,26,32,37,40,35,68429565,multi_source_marksix_crosscheck,2026-07-17
26/070,2026-06-30,12,14,17,18,22,40,13,72532134,multi_source_marksix_crosscheck,2026-07-17
26/071,2026-07-02,5,17,26,31,34,46,43,37807429,multi_source_marksix_crosscheck,2026-07-17
26/072,2026-07-05,3,14,19,20,31,38,44,48125682,multi_source_marksix_crosscheck,2026-07-17
26/073,2026-07-07,5,34,37,43,48,49,27,39025043,multi_source_marksix_crosscheck,2026-07-17
26/074,2026-07-09,1,7,18,21,33,38,28,40131487,multi_source_marksix_crosscheck,2026-07-17
26/075,2026-07-11,2,5,7,11,41,46,43,36820025,multi_source_marksix_crosscheck,2026-07-17
26/076,2026-07-14,10,16,19,27,31,44,17,40839244,multi_source_marksix_crosscheck,2026-07-17
26/077,2026-07-16,18,21,26,30,32,44,27,38183508,multi_source_marksix_crosscheck,2026-07-17
